ISO-10303-21;
HEADER;
FILE_DESCRIPTION(('CATIA V5 STEP Exchange'),'2;1');

FILE_NAME('C:\\Users\\Flug\\Disk Google\\3D modely\\RC d\X2\00ED\X0\ly\\Panty\\MP JET\\Pant MP JET velky.stp','2015-07-12T18:05:31+00:00',('none'),('none'),'CATIA Version 5 Release 21 SP 3 (IN-10)','CATIA V5 STEP AP203','none');

FILE_SCHEMA(('CONFIG_CONTROL_DESIGN'));

ENDSEC;
DATA;
#5=PRODUCT('Pant MP JET velky','','',(#2)) ;
#1=APPLICATION_CONTEXT('configuration controlled 3D design of mechanical parts and assemblies') ;
#14=PRODUCT_DEFINITION('',' ',#6,#3) ;
#16=SECURITY_CLASSIFICATION(' ',' ',#15) ;
#15=SECURITY_CLASSIFICATION_LEVEL('unclassified') ;
#47=CARTESIAN_POINT(' ',(0.,0.,0.)) ;
#52=CARTESIAN_POINT('Axis2P3D Location',(4.19941119385,-5.5,-0.7)) ;
#57=CARTESIAN_POINT('Axis2P3D Location',(5.24941119385,-5.5,-0.7)) ;
#61=CARTESIAN_POINT('Vertex',(5.24941119385,-5.5,-0.75)) ;
#63=CARTESIAN_POINT('Vertex',(5.19941119385,-5.5,-0.7)) ;
#66=CARTESIAN_POINT('Axis2P3D Location',(4.19941119385,-5.5,-0.7)) ;
#70=CARTESIAN_POINT('Vertex',(3.19941119385,-5.5,-0.7)) ;
#73=CARTESIAN_POINT('Axis2P3D Location',(3.14941119385,-5.5,-0.7)) ;
#77=CARTESIAN_POINT('Vertex',(3.14941119385,-5.5,-0.75)) ;
#80=CARTESIAN_POINT('Axis2P3D Location',(4.19941119385,-5.5,-0.75)) ;
#92=CARTESIAN_POINT('Axis2P3D Location',(4.19941119385,-5.5,-0.7)) ;
#97=CARTESIAN_POINT('Axis2P3D Location',(4.19941119385,-5.5,-0.7)) ;
#102=CARTESIAN_POINT('Axis2P3D Location',(4.19941119385,-5.5,-0.75)) ;
#114=CARTESIAN_POINT('Axis2P3D Location',(-7.108,0.,-0.75)) ;
#119=CARTESIAN_POINT('Line Origine',(1.33682129318,-4.05,-0.75)) ;
#123=CARTESIAN_POINT('Vertex',(1.64941119385,-4.05,-0.75)) ;
#125=CARTESIAN_POINT('Vertex',(1.02423139251,-4.05,-0.75)) ;
#128=CARTESIAN_POINT('Axis2P3D Location',(1.64941119385,-3.95,-0.75)) ;
#132=CARTESIAN_POINT('Vertex',(1.74941119385,-3.95,-0.75)) ;
#135=CARTESIAN_POINT('Line Origine',(1.74941119385,-2.,-0.75)) ;
#139=CARTESIAN_POINT('Vertex',(1.74941119385,-0.05,-0.75)) ;
#142=CARTESIAN_POINT('Axis2P3D Location',(1.64941119385,-0.05,-0.75)) ;
#146=CARTESIAN_POINT('Vertex',(1.64941119385,0.05,-0.75)) ;
#149=CARTESIAN_POINT('Line Origine',(1.33682129318,0.05,-0.75)) ;
#153=CARTESIAN_POINT('Vertex',(1.02423139251,0.05,-0.75)) ;
#156=CARTESIAN_POINT('Line Origine',(1.02423139251,2.,-0.75)) ;
#160=CARTESIAN_POINT('Vertex',(1.02423139251,3.95,-0.75)) ;
#163=CARTESIAN_POINT('Line Origine',(1.33682129318,3.95,-0.75)) ;
#167=CARTESIAN_POINT('Vertex',(1.64941119385,3.95,-0.75)) ;
#170=CARTESIAN_POINT('Axis2P3D Location',(1.64941119385,4.05,-0.75)) ;
#174=CARTESIAN_POINT('Vertex',(1.74941119385,4.05,-0.75)) ;
#177=CARTESIAN_POINT('Line Origine',(1.74941119385,5.725,-0.75)) ;
#181=CARTESIAN_POINT('Vertex',(1.74941119385,7.4,-0.75)) ;
#184=CARTESIAN_POINT('Line Origine',(7.97441119385,7.4,-0.75)) ;
#188=CARTESIAN_POINT('Vertex',(14.1994111938,7.4,-0.75)) ;
#191=CARTESIAN_POINT('Axis2P3D Location',(14.1994111938,6.5,-0.75)) ;
#195=CARTESIAN_POINT('Vertex',(15.0994111938,6.5,-0.75)) ;
#198=CARTESIAN_POINT('Line Origine',(15.0994111938,-8.881784197E-016,-0.75)) ;
#202=CARTESIAN_POINT('Vertex',(15.0994111938,-6.5,-0.75)) ;
#205=CARTESIAN_POINT('Axis2P3D Location',(14.1994111938,-6.5,-0.75)) ;
#209=CARTESIAN_POINT('Vertex',(14.1994111938,-7.4,-0.75)) ;
#212=CARTESIAN_POINT('Line Origine',(7.61182129318,-7.4,-0.75)) ;
#216=CARTESIAN_POINT('Vertex',(1.02423138542,-7.4,-0.75)) ;
#219=CARTESIAN_POINT('Line Origine',(1.02423139251,-5.725,-0.75)) ;
#245=CARTESIAN_POINT('Axis2P3D Location',(8.69941119385,-5.5,-0.75)) ;
#249=CARTESIAN_POINT('Vertex',(7.64941119385,-5.5,-0.75)) ;
#251=CARTESIAN_POINT('Vertex',(9.74941119385,-5.5,-0.75)) ;
#254=CARTESIAN_POINT('Axis2P3D Location',(8.69941119385,-5.5,-0.75)) ;
#263=CARTESIAN_POINT('Axis2P3D Location',(13.1994111938,-5.5,-0.75)) ;
#267=CARTESIAN_POINT('Vertex',(14.2494111938,-5.5,-0.75)) ;
#269=CARTESIAN_POINT('Vertex',(12.1494111938,-5.5,-0.75)) ;
#272=CARTESIAN_POINT('Axis2P3D Location',(13.1994111938,-5.5,-0.75)) ;
#281=CARTESIAN_POINT('Axis2P3D Location',(13.1994111938,5.5,-0.75)) ;
#285=CARTESIAN_POINT('Vertex',(12.1494111938,5.5,-0.75)) ;
#287=CARTESIAN_POINT('Vertex',(14.2494111938,5.5,-0.75)) ;
#290=CARTESIAN_POINT('Axis2P3D Location',(13.1994111938,5.5,-0.75)) ;
#299=CARTESIAN_POINT('Axis2P3D Location',(8.69941119385,5.5,-0.75)) ;
#303=CARTESIAN_POINT('Vertex',(7.64941119385,5.5,-0.75)) ;
#305=CARTESIAN_POINT('Vertex',(9.74941119385,5.5,-0.75)) ;
#308=CARTESIAN_POINT('Axis2P3D Location',(8.69941119385,5.5,-0.75)) ;
#317=CARTESIAN_POINT('Axis2P3D Location',(4.19941119385,5.5,-0.75)) ;
#321=CARTESIAN_POINT('Vertex',(3.14941119385,5.5,-0.75)) ;
#323=CARTESIAN_POINT('Vertex',(5.24941119385,5.5,-0.75)) ;
#326=CARTESIAN_POINT('Axis2P3D Location',(4.19941119385,5.5,-0.75)) ;
#336=CARTESIAN_POINT('Axis2P3D Location',(4.19941119385,-5.5,-0.25)) ;
#341=CARTESIAN_POINT('Line Origine',(5.19941119385,-5.5,-0.25)) ;
#345=CARTESIAN_POINT('Vertex',(5.19941119385,-5.5,0.7)) ;
#348=CARTESIAN_POINT('Axis2P3D Location',(4.19941119385,-5.5,0.7)) ;
#352=CARTESIAN_POINT('Vertex',(3.19941119385,-5.5,0.7)) ;
#355=CARTESIAN_POINT('Line Origine',(3.19941119385,-5.5,-0.25)) ;
#367=CARTESIAN_POINT('Axis2P3D Location',(4.19941119385,-5.5,0.7)) ;
#379=CARTESIAN_POINT('Axis2P3D Location',(8.69941119385,-5.5,-0.7)) ;
#384=CARTESIAN_POINT('Axis2P3D Location',(9.74941119385,-5.5,-0.7)) ;
#388=CARTESIAN_POINT('Vertex',(9.69941119385,-5.5,-0.7)) ;
#391=CARTESIAN_POINT('Axis2P3D Location',(8.69941119385,-5.5,-0.7)) ;
#395=CARTESIAN_POINT('Vertex',(7.69941119385,-5.5,-0.7)) ;
#398=CARTESIAN_POINT('Axis2P3D Location',(7.64941119385,-5.5,-0.7)) ;
#410=CARTESIAN_POINT('Axis2P3D Location',(8.69941119385,-5.5,-0.7)) ;
#415=CARTESIAN_POINT('Axis2P3D Location',(8.69941119385,-5.5,-0.7)) ;
#427=CARTESIAN_POINT('Axis2P3D Location',(8.69941119385,-5.5,-0.25)) ;
#432=CARTESIAN_POINT('Line Origine',(9.69941119385,-5.5,-0.25)) ;
#436=CARTESIAN_POINT('Vertex',(9.69941119385,-5.5,0.7)) ;
#439=CARTESIAN_POINT('Axis2P3D Location',(8.69941119385,-5.5,0.7)) ;
#443=CARTESIAN_POINT('Vertex',(7.69941119385,-5.5,0.7)) ;
#446=CARTESIAN_POINT('Line Origine',(7.69941119385,-5.5,-0.25)) ;
#458=CARTESIAN_POINT('Axis2P3D Location',(8.69941119385,-5.5,0.7)) ;
#470=CARTESIAN_POINT('Axis2P3D Location',(13.1994111938,-5.5,-0.7)) ;
#475=CARTESIAN_POINT('Axis2P3D Location',(12.1494111938,-5.5,-0.7)) ;
#479=CARTESIAN_POINT('Vertex',(12.1994111938,-5.5,-0.7)) ;
#482=CARTESIAN_POINT('Axis2P3D Location',(13.1994111938,-5.5,-0.7)) ;
#486=CARTESIAN_POINT('Vertex',(14.1994111938,-5.5,-0.7)) ;
#489=CARTESIAN_POINT('Axis2P3D Location',(14.2494111938,-5.5,-0.7)) ;
#501=CARTESIAN_POINT('Axis2P3D Location',(13.1994111938,-5.5,-0.7)) ;
#506=CARTESIAN_POINT('Axis2P3D Location',(13.1994111938,-5.5,-0.7)) ;
#518=CARTESIAN_POINT('Axis2P3D Location',(13.1994111938,-5.5,-0.25)) ;
#523=CARTESIAN_POINT('Line Origine',(14.1994111938,-5.5,-0.25)) ;
#527=CARTESIAN_POINT('Vertex',(14.1994111938,-5.5,0.7)) ;
#530=CARTESIAN_POINT('Axis2P3D Location',(13.1994111938,-5.5,0.7)) ;
#534=CARTESIAN_POINT('Vertex',(12.1994111938,-5.5,0.7)) ;
#537=CARTESIAN_POINT('Line Origine',(12.1994111938,-5.5,-0.25)) ;
#549=CARTESIAN_POINT('Axis2P3D Location',(13.1994111938,-5.5,0.7)) ;
#561=CARTESIAN_POINT('Axis2P3D Location',(13.1994111938,5.5,-0.7)) ;
#566=CARTESIAN_POINT('Axis2P3D Location',(14.2494111938,5.5,-0.7)) ;
#570=CARTESIAN_POINT('Vertex',(14.1994111938,5.5,-0.7)) ;
#573=CARTESIAN_POINT('Axis2P3D Location',(13.1994111938,5.5,-0.7)) ;
#577=CARTESIAN_POINT('Vertex',(12.1994111938,5.5,-0.7)) ;
#580=CARTESIAN_POINT('Axis2P3D Location',(12.1494111938,5.5,-0.7)) ;
#592=CARTESIAN_POINT('Axis2P3D Location',(13.1994111938,5.5,-0.7)) ;
#597=CARTESIAN_POINT('Axis2P3D Location',(13.1994111938,5.5,-0.7)) ;
#609=CARTESIAN_POINT('Axis2P3D Location',(13.1994111938,5.5,-0.25)) ;
#614=CARTESIAN_POINT('Line Origine',(14.1994111938,5.5,-0.25)) ;
#618=CARTESIAN_POINT('Vertex',(14.1994111938,5.5,0.7)) ;
#621=CARTESIAN_POINT('Axis2P3D Location',(13.1994111938,5.5,0.7)) ;
#625=CARTESIAN_POINT('Vertex',(12.1994111938,5.5,0.7)) ;
#628=CARTESIAN_POINT('Line Origine',(12.1994111938,5.5,-0.25)) ;
#640=CARTESIAN_POINT('Axis2P3D Location',(13.1994111938,5.5,0.7)) ;
#652=CARTESIAN_POINT('Axis2P3D Location',(8.69941119385,5.5,-0.7)) ;
#657=CARTESIAN_POINT('Axis2P3D Location',(9.74941119385,5.5,-0.7)) ;
#661=CARTESIAN_POINT('Vertex',(9.69941119385,5.5,-0.7)) ;
#664=CARTESIAN_POINT('Axis2P3D Location',(8.69941119385,5.5,-0.7)) ;
#668=CARTESIAN_POINT('Vertex',(7.69941119385,5.5,-0.7)) ;
#671=CARTESIAN_POINT('Axis2P3D Location',(7.64941119385,5.5,-0.7)) ;
#683=CARTESIAN_POINT('Axis2P3D Location',(8.69941119385,5.5,-0.7)) ;
#688=CARTESIAN_POINT('Axis2P3D Location',(8.69941119385,5.5,-0.7)) ;
#700=CARTESIAN_POINT('Axis2P3D Location',(8.69941119385,5.5,-0.25)) ;
#705=CARTESIAN_POINT('Line Origine',(9.69941119385,5.5,-0.25)) ;
#709=CARTESIAN_POINT('Vertex',(9.69941119385,5.5,0.7)) ;
#712=CARTESIAN_POINT('Axis2P3D Location',(8.69941119385,5.5,0.7)) ;
#716=CARTESIAN_POINT('Vertex',(7.69941119385,5.5,0.7)) ;
#719=CARTESIAN_POINT('Line Origine',(7.69941119385,5.5,-0.25)) ;
#731=CARTESIAN_POINT('Axis2P3D Location',(8.69941119385,5.5,0.7)) ;
#743=CARTESIAN_POINT('Axis2P3D Location',(4.19941119385,5.5,-0.7)) ;
#748=CARTESIAN_POINT('Axis2P3D Location',(5.24941119385,5.5,-0.7)) ;
#752=CARTESIAN_POINT('Vertex',(5.19941119385,5.5,-0.7)) ;
#755=CARTESIAN_POINT('Axis2P3D Location',(4.19941119385,5.5,-0.7)) ;
#759=CARTESIAN_POINT('Vertex',(3.19941119385,5.5,-0.7)) ;
#762=CARTESIAN_POINT('Axis2P3D Location',(3.14941119385,5.5,-0.7)) ;
#774=CARTESIAN_POINT('Axis2P3D Location',(4.19941119385,5.5,-0.7)) ;
#779=CARTESIAN_POINT('Axis2P3D Location',(4.19941119385,5.5,-0.7)) ;
#791=CARTESIAN_POINT('Axis2P3D Location',(4.19941119385,5.5,-0.25)) ;
#796=CARTESIAN_POINT('Line Origine',(5.19941119385,5.5,-0.25)) ;
#800=CARTESIAN_POINT('Vertex',(5.19941119385,5.5,0.7)) ;
#803=CARTESIAN_POINT('Axis2P3D Location',(4.19941119385,5.5,0.7)) ;
#807=CARTESIAN_POINT('Vertex',(3.19941119385,5.5,0.7)) ;
#810=CARTESIAN_POINT('Line Origine',(3.19941119385,5.5,-0.25)) ;
#822=CARTESIAN_POINT('Axis2P3D Location',(4.19941119385,5.5,0.7)) ;
#834=CARTESIAN_POINT('Axis2P3D Location',(13.1994111938,-5.5,0.7)) ;
#839=CARTESIAN_POINT('Axis2P3D Location',(12.1494111938,-5.5,0.7)) ;
#843=CARTESIAN_POINT('Vertex',(12.1494111938,-5.5,0.75)) ;
#846=CARTESIAN_POINT('Axis2P3D Location',(13.1994111938,-5.5,0.75)) ;
#850=CARTESIAN_POINT('Vertex',(14.2494111938,-5.5,0.75)) ;
#853=CARTESIAN_POINT('Axis2P3D Location',(14.2494111938,-5.5,0.7)) ;
#865=CARTESIAN_POINT('Axis2P3D Location',(13.1994111938,-5.5,0.7)) ;
#870=CARTESIAN_POINT('Axis2P3D Location',(13.1994111938,-5.5,0.75)) ;
#882=CARTESIAN_POINT('Axis2P3D Location',(8.69941119385,-5.5,0.7)) ;
#887=CARTESIAN_POINT('Axis2P3D Location',(7.64941119385,-5.5,0.7)) ;
#891=CARTESIAN_POINT('Vertex',(7.64941119385,-5.5,0.75)) ;
#894=CARTESIAN_POINT('Axis2P3D Location',(8.69941119385,-5.5,0.75)) ;
#898=CARTESIAN_POINT('Vertex',(9.74941119385,-5.5,0.75)) ;
#901=CARTESIAN_POINT('Axis2P3D Location',(9.74941119385,-5.5,0.7)) ;
#913=CARTESIAN_POINT('Axis2P3D Location',(8.69941119385,-5.5,0.7)) ;
#918=CARTESIAN_POINT('Axis2P3D Location',(8.69941119385,-5.5,0.75)) ;
#930=CARTESIAN_POINT('Axis2P3D Location',(4.19941119385,-5.5,0.7)) ;
#935=CARTESIAN_POINT('Axis2P3D Location',(3.14941119385,-5.5,0.7)) ;
#939=CARTESIAN_POINT('Vertex',(3.14941119385,-5.5,0.75)) ;
#942=CARTESIAN_POINT('Axis2P3D Location',(4.19941119385,-5.5,0.75)) ;
#946=CARTESIAN_POINT('Vertex',(5.24941119385,-5.5,0.75)) ;
#949=CARTESIAN_POINT('Axis2P3D Location',(5.24941119385,-5.5,0.7)) ;
#961=CARTESIAN_POINT('Axis2P3D Location',(4.19941119385,-5.5,0.7)) ;
#966=CARTESIAN_POINT('Axis2P3D Location',(4.19941119385,-5.5,0.75)) ;
#978=CARTESIAN_POINT('Axis2P3D Location',(13.1994111938,5.5,0.7)) ;
#983=CARTESIAN_POINT('Axis2P3D Location',(12.1494111938,5.5,0.7)) ;
#987=CARTESIAN_POINT('Vertex',(12.1494111938,5.5,0.75)) ;
#990=CARTESIAN_POINT('Axis2P3D Location',(13.1994111938,5.5,0.75)) ;
#994=CARTESIAN_POINT('Vertex',(14.2494111938,5.5,0.75)) ;
#997=CARTESIAN_POINT('Axis2P3D Location',(14.2494111938,5.5,0.7)) ;
#1009=CARTESIAN_POINT('Axis2P3D Location',(13.1994111938,5.5,0.7)) ;
#1014=CARTESIAN_POINT('Axis2P3D Location',(13.1994111938,5.5,0.75)) ;
#1026=CARTESIAN_POINT('Axis2P3D Location',(8.69941119385,5.5,0.7)) ;
#1031=CARTESIAN_POINT('Axis2P3D Location',(7.64941119385,5.5,0.7)) ;
#1035=CARTESIAN_POINT('Vertex',(7.64941119385,5.5,0.75)) ;
#1038=CARTESIAN_POINT('Axis2P3D Location',(8.69941119385,5.5,0.75)) ;
#1042=CARTESIAN_POINT('Vertex',(9.74941119385,5.5,0.75)) ;
#1045=CARTESIAN_POINT('Axis2P3D Location',(9.74941119385,5.5,0.7)) ;
#1057=CARTESIAN_POINT('Axis2P3D Location',(8.69941119385,5.5,0.7)) ;
#1062=CARTESIAN_POINT('Axis2P3D Location',(8.69941119385,5.5,0.75)) ;
#1074=CARTESIAN_POINT('Axis2P3D Location',(4.19941119385,5.5,0.7)) ;
#1079=CARTESIAN_POINT('Axis2P3D Location',(5.24941119385,5.5,0.7)) ;
#1083=CARTESIAN_POINT('Vertex',(5.24941119385,5.5,0.75)) ;
#1086=CARTESIAN_POINT('Axis2P3D Location',(4.19941119385,5.5,0.75)) ;
#1090=CARTESIAN_POINT('Vertex',(3.14941119385,5.5,0.75)) ;
#1093=CARTESIAN_POINT('Axis2P3D Location',(3.14941119385,5.5,0.7)) ;
#1105=CARTESIAN_POINT('Axis2P3D Location',(4.19941119385,5.5,0.7)) ;
#1110=CARTESIAN_POINT('Axis2P3D Location',(4.19941119385,5.5,0.75)) ;
#1122=CARTESIAN_POINT('Axis2P3D Location',(-0.000463684082031,-7.95,3.05311331772E-016)) ;
#1127=CARTESIAN_POINT('Axis2P3D Location',(-0.550463684082,-7.95,-1.19071419391E-015)) ;
#1131=CARTESIAN_POINT('Vertex',(-0.500463684082,-7.95,-4.09625057702E-016)) ;
#1133=CARTESIAN_POINT('Vertex',(-0.550463684082,-8.,1.23347040122E-016)) ;
#1136=CARTESIAN_POINT('Axis2P3D Location',(-0.000463684082031,-8.,3.05311331772E-016)) ;
#1140=CARTESIAN_POINT('Vertex',(0.549536315918,-8.,-2.10462059741E-016)) ;
#1143=CARTESIAN_POINT('Axis2P3D Location',(0.549536315918,-7.95,-2.44249065418E-016)) ;
#1147=CARTESIAN_POINT('Vertex',(0.499536315918,-7.95,-1.49232867724E-016)) ;
#1150=CARTESIAN_POINT('Axis2P3D Location',(-0.000463684082031,-7.95,3.05311331772E-016)) ;
#1162=CARTESIAN_POINT('Axis2P3D Location',(-0.000463684082031,-7.95,-5.55111512313E-017)) ;
#1167=CARTESIAN_POINT('Axis2P3D Location',(-0.000463684082031,-8.,-5.55111512313E-017)) ;
#1172=CARTESIAN_POINT('Axis2P3D Location',(-0.000463684082031,-7.95,-5.55111512313E-017)) ;
#1184=CARTESIAN_POINT('Axis2P3D Location',(-0.000463684082031,-1.7763568394E-015,-2.67681878094E-017)) ;
#1189=CARTESIAN_POINT('Line Origine',(0.499536315918,-1.7763568394E-015,2.94856342126E-016)) ;
#1193=CARTESIAN_POINT('Vertex',(0.499536315918,-4.05,1.95276417116E-016)) ;
#1196=CARTESIAN_POINT('Axis2P3D Location',(-0.000463684082031,-4.05,-2.67681878094E-017)) ;
#1200=CARTESIAN_POINT('Vertex',(-0.500463684082,-4.05,-4.09625057702E-016)) ;
#1203=CARTESIAN_POINT('Line Origine',(-0.500463684082,-1.7763568394E-015,-4.09625057702E-016)) ;
#1215=CARTESIAN_POINT('Axis2P3D Location',(-0.000463684082031,-4.05,-2.67681878094E-017)) ;
#1227=CARTESIAN_POINT('Axis2P3D Location',(15.6994111938,-8.,0.)) ;
#1232=CARTESIAN_POINT('Axis2P3D Location',(-0.000463684082014,-8.,-2.94379472977E-016)) ;
#1236=CARTESIAN_POINT('Vertex',(-1.20046368408,-8.,-5.88294704773E-016)) ;
#1238=CARTESIAN_POINT('Vertex',(1.1901244059,-8.,0.15)) ;
#1241=CARTESIAN_POINT('Axis2P3D Location',(-0.000463684082014,-8.,-2.94379472977E-016)) ;
#1245=CARTESIAN_POINT('Vertex',(1.1901244059,-8.,-0.15)) ;
#1248=CARTESIAN_POINT('Line Origine',(7.69476779987,-8.,-0.15)) ;
#1252=CARTESIAN_POINT('Vertex',(14.1994111938,-8.,-0.15)) ;
#1255=CARTESIAN_POINT('Line Origine',(14.1994111938,-8.,0.)) ;
#1259=CARTESIAN_POINT('Vertex',(14.1994111938,-8.,0.15)) ;
#1262=CARTESIAN_POINT('Line Origine',(7.69476779987,-8.,0.15)) ;
#1279=CARTESIAN_POINT('Axis2P3D Location',(-0.000463684082031,0.05,-2.22044604925E-016)) ;
#1284=CARTESIAN_POINT('Axis2P3D Location',(0.549536315918,0.05,-8.32667268469E-018)) ;
#1288=CARTESIAN_POINT('Vertex',(0.499536315918,0.05,-1.49232867724E-016)) ;
#1290=CARTESIAN_POINT('Vertex',(0.549536315918,1.7763568394E-015,-2.72090851304E-016)) ;
#1293=CARTESIAN_POINT('Axis2P3D Location',(-0.000463684082031,1.7763568394E-015,-2.22044604925E-016)) ;
#1297=CARTESIAN_POINT('Vertex',(-0.550463684082,1.7763568394E-015,-3.14273194863E-016)) ;
#1300=CARTESIAN_POINT('Axis2P3D Location',(-0.550463684082,0.05,-1.60982338571E-016)) ;
#1304=CARTESIAN_POINT('Vertex',(-0.500463684082,0.05,-4.09625057702E-016)) ;
#1307=CARTESIAN_POINT('Axis2P3D Location',(-0.000463684082031,0.05,-2.22044604925E-016)) ;
#1319=CARTESIAN_POINT('Axis2P3D Location',(-0.000463684082031,0.05,-1.66533453694E-016)) ;
#1324=CARTESIAN_POINT('Axis2P3D Location',(-0.000463684082031,1.7763568394E-015,-1.66533453694E-016)) ;
#1329=CARTESIAN_POINT('Axis2P3D Location',(-0.000463684082031,0.05,-1.66533453694E-016)) ;
#1341=CARTESIAN_POINT('Line Origine',(-0.500463684082,-1.7763568394E-015,-4.09625057702E-016)) ;
#1345=CARTESIAN_POINT('Vertex',(-0.500463684082,3.95,-4.09625057702E-016)) ;
#1348=CARTESIAN_POINT('Axis2P3D Location',(-0.000463684082031,3.95,-2.67681878094E-017)) ;
#1352=CARTESIAN_POINT('Vertex',(0.499536315918,3.95,1.95276417116E-016)) ;
#1355=CARTESIAN_POINT('Line Origine',(0.499536315918,-1.7763568394E-015,-2.67681878094E-017)) ;
#1367=CARTESIAN_POINT('Axis2P3D Location',(-0.000463684082031,3.95,-2.67681878094E-017)) ;
#1379=CARTESIAN_POINT('Axis2P3D Location',(0.699411193848,1.7763568394E-015,0.)) ;
#1384=CARTESIAN_POINT('Line Origine',(1.64941119385,1.7763568394E-015,1.11022302463E-016)) ;
#1388=CARTESIAN_POINT('Vertex',(1.64941119385,1.7763568394E-015,-0.7)) ;
#1390=CARTESIAN_POINT('Vertex',(1.64941119385,1.7763568394E-015,0.7)) ;
#1393=CARTESIAN_POINT('Line Origine',(1.33682129318,1.7763568394E-015,0.7)) ;
#1397=CARTESIAN_POINT('Vertex',(1.02423139251,1.7763568394E-015,0.7)) ;
#1400=CARTESIAN_POINT('Axis2P3D Location',(1.02423139251,1.7763568394E-015,0.8)) ;
#1404=CARTESIAN_POINT('Vertex',(0.945408694314,1.7763568394E-015,0.738461538462)) ;
#1407=CARTESIAN_POINT('Axis2P3D Location',(-0.000463684082031,1.7763568394E-015,-6.0537714201E-017)) ;
#1411=CARTESIAN_POINT('Vertex',(-1.20046368408,1.7763568394E-015,8.64199016967E-017)) ;
#1414=CARTESIAN_POINT('Axis2P3D Location',(-0.000463684082031,1.7763568394E-015,-6.0537714201E-017)) ;
#1418=CARTESIAN_POINT('Vertex',(0.945408694314,1.7763568394E-015,-0.738461538462)) ;
#1421=CARTESIAN_POINT('Axis2P3D Location',(1.02423139251,1.7763568394E-015,-0.8)) ;
#1425=CARTESIAN_POINT('Vertex',(1.02423139251,1.7763568394E-015,-0.7)) ;
#1428=CARTESIAN_POINT('Line Origine',(1.33682129318,1.7763568394E-015,-0.7)) ;
#1447=CARTESIAN_POINT('Axis2P3D Location',(-0.000463684082031,3.95,-5.55111512313E-017)) ;
#1452=CARTESIAN_POINT('Axis2P3D Location',(-0.550463684082,3.95,-8.18789480661E-016)) ;
#1456=CARTESIAN_POINT('Vertex',(-0.550463684082,4.,3.06450129635E-016)) ;
#1459=CARTESIAN_POINT('Axis2P3D Location',(-0.000463684082031,4.,-5.55111512313E-017)) ;
#1463=CARTESIAN_POINT('Vertex',(0.549536315918,4.,1.51761098663E-016)) ;
#1466=CARTESIAN_POINT('Axis2P3D Location',(0.549536315918,3.95,4.02455846427E-016)) ;
#1478=CARTESIAN_POINT('Axis2P3D Location',(-0.000463684082031,3.95,5.55111512313E-017)) ;
#1483=CARTESIAN_POINT('Axis2P3D Location',(-0.000463684082031,4.,5.55111512313E-017)) ;
#1495=CARTESIAN_POINT('Axis2P3D Location',(1.69941119385,4.,0.)) ;
#1500=CARTESIAN_POINT('Line Origine',(1.64941119385,4.,0.)) ;
#1504=CARTESIAN_POINT('Vertex',(1.64941119385,4.,-0.7)) ;
#1506=CARTESIAN_POINT('Vertex',(1.64941119385,4.,0.7)) ;
#1509=CARTESIAN_POINT('Line Origine',(1.31181347212,4.,-0.7)) ;
#1513=CARTESIAN_POINT('Vertex',(0.974215750399,4.,-0.7)) ;
#1516=CARTESIAN_POINT('Axis2P3D Location',(-0.000463684082031,4.,-5.81636861931E-017)) ;
#1520=CARTESIAN_POINT('Vertex',(-1.20046368408,4.,-3.52078917988E-016)) ;
#1523=CARTESIAN_POINT('Axis2P3D Location',(-0.000463684082031,4.,-5.81636861931E-017)) ;
#1527=CARTESIAN_POINT('Vertex',(0.945408694314,4.,0.738461538462)) ;
#1530=CARTESIAN_POINT('Axis2P3D Location',(1.02423139251,4.,0.8)) ;
#1534=CARTESIAN_POINT('Vertex',(1.02423139251,4.,0.7)) ;
#1537=CARTESIAN_POINT('Line Origine',(1.33682129318,4.,0.7)) ;
#1555=CARTESIAN_POINT('Axis2P3D Location',(-0.000463684082031,-4.05,-5.55111512313E-017)) ;
#1560=CARTESIAN_POINT('Axis2P3D Location',(-0.550463684082,-4.05,-8.18789480661E-016)) ;
#1564=CARTESIAN_POINT('Vertex',(-0.550463684082,-4.,3.06450129635E-016)) ;
#1567=CARTESIAN_POINT('Axis2P3D Location',(-0.000463684082031,-4.,-5.55111512313E-017)) ;
#1571=CARTESIAN_POINT('Vertex',(0.549536315918,-4.,1.51761098663E-016)) ;
#1574=CARTESIAN_POINT('Axis2P3D Location',(0.549536315918,-4.05,4.02455846427E-016)) ;
#1586=CARTESIAN_POINT('Axis2P3D Location',(-0.000463684082031,-4.05,5.55111512313E-017)) ;
#1591=CARTESIAN_POINT('Axis2P3D Location',(-0.000463684082031,-4.,5.55111512313E-017)) ;
#1603=CARTESIAN_POINT('Axis2P3D Location',(1.69941119385,-4.,0.)) ;
#1608=CARTESIAN_POINT('Line Origine',(1.64941119385,-4.,-1.11022302463E-016)) ;
#1612=CARTESIAN_POINT('Vertex',(1.64941119385,-4.,-0.7)) ;
#1614=CARTESIAN_POINT('Vertex',(1.64941119385,-4.,0.7)) ;
#1617=CARTESIAN_POINT('Line Origine',(1.33682129318,-4.,-0.7)) ;
#1621=CARTESIAN_POINT('Vertex',(1.02423139251,-4.,-0.7)) ;
#1624=CARTESIAN_POINT('Axis2P3D Location',(1.02423139251,-4.,-0.8)) ;
#1628=CARTESIAN_POINT('Vertex',(0.945408694314,-4.,-0.738461538462)) ;
#1631=CARTESIAN_POINT('Axis2P3D Location',(-0.000463684082031,-4.,-5.81636861931E-017)) ;
#1635=CARTESIAN_POINT('Vertex',(-1.20046368408,-4.,-3.52078917988E-016)) ;
#1638=CARTESIAN_POINT('Axis2P3D Location',(-0.000463684082031,-4.,-5.81636861931E-017)) ;
#1642=CARTESIAN_POINT('Vertex',(0.945408694314,-4.,0.738461538462)) ;
#1645=CARTESIAN_POINT('Axis2P3D Location',(1.02423139251,-4.,0.8)) ;
#1649=CARTESIAN_POINT('Vertex',(1.02423139251,-4.,0.7)) ;
#1652=CARTESIAN_POINT('Line Origine',(1.33682129318,-4.,0.7)) ;
#1671=CARTESIAN_POINT('Axis2P3D Location',(1.64941119385,-0.05,-0.7)) ;
#1676=CARTESIAN_POINT('Axis2P3D Location',(1.64941119385,0.05,-0.7)) ;
#1681=CARTESIAN_POINT('Axis2P3D Location',(1.74941119385,-0.05,-0.7)) ;
#1685=CARTESIAN_POINT('Vertex',(1.69941119385,-0.05,-0.7)) ;
#1688=CARTESIAN_POINT('Axis2P3D Location',(1.64941119385,-0.05,-0.7)) ;
#1700=CARTESIAN_POINT('Axis2P3D Location',(8.04200424722,0.05,-0.7)) ;
#1705=CARTESIAN_POINT('Axis2P3D Location',(1.02423139251,0.05,-0.7)) ;
#1717=CARTESIAN_POINT('Axis2P3D Location',(1.02423139251,0.05,-0.8)) ;
#1722=CARTESIAN_POINT('Axis2P3D Location',(0.945408694314,0.05,-0.738461538462)) ;
#1726=CARTESIAN_POINT('Vertex',(0.984820043414,0.05,-0.769230769231)) ;
#1729=CARTESIAN_POINT('Axis2P3D Location',(1.02423139251,0.05,-0.8)) ;
#1741=CARTESIAN_POINT('Axis2P3D Location',(-0.000463684082033,0.05,-1.66533453694E-015)) ;
#1746=CARTESIAN_POINT('Axis2P3D Location',(-1.20046368408,0.05,-6.66133814775E-017)) ;
#1750=CARTESIAN_POINT('Vertex',(-1.25046368408,0.05,1.7763568394E-015)) ;
#1753=CARTESIAN_POINT('Axis2P3D Location',(-0.000463684082033,0.05,-1.66533453694E-015)) ;
#1765=CARTESIAN_POINT('Axis2P3D Location',(-0.000463684082033,0.05,1.7763568394E-015)) ;
#1770=CARTESIAN_POINT('Axis2P3D Location',(0.945408694314,0.05,0.738461538462)) ;
#1774=CARTESIAN_POINT('Vertex',(0.984820043414,0.05,0.769230769231)) ;
#1777=CARTESIAN_POINT('Axis2P3D Location',(-0.000463684082033,0.05,1.7763568394E-015)) ;
#1789=CARTESIAN_POINT('Axis2P3D Location',(1.02423139251,0.05,0.8)) ;
#1794=CARTESIAN_POINT('Axis2P3D Location',(1.02423139251,0.05,0.7)) ;
#1798=CARTESIAN_POINT('Vertex',(1.02423139251,0.05,0.75)) ;
#1801=CARTESIAN_POINT('Axis2P3D Location',(1.02423139251,0.05,0.8)) ;
#1813=CARTESIAN_POINT('Axis2P3D Location',(8.04200424722,0.05,0.7)) ;
#1818=CARTESIAN_POINT('Axis2P3D Location',(1.64941119385,0.05,0.7)) ;
#1822=CARTESIAN_POINT('Vertex',(1.64941119385,0.05,0.75)) ;
#1825=CARTESIAN_POINT('Line Origine',(8.04200424722,0.05,0.75)) ;
#1837=CARTESIAN_POINT('Axis2P3D Location',(1.64941119385,-0.05,0.7)) ;
#1842=CARTESIAN_POINT('Axis2P3D Location',(1.74941119385,-0.05,0.7)) ;
#1846=CARTESIAN_POINT('Vertex',(1.69941119385,-0.05,0.7)) ;
#1848=CARTESIAN_POINT('Vertex',(1.74941119385,-0.05,0.75)) ;
#1851=CARTESIAN_POINT('Axis2P3D Location',(1.64941119385,-0.05,0.75)) ;
#1856=CARTESIAN_POINT('Axis2P3D Location',(1.64941119385,-0.05,0.7)) ;
#1868=CARTESIAN_POINT('Axis2P3D Location',(1.74941119385,-3.5527136788E-015,0.7)) ;
#1873=CARTESIAN_POINT('Axis2P3D Location',(1.74941119385,-3.95,0.7)) ;
#1877=CARTESIAN_POINT('Vertex',(1.69941119385,-3.95,0.7)) ;
#1879=CARTESIAN_POINT('Vertex',(1.74941119385,-3.95,0.75)) ;
#1882=CARTESIAN_POINT('Line Origine',(1.74941119385,-3.5527136788E-015,0.75)) ;
#1887=CARTESIAN_POINT('Line Origine',(1.69941119385,-3.5527136788E-015,0.7)) ;
#1899=CARTESIAN_POINT('Axis2P3D Location',(1.64941119385,-3.95,0.7)) ;
#1904=CARTESIAN_POINT('Axis2P3D Location',(1.64941119385,-4.05,0.7)) ;
#1908=CARTESIAN_POINT('Vertex',(1.64941119385,-4.05,0.75)) ;
#1911=CARTESIAN_POINT('Axis2P3D Location',(1.64941119385,-3.95,0.75)) ;
#1916=CARTESIAN_POINT('Axis2P3D Location',(1.64941119385,-3.95,0.7)) ;
#1928=CARTESIAN_POINT('Axis2P3D Location',(8.04200424722,-4.05,0.7)) ;
#1933=CARTESIAN_POINT('Axis2P3D Location',(1.02423139251,-4.05,0.7)) ;
#1937=CARTESIAN_POINT('Vertex',(1.02423139251,-4.05,0.75)) ;
#1940=CARTESIAN_POINT('Line Origine',(8.04200424722,-4.05,0.75)) ;
#1952=CARTESIAN_POINT('Axis2P3D Location',(1.02423139251,-4.05,0.8)) ;
#1957=CARTESIAN_POINT('Axis2P3D Location',(0.945408694314,-4.05,0.738461538462)) ;
#1961=CARTESIAN_POINT('Vertex',(0.984820043414,-4.05,0.769230769231)) ;
#1964=CARTESIAN_POINT('Axis2P3D Location',(1.02423139251,-4.05,0.8)) ;
#1976=CARTESIAN_POINT('Axis2P3D Location',(-0.000463684082034,-4.05,4.21884749358E-015)) ;
#1981=CARTESIAN_POINT('Axis2P3D Location',(-1.20046368408,-4.05,-4.4408920985E-017)) ;
#1985=CARTESIAN_POINT('Vertex',(-1.25046368408,-4.05,-1.41638472441E-015)) ;
#1988=CARTESIAN_POINT('Axis2P3D Location',(-0.000463684082034,-4.05,4.21884749358E-015)) ;
#2000=CARTESIAN_POINT('Axis2P3D Location',(-0.000463684082031,-4.05,7.77156117238E-016)) ;
#2005=CARTESIAN_POINT('Axis2P3D Location',(0.945408694314,-4.05,-0.738461538462)) ;
#2009=CARTESIAN_POINT('Vertex',(0.984820043414,-4.05,-0.769230769231)) ;
#2012=CARTESIAN_POINT('Axis2P3D Location',(-0.000463684082031,-4.05,7.77156117238E-016)) ;
#2024=CARTESIAN_POINT('Axis2P3D Location',(1.02423139251,-4.05,-0.8)) ;
#2029=CARTESIAN_POINT('Axis2P3D Location',(1.02423139251,-4.05,-0.7)) ;
#2034=CARTESIAN_POINT('Axis2P3D Location',(1.02423139251,-4.05,-0.8)) ;
#2046=CARTESIAN_POINT('Axis2P3D Location',(8.04200424722,-4.05,-0.7)) ;
#2051=CARTESIAN_POINT('Axis2P3D Location',(1.64941119385,-4.05,-0.7)) ;
#2063=CARTESIAN_POINT('Axis2P3D Location',(1.64941119385,-3.95,-0.7)) ;
#2068=CARTESIAN_POINT('Axis2P3D Location',(1.74941119385,-3.95,-0.7)) ;
#2072=CARTESIAN_POINT('Vertex',(1.69941119385,-3.95,-0.7)) ;
#2075=CARTESIAN_POINT('Axis2P3D Location',(1.64941119385,-3.95,-0.7)) ;
#2087=CARTESIAN_POINT('Axis2P3D Location',(1.74941119385,-3.5527136788E-015,-0.7)) ;
#2092=CARTESIAN_POINT('Line Origine',(1.69941119385,-3.5527136788E-015,-0.7)) ;
#2104=CARTESIAN_POINT('Axis2P3D Location',(1.64941119385,-3.95,1.11022302463E-016)) ;
#2109=CARTESIAN_POINT('Line Origine',(1.69941119385,-3.95,0.)) ;
#2121=CARTESIAN_POINT('Axis2P3D Location',(1.69941119385,8.,0.)) ;
#2126=CARTESIAN_POINT('Line Origine',(1.69941119385,-0.05,1.11022302463E-016)) ;
#2138=CARTESIAN_POINT('Axis2P3D Location',(1.64941119385,-0.05,0.)) ;
#2150=CARTESIAN_POINT('Axis2P3D Location',(1.02423139251,-3.5527136788E-015,-0.8)) ;
#2155=CARTESIAN_POINT('Line Origine',(0.984820043414,-3.5527136788E-015,-0.769230769231)) ;
#2159=CARTESIAN_POINT('Vertex',(0.984820043414,3.95,-0.769230769231)) ;
#2162=CARTESIAN_POINT('Axis2P3D Location',(1.02423139251,3.95,-0.8)) ;
#2174=CARTESIAN_POINT('Axis2P3D Location',(-0.000463684082031,1.7763568394E-015,0.)) ;
#2179=CARTESIAN_POINT('Line Origine',(-1.25046368408,1.7763568394E-015,-3.06161699787E-016)) ;
#2183=CARTESIAN_POINT('Vertex',(-1.25046368408,3.95,-1.41638472441E-015)) ;
#2186=CARTESIAN_POINT('Axis2P3D Location',(-0.000463684082031,3.95,0.)) ;
#2198=CARTESIAN_POINT('Axis2P3D Location',(1.02423139251,-3.5527136788E-015,0.8)) ;
#2203=CARTESIAN_POINT('Line Origine',(1.02423139251,-3.5527136788E-015,0.75)) ;
#2207=CARTESIAN_POINT('Vertex',(1.02423139251,3.95,0.75)) ;
#2210=CARTESIAN_POINT('Axis2P3D Location',(1.02423139251,3.95,0.8)) ;
#2214=CARTESIAN_POINT('Vertex',(0.984820043414,3.95,0.769230769231)) ;
#2217=CARTESIAN_POINT('Line Origine',(0.984820043414,-3.5527136788E-015,0.769230769231)) ;
#2229=CARTESIAN_POINT('Axis2P3D Location',(-0.000463684082031,3.95,0.)) ;
#2241=CARTESIAN_POINT('Axis2P3D Location',(1.02423139251,-2.6645352591E-015,-0.8)) ;
#2246=CARTESIAN_POINT('Axis2P3D Location',(1.02423139251,-7.4,-0.8)) ;
#2250=CARTESIAN_POINT('Vertex',(0.984820035579,-7.40000001344,-0.769230779266)) ;
#2253=CARTESIAN_POINT('Line Origine',(0.984820043414,-1.7763568394E-015,-0.769230769231)) ;
#2266=CARTESIAN_POINT('Control Point',(1.15481465497,-7.95,-0.477317461777)) ;
#2267=CARTESIAN_POINT('Control Point',(1.10023050474,-7.86346198668,-0.609430555195)) ;
#2268=CARTESIAN_POINT('Control Point',(1.03380814193,-7.73726013192,-0.709683147655)) ;
#2269=CARTESIAN_POINT('Control Point',(0.984820000912,-7.57012888189,-0.76923082367)) ;
#2270=CARTESIAN_POINT('Control Point',(0.984820035579,-7.40000001344,-0.769230779266)) ;
#2271=CARTESIAN_POINT('Vertex',(1.15481465497,-7.95,-0.477317461777)) ;
#2274=CARTESIAN_POINT('Axis2P3D Location',(-0.000463684082031,-7.95,0.)) ;
#2278=CARTESIAN_POINT('Vertex',(-1.25046368408,-7.95,-1.41638472441E-015)) ;
#2281=CARTESIAN_POINT('Line Origine',(-1.25046368408,1.7763568394E-015,-3.06161699787E-016)) ;
#2294=CARTESIAN_POINT('Axis2P3D Location',(1.02423139251,-3.5527136788E-015,0.8)) ;
#2299=CARTESIAN_POINT('Line Origine',(0.984820043414,-3.5527136788E-015,0.769230769231)) ;
#2303=CARTESIAN_POINT('Vertex',(0.984820043414,-7.4,0.769230769231)) ;
#2306=CARTESIAN_POINT('Axis2P3D Location',(1.02423139251,-7.4,0.8)) ;
#2310=CARTESIAN_POINT('Vertex',(1.02423139251,-7.4,0.75)) ;
#2313=CARTESIAN_POINT('Line Origine',(1.02423139251,-3.5527136788E-015,0.75)) ;
#2325=CARTESIAN_POINT('Axis2P3D Location',(-0.000463684082031,-7.95,0.)) ;
#2329=CARTESIAN_POINT('Vertex',(1.1548146542,-7.95,0.477317463644)) ;
#2333=CARTESIAN_POINT('Control Point',(1.1548146542,-7.95,0.477317463644)) ;
#2334=CARTESIAN_POINT('Control Point',(1.10023061603,-7.86346212088,0.609430285225)) ;
#2335=CARTESIAN_POINT('Control Point',(1.03380453805,-7.73724324423,0.709688718869)) ;
#2336=CARTESIAN_POINT('Control Point',(0.984820043414,-7.57013603984,0.769230769231)) ;
#2337=CARTESIAN_POINT('Control Point',(0.984820043414,-7.4,0.769230769231)) ;
#2348=CARTESIAN_POINT('Control Point',(0.984820043414,3.95,-0.769230769231)) ;
#2349=CARTESIAN_POINT('Control Point',(0.990407258818,3.95,-0.762074279085)) ;
#2350=CARTESIAN_POINT('Control Point',(0.997618858834,3.95,-0.756185978589)) ;
#2351=CARTESIAN_POINT('Control Point',(1.00607294245,3.95,-0.752060808179)) ;
#2352=CARTESIAN_POINT('Control Point',(1.01515216748,3.95,-0.75)) ;
#2353=CARTESIAN_POINT('Control Point',(1.02423139251,3.95,-0.75)) ;
#2354=CARTESIAN_POINT('Control Point',(0.984296853189,3.98753011228,-0.765928348642)) ;
#2355=CARTESIAN_POINT('Control Point',(0.990365971869,3.98372752183,-0.76022389742)) ;
#2356=CARTESIAN_POINT('Control Point',(0.997493556291,3.98172261221,-0.755326470638)) ;
#2357=CARTESIAN_POINT('Control Point',(1.00536753608,3.98172261752,-0.751466449545)) ;
#2358=CARTESIAN_POINT('Control Point',(1.01361462657,3.98372753776,-0.748828728153)) ;
#2359=CARTESIAN_POINT('Control Point',(1.02186171706,3.98753013882,-0.747521983142)) ;
#2360=CARTESIAN_POINT('Control Point',(0.978542226131,3.99960807326,-0.728754363562)) ;
#2361=CARTESIAN_POINT('Control Point',(0.982363665555,3.99992600461,-0.727792490249)) ;
#2362=CARTESIAN_POINT('Control Point',(0.985815950138,4.00012499979,-0.726540866454)) ;
#2363=CARTESIAN_POINT('Control Point',(0.988989574545,4.00012499241,-0.724893587704)) ;
#2364=CARTESIAN_POINT('Control Point',(0.992023436782,3.99992598245,-0.722783024586)) ;
#2365=CARTESIAN_POINT('Control Point',(0.995057299,3.99960803634,-0.720203240873)) ;
#2366=CARTESIAN_POINT('Control Point',(0.974215750399,4.,-0.7)) ;
#2367=CARTESIAN_POINT('Control Point',(0.974215750399,4.,-0.7)) ;
#2368=CARTESIAN_POINT('Control Point',(0.974215750399,4.,-0.7)) ;
#2369=CARTESIAN_POINT('Control Point',(0.974215750399,4.,-0.7)) ;
#2370=CARTESIAN_POINT('Control Point',(0.974215750399,4.,-0.7)) ;
#2371=CARTESIAN_POINT('Control Point',(0.974215750399,4.,-0.7)) ;
#2373=CARTESIAN_POINT('Control Point',(1.02423139251,3.95,-0.75)) ;
#2374=CARTESIAN_POINT('Control Point',(1.02423139251,3.95022319507,-0.75)) ;
#2375=CARTESIAN_POINT('Control Point',(1.02423017713,3.95044638937,-0.749998754599)) ;
#2376=CARTESIAN_POINT('Control Point',(1.0242235408,3.95093765891,-0.74999195434)) ;
#2377=CARTESIAN_POINT('Control Point',(1.02421386124,3.95138633572,-0.749982035964)) ;
#2378=CARTESIAN_POINT('Control Point',(1.02419927459,3.9518347474,-0.749967089329)) ;
#2379=CARTESIAN_POINT('Control Point',(1.02417978888,3.95231541274,-0.749947123129)) ;
#2380=CARTESIAN_POINT('Control Point',(1.02415772101,3.95276992494,-0.749924511832)) ;
#2381=CARTESIAN_POINT('Control Point',(1.02413062446,3.95322389669,-0.74989674826)) ;
#2382=CARTESIAN_POINT('Control Point',(1.02409935345,3.95368642432,-0.749864708522)) ;
#2383=CARTESIAN_POINT('Control Point',(1.02406444476,3.95414856627,-0.749828943166)) ;
#2384=CARTESIAN_POINT('Control Point',(1.02402434671,3.95460987264,-0.749787862083)) ;
#2385=CARTESIAN_POINT('Control Point',(1.0239825764,3.95505074462,-0.749745069617)) ;
#2386=CARTESIAN_POINT('Control Point',(1.02393438383,3.95552057173,-0.749695700245)) ;
#2387=CARTESIAN_POINT('Control Point',(1.02388084011,3.95598924994,-0.749640851264)) ;
#2388=CARTESIAN_POINT('Control Point',(1.0238297723,3.95640793136,-0.749588541357)) ;
#2389=CARTESIAN_POINT('Control Point',(1.02376797211,3.95688437367,-0.749525241836)) ;
#2390=CARTESIAN_POINT('Control Point',(1.02370068381,3.95735934197,-0.749456324973)) ;
#2391=CARTESIAN_POINT('Control Point',(1.02364131097,3.95775696094,-0.749395518982)) ;
#2392=CARTESIAN_POINT('Control Point',(1.02356573097,3.9582384106,-0.749318119974)) ;
#2393=CARTESIAN_POINT('Control Point',(1.02348456393,3.95871805727,-0.749235005574)) ;
#2394=CARTESIAN_POINT('Control Point',(1.02341766686,3.95909639744,-0.749166508444)) ;
#2395=CARTESIAN_POINT('Control Point',(1.02332827945,3.95958108035,-0.749074990164)) ;
#2396=CARTESIAN_POINT('Control Point',(1.02323324856,3.9600636349,-0.748977702672)) ;
#2397=CARTESIAN_POINT('Control Point',(1.02315943131,3.96042461533,-0.748902138661)) ;
#2398=CARTESIAN_POINT('Control Point',(1.0230547687,3.96091816093,-0.74879500859)) ;
#2399=CARTESIAN_POINT('Control Point',(1.02294427512,3.96140918807,-0.748681922416)) ;
#2400=CARTESIAN_POINT('Control Point',(1.02286149619,3.96176477874,-0.748597208953)) ;
#2401=CARTESIAN_POINT('Control Point',(1.02274105241,3.9622654269,-0.748473962334)) ;
#2402=CARTESIAN_POINT('Control Point',(1.02261463258,3.96276315423,-0.748344617224)) ;
#2403=CARTESIAN_POINT('Control Point',(1.02252542369,3.96310395289,-0.748253353241)) ;
#2404=CARTESIAN_POINT('Control Point',(1.02239092384,3.96360293021,-0.74811576934)) ;
#2405=CARTESIAN_POINT('Control Point',(1.0222505111,3.96409867851,-0.74797215796)) ;
#2406=CARTESIAN_POINT('Control Point',(1.02215521451,3.96442612931,-0.747874701023)) ;
#2407=CARTESIAN_POINT('Control Point',(1.02200700791,3.96492207633,-0.747723151682)) ;
#2408=CARTESIAN_POINT('Control Point',(1.02185298306,3.96541450909,-0.747565678586)) ;
#2409=CARTESIAN_POINT('Control Point',(1.02175189255,3.96572981094,-0.747462336884)) ;
#2410=CARTESIAN_POINT('Control Point',(1.02159037791,3.96622153503,-0.747297245249)) ;
#2411=CARTESIAN_POINT('Control Point',(1.02142316583,3.9667094843,-0.747126360795)) ;
#2412=CARTESIAN_POINT('Control Point',(1.02131655174,3.96701359975,-0.747017418632)) ;
#2413=CARTESIAN_POINT('Control Point',(1.02114215635,3.96750008553,-0.746839237716)) ;
#2414=CARTESIAN_POINT('Control Point',(1.02096220506,3.96798256105,-0.746655416415)) ;
#2415=CARTESIAN_POINT('Control Point',(1.02085030451,3.96827631266,-0.746541124246)) ;
#2416=CARTESIAN_POINT('Control Point',(1.02066347167,3.96875670188,-0.746350323838)) ;
#2417=CARTESIAN_POINT('Control Point',(1.02047124028,3.96923287029,-0.746154051905)) ;
#2418=CARTESIAN_POINT('Control Point',(1.02035428394,3.96951691391,-0.746034653618)) ;
#2419=CARTESIAN_POINT('Control Point',(1.02015547462,3.9699904613,-0.745831721867)) ;
#2420=CARTESIAN_POINT('Control Point',(1.01995143624,3.97045960187,-0.745623499996)) ;
#2421=CARTESIAN_POINT('Control Point',(1.01982964385,3.97073448168,-0.745499228308)) ;
#2422=CARTESIAN_POINT('Control Point',(1.01961392689,3.97121251694,-0.745279152368)) ;
#2423=CARTESIAN_POINT('Control Point',(1.01939289633,3.97168574533,-0.745053711455)) ;
#2424=CARTESIAN_POINT('Control Point',(1.01925982552,3.97196543836,-0.744918006805)) ;
#2425=CARTESIAN_POINT('Control Point',(1.0190266923,3.97244660964,-0.744680297519)) ;
#2426=CARTESIAN_POINT('Control Point',(1.01878819176,3.97292257015,-0.744437181291)) ;
#2427=CARTESIAN_POINT('Control Point',(1.01865024942,3.97319307113,-0.744296592466)) ;
#2428=CARTESIAN_POINT('Control Point',(1.01840546789,3.97366485266,-0.744047156442)) ;
#2429=CARTESIAN_POINT('Control Point',(1.0181555365,3.97413128699,-0.743792545292)) ;
#2430=CARTESIAN_POINT('Control Point',(1.01801295844,3.97439296283,-0.743647322366)) ;
#2431=CARTESIAN_POINT('Control Point',(1.01775706345,3.9748549211,-0.743386725641)) ;
#2432=CARTESIAN_POINT('Control Point',(1.01749623721,3.97531141938,-0.743121186659)) ;
#2433=CARTESIAN_POINT('Control Point',(1.01734925069,3.97556458789,-0.742971570733)) ;
#2434=CARTESIAN_POINT('Control Point',(1.01708277308,3.97601635564,-0.742700374812)) ;
#2435=CARTESIAN_POINT('Control Point',(1.01681158211,3.97646257254,-0.74242446855)) ;
#2436=CARTESIAN_POINT('Control Point',(1.01666041759,3.9767074942,-0.742270703721)) ;
#2437=CARTESIAN_POINT('Control Point',(1.01638386933,3.97714878384,-0.741989450295)) ;
#2438=CARTESIAN_POINT('Control Point',(1.01610282284,3.97758445139,-0.741703715427)) ;
#2439=CARTESIAN_POINT('Control Point',(1.01594768655,3.97782138327,-0.741546020794)) ;
#2440=CARTESIAN_POINT('Control Point',(1.01566155692,3.97825197627,-0.741255227873)) ;
#2441=CARTESIAN_POINT('Control Point',(1.01537113992,3.97867689338,-0.740960177769)) ;
#2442=CARTESIAN_POINT('Control Point',(1.01521224006,3.97890605117,-0.740798774071)) ;
#2443=CARTESIAN_POINT('Control Point',(1.01491700869,3.97932576808,-0.740498949143)) ;
#2444=CARTESIAN_POINT('Control Point',(1.01461769574,3.97973977106,-0.740195085806)) ;
#2445=CARTESIAN_POINT('Control Point',(1.01445523099,3.97996135328,-0.740030183762)) ;
#2446=CARTESIAN_POINT('Control Point',(1.01414097198,3.98038403063,-0.739711273978)) ;
#2447=CARTESIAN_POINT('Control Point',(1.01382256139,3.98080057099,-0.739388272195)) ;
#2448=CARTESIAN_POINT('Control Point',(1.01364515735,3.98102927332,-0.739208349104)) ;
#2449=CARTESIAN_POINT('Control Point',(1.01331133763,3.98145340858,-0.738869863314)) ;
#2450=CARTESIAN_POINT('Control Point',(1.01297332382,3.98187098187,-0.738527261704)) ;
#2451=CARTESIAN_POINT('Control Point',(1.01279228947,3.98209144515,-0.73834381084)) ;
#2452=CARTESIAN_POINT('Control Point',(1.01244964484,3.98250282013,-0.737996670064)) ;
#2453=CARTESIAN_POINT('Control Point',(1.01210303294,3.98290763332,-0.737645654339)) ;
#2454=CARTESIAN_POINT('Control Point',(1.0119185825,3.98312004765,-0.73745890265)) ;
#2455=CARTESIAN_POINT('Control Point',(1.01156760836,3.98351862096,-0.737103630738)) ;
#2456=CARTESIAN_POINT('Control Point',(1.01121288463,3.98391064462,-0.736744714932)) ;
#2457=CARTESIAN_POINT('Control Point',(1.01102521997,3.98411519102,-0.736554876296)) ;
#2458=CARTESIAN_POINT('Control Point',(1.01066639457,3.98450094519,-0.736191978522)) ;
#2459=CARTESIAN_POINT('Control Point',(1.01030402809,3.98488017228,-0.735825658085)) ;
#2460=CARTESIAN_POINT('Control Point',(1.01011334919,3.98507701346,-0.735632943887)) ;
#2461=CARTESIAN_POINT('Control Point',(1.00974712245,3.98544996399,-0.735262895672)) ;
#2462=CARTESIAN_POINT('Control Point',(1.00937755388,3.9858164186,-0.734889636084)) ;
#2463=CARTESIAN_POINT('Control Point',(1.00918403555,3.98600572484,-0.734694231739)) ;
#2464=CARTESIAN_POINT('Control Point',(1.0088108286,3.98636591476,-0.734317478208)) ;
#2465=CARTESIAN_POINT('Control Point',(1.00843446983,3.98671964685,-0.733937714698)) ;
#2466=CARTESIAN_POINT('Control Point',(1.00823828519,3.98690157213,-0.733739803362)) ;
#2467=CARTESIAN_POINT('Control Point',(1.00785850413,3.98724905541,-0.733356773297)) ;
#2468=CARTESIAN_POINT('Control Point',(1.00747575234,3.98759012486,-0.732970925088)) ;
#2469=CARTESIAN_POINT('Control Point',(1.00727706357,3.98776481784,-0.73277067832)) ;
#2470=CARTESIAN_POINT('Control Point',(1.00687737981,3.98811156083,-0.732367960336)) ;
#2471=CARTESIAN_POINT('Control Point',(1.00647469538,3.98845147844,-0.731962416154)) ;
#2472=CARTESIAN_POINT('Control Point',(1.00625914535,3.98863083701,-0.731745393493)) ;
#2473=CARTESIAN_POINT('Control Point',(1.00583920249,3.988975297,-0.731322695456)) ;
#2474=CARTESIAN_POINT('Control Point',(1.00541625114,3.98931252067,-0.7308971872)) ;
#2475=CARTESIAN_POINT('Control Point',(1.00519818008,3.98948390671,-0.730677857389)) ;
#2476=CARTESIAN_POINT('Control Point',(1.00477199165,3.98981407315,-0.730249325905)) ;
#2477=CARTESIAN_POINT('Control Point',(1.00434298557,3.9901370718,-0.729818185916)) ;
#2478=CARTESIAN_POINT('Control Point',(1.00412256138,3.99030064433,-0.729596726252)) ;
#2479=CARTESIAN_POINT('Control Point',(1.0036905303,3.99061663824,-0.729162785575)) ;
#2480=CARTESIAN_POINT('Control Point',(1.00325586246,3.99092553566,-0.728726427405)) ;
#2481=CARTESIAN_POINT('Control Point',(1.00303324178,3.99108144753,-0.728503003211)) ;
#2482=CARTESIAN_POINT('Control Point',(1.00259575355,3.99138339418,-0.728064058665)) ;
#2483=CARTESIAN_POINT('Control Point',(1.00215580009,3.9916783176,-0.727622877543)) ;
#2484=CARTESIAN_POINT('Control Point',(1.00193113608,3.9918267109,-0.72739765003)) ;
#2485=CARTESIAN_POINT('Control Point',(1.00148855156,3.99211474427,-0.726954080791)) ;
#2486=CARTESIAN_POINT('Control Point',(1.00104366443,3.99239582871,-0.726508446299)) ;
#2487=CARTESIAN_POINT('Control Point',(1.00081709092,3.99253684604,-0.72628155671)) ;
#2488=CARTESIAN_POINT('Control Point',(1.0003691469,3.99281147412,-0.725833115826)) ;
#2489=CARTESIAN_POINT('Control Point',(0.999919048725,3.99307920935,-0.725382766835)) ;
#2490=CARTESIAN_POINT('Control Point',(0.999693114617,3.99321156649,-0.725156771569)) ;
#2491=CARTESIAN_POINT('Control Point',(0.999240220469,3.99347284572,-0.724703885025)) ;
#2492=CARTESIAN_POINT('Control Point',(0.998785314397,3.99372729125,-0.724249240602)) ;
#2493=CARTESIAN_POINT('Control Point',(0.998557365947,3.99385281358,-0.724021489126)) ;
#2494=CARTESIAN_POINT('Control Point',(0.998086134039,3.99410825916,-0.723550800981)) ;
#2495=CARTESIAN_POINT('Control Point',(0.997612911801,3.99435651854,-0.723078399847)) ;
#2496=CARTESIAN_POINT('Control Point',(0.997368560597,3.99448253756,-0.722834548265)) ;
#2497=CARTESIAN_POINT('Control Point',(0.996878859586,3.99473078692,-0.722346000557)) ;
#2498=CARTESIAN_POINT('Control Point',(0.996387205582,3.99497149811,-0.721855801637)) ;
#2499=CARTESIAN_POINT('Control Point',(0.996140898919,3.99508997788,-0.721610300752)) ;
#2500=CARTESIAN_POINT('Control Point',(0.995647364254,3.99532319501,-0.721118534975)) ;
#2501=CARTESIAN_POINT('Control Point',(0.995152028746,3.99554896476,-0.720625276693)) ;
#2502=CARTESIAN_POINT('Control Point',(0.994903919301,3.99565999596,-0.720378285623)) ;
#2503=CARTESIAN_POINT('Control Point',(0.994406851503,3.99587836116,-0.719883614854)) ;
#2504=CARTESIAN_POINT('Control Point',(0.993908127154,3.99608936687,-0.719387601768)) ;
#2505=CARTESIAN_POINT('Control Point',(0.993658358886,3.99619303768,-0.719139270262)) ;
#2506=CARTESIAN_POINT('Control Point',(0.9931580458,3.9963967242,-0.718641993594)) ;
#2507=CARTESIAN_POINT('Control Point',(0.992656213235,3.99659313607,-0.718143516949)) ;
#2508=CARTESIAN_POINT('Control Point',(0.992404926483,3.99668953013,-0.717893990489)) ;
#2509=CARTESIAN_POINT('Control Point',(0.991901639078,3.99687870621,-0.717394388915)) ;
#2510=CARTESIAN_POINT('Control Point',(0.991396962614,3.99706068911,-0.716893722448)) ;
#2511=CARTESIAN_POINT('Control Point',(0.991144284697,3.99714988923,-0.716643132943)) ;
#2512=CARTESIAN_POINT('Control Point',(0.990638277957,3.99732471719,-0.716141470327)) ;
#2513=CARTESIAN_POINT('Control Point',(0.990131006465,3.99749242978,-0.71563887122)) ;
#2514=CARTESIAN_POINT('Control Point',(0.98987706205,3.99757451376,-0.715387347342)) ;
#2515=CARTESIAN_POINT('Control Point',(0.989368581898,3.99773514752,-0.714883877348)) ;
#2516=CARTESIAN_POINT('Control Point',(0.988858955721,3.99788874004,-0.71437959314)) ;
#2517=CARTESIAN_POINT('Control Point',(0.988603863312,3.99796378215,-0.71412725686)) ;
#2518=CARTESIAN_POINT('Control Point',(0.987813474139,3.998190639,-0.713345662498)) ;
#2519=CARTESIAN_POINT('Control Point',(0.987020612319,3.99840079996,-0.712562397436)) ;
#2520=CARTESIAN_POINT('Control Point',(0.986482846228,3.99853546541,-0.712031505531)) ;
#2521=CARTESIAN_POINT('Control Point',(0.985405393472,3.99878969222,-0.710968558943)) ;
#2522=CARTESIAN_POINT('Control Point',(0.984324390177,3.99901390813,-0.709903552371)) ;
#2523=CARTESIAN_POINT('Control Point',(0.983783067965,3.99911855985,-0.709370610517)) ;
#2524=CARTESIAN_POINT('Control Point',(0.981557535137,3.99951778583,-0.707181055034)) ;
#2525=CARTESIAN_POINT('Control Point',(0.979320870799,3.99979269786,-0.704986698525)) ;
#2526=CARTESIAN_POINT('Control Point',(0.97760969366,3.99993036654,-0.703337866531)) ;
#2527=CARTESIAN_POINT('Control Point',(0.97591272203,4.,-0.701668933265)) ;
#2528=CARTESIAN_POINT('Control Point',(0.974215750399,4.,-0.7)) ;
#2531=CARTESIAN_POINT('Control Point',(0.984820043414,3.95,-0.769230769231)) ;
#2532=CARTESIAN_POINT('Control Point',(0.984820043414,3.95022319507,-0.769230769231)) ;
#2533=CARTESIAN_POINT('Control Point',(0.984819780918,3.95044638937,-0.769229081677)) ;
#2534=CARTESIAN_POINT('Control Point',(0.984818347584,3.95093765891,-0.769219867148)) ;
#2535=CARTESIAN_POINT('Control Point',(0.984816257141,3.95138633572,-0.769206427262)) ;
#2536=CARTESIAN_POINT('Control Point',(0.984813106732,3.9518347474,-0.769186173802)) ;
#2537=CARTESIAN_POINT('Control Point',(0.984808898362,3.95231541274,-0.769159118163)) ;
#2538=CARTESIAN_POINT('Control Point',(0.984804132637,3.95276992494,-0.769128477542)) ;
#2539=CARTESIAN_POINT('Control Point',(0.984798280624,3.95322389669,-0.769090854508)) ;
#2540=CARTESIAN_POINT('Control Point',(0.984791527378,3.95368642432,-0.769047435656)) ;
#2541=CARTESIAN_POINT('Control Point',(0.984783989071,3.95414856627,-0.768998966537)) ;
#2542=CARTESIAN_POINT('Control Point',(0.984775329807,3.95460987264,-0.768943292)) ;
#2543=CARTESIAN_POINT('Control Point',(0.984766309943,3.95505074462,-0.768885296167)) ;
#2544=CARTESIAN_POINT('Control Point',(0.984755904047,3.95552057173,-0.768818384193)) ;
#2545=CARTESIAN_POINT('Control Point',(0.984744342394,3.95598924994,-0.768744042423)) ;
#2546=CARTESIAN_POINT('Control Point',(0.984733316111,3.95640793136,-0.768673139091)) ;
#2547=CARTESIAN_POINT('Control Point',(0.984719973648,3.95688437367,-0.768587335918)) ;
#2548=CARTESIAN_POINT('Control Point',(0.984705446105,3.95735934197,-0.768493913173)) ;
#2549=CARTESIAN_POINT('Control Point',(0.984692628487,3.95775696094,-0.768411481276)) ;
#2550=CARTESIAN_POINT('Control Point',(0.984676313458,3.9582384106,-0.768306549298)) ;
#2551=CARTESIAN_POINT('Control Point',(0.984658792358,3.95871805727,-0.768193860909)) ;
#2552=CARTESIAN_POINT('Control Point',(0.984644352855,3.95909639744,-0.768100985585)) ;
#2553=CARTESIAN_POINT('Control Point',(0.984625060718,3.95958108035,-0.76797688822)) ;
#2554=CARTESIAN_POINT('Control Point',(0.984604550818,3.9600636349,-0.767844956748)) ;
#2555=CARTESIAN_POINT('Control Point',(0.984588620774,3.96042461533,-0.767742477807)) ;
#2556=CARTESIAN_POINT('Control Point',(0.984566036453,3.96091816093,-0.767597179404)) ;
#2557=CARTESIAN_POINT('Control Point',(0.984542194544,3.96140918807,-0.767443787477)) ;
#2558=CARTESIAN_POINT('Control Point',(0.984524334603,3.96176477874,-0.767328872229)) ;
#2559=CARTESIAN_POINT('Control Point',(0.984498351133,3.9622654269,-0.767161673074)) ;
#2560=CARTESIAN_POINT('Control Point',(0.984471079577,3.96276315423,-0.766986180049)) ;
#2561=CARTESIAN_POINT('Control Point',(0.984451837313,3.96310395289,-0.766862344708)) ;
#2562=CARTESIAN_POINT('Control Point',(0.984422829162,3.96360293021,-0.766675642402)) ;
#2563=CARTESIAN_POINT('Control Point',(0.984392547461,3.96409867851,-0.766480735077)) ;
#2564=CARTESIAN_POINT('Control Point',(0.984371997933,3.96442612931,-0.76634845623)) ;
#2565=CARTESIAN_POINT('Control Point',(0.984340042847,3.96492207633,-0.7661427386)) ;
#2566=CARTESIAN_POINT('Control Point',(0.984306835637,3.96541450909,-0.765928948595)) ;
#2567=CARTESIAN_POINT('Control Point',(0.984285043481,3.96572981094,-0.765788635604)) ;
#2568=CARTESIAN_POINT('Control Point',(0.984250229985,3.96622153503,-0.765564459155)) ;
#2569=CARTESIAN_POINT('Control Point',(0.984214191523,3.9667094843,-0.765332379419)) ;
#2570=CARTESIAN_POINT('Control Point',(0.98419121633,3.96701359975,-0.765184409072)) ;
#2571=CARTESIAN_POINT('Control Point',(0.984153639211,3.96750008553,-0.764942370119)) ;
#2572=CARTESIAN_POINT('Control Point',(0.984114868816,3.96798256105,-0.76469262577)) ;
#2573=CARTESIAN_POINT('Control Point',(0.984090763032,3.96827631266,-0.764537328778)) ;
#2574=CARTESIAN_POINT('Control Point',(0.984050520588,3.96875670188,-0.764278045874)) ;
#2575=CARTESIAN_POINT('Control Point',(0.984009120025,3.96923287029,-0.764011277478)) ;
#2576=CARTESIAN_POINT('Control Point',(0.983983934704,3.96951691391,-0.763848975579)) ;
#2577=CARTESIAN_POINT('Control Point',(0.983941129084,3.9699904613,-0.76357309186)) ;
#2578=CARTESIAN_POINT('Control Point',(0.983897203153,3.97045960187,-0.763289959406)) ;
#2579=CARTESIAN_POINT('Control Point',(0.983870986989,3.97073448168,-0.763120959157)) ;
#2580=CARTESIAN_POINT('Control Point',(0.983824559842,3.97121251694,-0.762821635723)) ;
#2581=CARTESIAN_POINT('Control Point',(0.983776995887,3.97168574533,-0.762514948334)) ;
#2582=CARTESIAN_POINT('Control Point',(0.983748364431,3.97196543836,-0.762330312928)) ;
#2583=CARTESIAN_POINT('Control Point',(0.983698211232,3.97244660964,-0.76200684986)) ;
#2584=CARTESIAN_POINT('Control Point',(0.983646911598,3.97292257015,-0.761675950614)) ;
#2585=CARTESIAN_POINT('Control Point',(0.983617245825,3.97319307113,-0.761484572504)) ;
#2586=CARTESIAN_POINT('Control Point',(0.983564611507,3.97366485266,-0.761144977388)) ;
#2587=CARTESIAN_POINT('Control Point',(0.983510879147,3.97413128699,-0.760798249674)) ;
#2588=CARTESIAN_POINT('Control Point',(0.983480231349,3.97439296283,-0.760600457816)) ;
#2589=CARTESIAN_POINT('Control Point',(0.983425234326,3.9748549211,-0.760245476598)) ;
#2590=CARTESIAN_POINT('Control Point',(0.983369187891,3.97531141938,-0.759883667925)) ;
#2591=CARTESIAN_POINT('Control Point',(0.983337608468,3.97556458789,-0.75967977932)) ;
#2592=CARTESIAN_POINT('Control Point',(0.983280366208,3.97601635564,-0.75931015224)) ;
#2593=CARTESIAN_POINT('Control Point',(0.983222122976,3.97646257254,-0.758934001762)) ;
#2594=CARTESIAN_POINT('Control Point',(0.983189662969,3.9767074942,-0.75872433781)) ;
#2595=CARTESIAN_POINT('Control Point',(0.983130288767,3.97714878384,-0.758340778723)) ;
#2596=CARTESIAN_POINT('Control Point',(0.983069961412,3.97758445139,-0.757950996444)) ;
#2597=CARTESIAN_POINT('Control Point',(0.983036666591,3.97782138327,-0.757735844822)) ;
#2598=CARTESIAN_POINT('Control Point',(0.98297526876,3.97825197627,-0.757339035971)) ;
#2599=CARTESIAN_POINT('Control Point',(0.982912964628,3.97867689338,-0.756936298121)) ;
#2600=CARTESIAN_POINT('Control Point',(0.982878881119,3.97890605117,-0.756715949118)) ;
#2601=CARTESIAN_POINT('Control Point',(0.982815565766,3.97932576808,-0.756306559166)) ;
#2602=CARTESIAN_POINT('Control Point',(0.982751389822,3.97973977106,-0.755891527279)) ;
#2603=CARTESIAN_POINT('Control Point',(0.982716561645,3.97996135328,-0.755666257924)) ;
#2604=CARTESIAN_POINT('Control Point',(0.982649204443,3.98038403063,-0.755230527692)) ;
#2605=CARTESIAN_POINT('Control Point',(0.982580974284,3.98080057099,-0.754789061422)) ;
#2606=CARTESIAN_POINT('Control Point',(0.982542966643,3.98102927332,-0.754543104247)) ;
#2607=CARTESIAN_POINT('Control Point',(0.982471461406,3.98145340858,-0.754080303609)) ;
#2608=CARTESIAN_POINT('Control Point',(0.98239907703,3.98187098187,-0.75361171124)) ;
#2609=CARTESIAN_POINT('Control Point',(0.982360316577,3.98209144515,-0.753360749433)) ;
#2610=CARTESIAN_POINT('Control Point',(0.982286968419,3.98250282013,-0.75288576821)) ;
#2611=CARTESIAN_POINT('Control Point',(0.982212791446,3.98290763332,-0.752405311511)) ;
#2612=CARTESIAN_POINT('Control Point',(0.982173325566,3.98312004765,-0.752149643579)) ;
#2613=CARTESIAN_POINT('Control Point',(0.982098243934,3.98351862096,-0.751663172005)) ;
#2614=CARTESIAN_POINT('Control Point',(0.982022381757,3.98391064462,-0.751171528379)) ;
#2615=CARTESIAN_POINT('Control Point',(0.98198225509,3.98411519102,-0.750911435561)) ;
#2616=CARTESIAN_POINT('Control Point',(0.981905545543,3.98450094519,-0.750414139766)) ;
#2617=CARTESIAN_POINT('Control Point',(0.981828101665,3.98488017228,-0.749911962521)) ;
#2618=CARTESIAN_POINT('Control Point',(0.981787358341,3.98507701346,-0.749647723273)) ;
#2619=CARTESIAN_POINT('Control Point',(0.981709120168,3.98544996399,-0.749140229849)) ;
#2620=CARTESIAN_POINT('Control Point',(0.981630191794,3.9858164186,-0.748628132587)) ;
#2621=CARTESIAN_POINT('Control Point',(0.981588870473,3.98600572484,-0.748359990393)) ;
#2622=CARTESIAN_POINT('Control Point',(0.981509196594,3.98636591476,-0.747842885726)) ;
#2623=CARTESIAN_POINT('Control Point',(0.981428874572,3.98671964685,-0.747321441886)) ;
#2624=CARTESIAN_POINT('Control Point',(0.98138701345,3.98690157213,-0.747049637729)) ;
#2625=CARTESIAN_POINT('Control Point',(0.981305993369,3.98724905541,-0.746523487109)) ;
#2626=CARTESIAN_POINT('Control Point',(0.9812243652,3.98759012486,-0.745993249495)) ;
#2627=CARTESIAN_POINT('Control Point',(0.98118200004,3.98776481784,-0.745718009047)) ;
#2628=CARTESIAN_POINT('Control Point',(0.981096795072,3.98811156083,-0.745164351642)) ;
#2629=CARTESIAN_POINT('Control Point',(0.981010978904,3.98845147844,-0.744606569088)) ;
#2630=CARTESIAN_POINT('Control Point',(0.980965052945,3.98863083701,-0.744308008281)) ;
#2631=CARTESIAN_POINT('Control Point',(0.980875597565,3.988975297,-0.743726361113)) ;
#2632=CARTESIAN_POINT('Control Point',(0.980785532832,3.98931252067,-0.743140581445)) ;
#2633=CARTESIAN_POINT('Control Point',(0.980739106143,3.98948390671,-0.742838567782)) ;
#2634=CARTESIAN_POINT('Control Point',(0.980648391602,3.98981407315,-0.742248346373)) ;
#2635=CARTESIAN_POINT('Control Point',(0.980557109799,3.9901370718,-0.74165425796)) ;
#2636=CARTESIAN_POINT('Control Point',(0.980510219299,3.99030064433,-0.741349024865)) ;
#2637=CARTESIAN_POINT('Control Point',(0.980418334063,3.99061663824,-0.740750789344)) ;
#2638=CARTESIAN_POINT('Control Point',(0.980325921413,3.99092553566,-0.740148938375)) ;
#2639=CARTESIAN_POINT('Control Point',(0.980278601508,3.99108144753,-0.739840703498)) ;
#2640=CARTESIAN_POINT('Control Point',(0.980185630087,3.99138339418,-0.739234989558)) ;
#2641=CARTESIAN_POINT('Control Point',(0.980092168985,3.9916783176,-0.738625898589)) ;
#2642=CARTESIAN_POINT('Control Point',(0.980044453232,3.9918267109,-0.738314874626)) ;
#2643=CARTESIAN_POINT('Control Point',(0.979950474651,3.99211474427,-0.737702183509)) ;
#2644=CARTESIAN_POINT('Control Point',(0.97985604211,3.99239582871,-0.73708634131)) ;
#2645=CARTESIAN_POINT('Control Point',(0.979807959858,3.99253684604,-0.736772714073)) ;
#2646=CARTESIAN_POINT('Control Point',(0.979712920495,3.99281147412,-0.736152682912)) ;
#2647=CARTESIAN_POINT('Control Point',(0.979617459865,3.99307920935,-0.73552970694)) ;
#2648=CARTESIAN_POINT('Control Point',(0.979569552458,3.99321156649,-0.735217004667)) ;
#2649=CARTESIAN_POINT('Control Point',(0.979473541308,3.99347284572,-0.734590201414)) ;
#2650=CARTESIAN_POINT('Control Point',(0.979377140143,3.99372729125,-0.733960650863)) ;
#2651=CARTESIAN_POINT('Control Point',(0.979328845294,3.99385281358,-0.733645200632)) ;
#2652=CARTESIAN_POINT('Control Point',(0.979229028701,3.99410825916,-0.732993100445)) ;
#2653=CARTESIAN_POINT('Control Point',(0.979128829942,3.99435651854,-0.732338285672)) ;
#2654=CARTESIAN_POINT('Control Point',(0.979077103924,3.99448253756,-0.732000180067)) ;
#2655=CARTESIAN_POINT('Control Point',(0.978973464916,3.99473078692,-0.731322611004)) ;
#2656=CARTESIAN_POINT('Control Point',(0.978869455056,3.99497149811,-0.730642381862)) ;
#2657=CARTESIAN_POINT('Control Point',(0.978817360979,3.99508997788,-0.730301615626)) ;
#2658=CARTESIAN_POINT('Control Point',(0.978713002575,3.99532319501,-0.729618832273)) ;
#2659=CARTESIAN_POINT('Control Point',(0.978608306385,3.99554896476,-0.728933599622)) ;
#2660=CARTESIAN_POINT('Control Point',(0.978555877343,3.99565999596,-0.728590384175)) ;
#2661=CARTESIAN_POINT('Control Point',(0.978450864656,3.99587836116,-0.727902802622)) ;
#2662=CARTESIAN_POINT('Control Point',(0.978345545463,3.99608936687,-0.727212971534)) ;
#2663=CARTESIAN_POINT('Control Point',(0.978292812591,3.99619303768,-0.7268675061)) ;
#2664=CARTESIAN_POINT('Control Point',(0.978187207818,3.9963967242,-0.726175524624)) ;
#2665=CARTESIAN_POINT('Control Point',(0.978081326178,3.99659313607,-0.725481483254)) ;
#2666=CARTESIAN_POINT('Control Point',(0.978028319733,3.99668953013,-0.725133961915)) ;
#2667=CARTESIAN_POINT('Control Point',(0.977922181287,3.99687870621,-0.724437955187)) ;
#2668=CARTESIAN_POINT('Control Point',(0.977815794095,3.99706068911,-0.723740068877)) ;
#2669=CARTESIAN_POINT('Control Point',(0.977762541478,3.99714988923,-0.72339066758)) ;
#2670=CARTESIAN_POINT('Control Point',(0.977655924186,3.99732471719,-0.722690987921)) ;
#2671=CARTESIAN_POINT('Control Point',(0.977549084873,3.99749242978,-0.721989600416)) ;
#2672=CARTESIAN_POINT('Control Point',(0.977495612824,3.99757451376,-0.721638491326)) ;
#2673=CARTESIAN_POINT('Control Point',(0.977388569399,3.99773514752,-0.720935478296)) ;
#2674=CARTESIAN_POINT('Control Point',(0.9772813294,3.99788874004,-0.720230921324)) ;
#2675=CARTESIAN_POINT('Control Point',(0.977227663263,3.99796378215,-0.719878267975)) ;
#2676=CARTESIAN_POINT('Control Point',(0.977061420857,3.998190639,-0.718785626516)) ;
#2677=CARTESIAN_POINT('Control Point',(0.976894765782,3.99840079996,-0.717689662657)) ;
#2678=CARTESIAN_POINT('Control Point',(0.976781786028,3.99853546541,-0.716946363421)) ;
#2679=CARTESIAN_POINT('Control Point',(0.976555533794,3.99878969222,-0.715457205987)) ;
#2680=CARTESIAN_POINT('Control Point',(0.976328733731,3.99901390813,-0.713963311391)) ;
#2681=CARTESIAN_POINT('Control Point',(0.976215217059,3.99911855985,-0.713215277037)) ;
#2682=CARTESIAN_POINT('Control Point',(0.975748743893,3.99951778583,-0.710140079467)) ;
#2683=CARTESIAN_POINT('Control Point',(0.975280769697,3.99979269786,-0.707050188797)) ;
#2684=CARTESIAN_POINT('Control Point',(0.974952345399,3.99993083362,-0.704672161329)) ;
#2685=CARTESIAN_POINT('Control Point',(0.974586939109,4.,-0.702334574019)) ;
#2686=CARTESIAN_POINT('Control Point',(0.974215750399,4.,-0.7)) ;
#2694=CARTESIAN_POINT('Axis2P3D Location',(-0.000463684082032,3.95,-1.08246744901E-015)) ;
#2699=CARTESIAN_POINT('Axis2P3D Location',(-1.20046368408,3.95,-9.49240686055E-016)) ;
#2711=CARTESIAN_POINT('Axis2P3D Location',(8.04447375488,3.95,-0.7)) ;
#2716=CARTESIAN_POINT('Axis2P3D Location',(1.64941119385,3.95,-0.7)) ;
#2728=CARTESIAN_POINT('Axis2P3D Location',(1.64941119385,4.05,-0.7)) ;
#2733=CARTESIAN_POINT('Axis2P3D Location',(1.74941119385,4.05,-0.7)) ;
#2737=CARTESIAN_POINT('Vertex',(1.69941119385,4.05,-0.7)) ;
#2740=CARTESIAN_POINT('Axis2P3D Location',(1.64941119385,4.05,-0.7)) ;
#2752=CARTESIAN_POINT('Axis2P3D Location',(1.74941119385,-3.5527136788E-015,-0.7)) ;
#2757=CARTESIAN_POINT('Axis2P3D Location',(1.74941119385,7.4,-0.7)) ;
#2761=CARTESIAN_POINT('Vertex',(1.69941119385,7.4,-0.7)) ;
#2764=CARTESIAN_POINT('Line Origine',(1.69941119385,-3.5527136788E-015,-0.7)) ;
#2776=CARTESIAN_POINT('Axis2P3D Location',(1.74941119385,7.4,-0.15)) ;
#2781=CARTESIAN_POINT('Axis2P3D Location',(1.74941119385,7.95,-0.15)) ;
#2785=CARTESIAN_POINT('Vertex',(1.69941119385,7.95,-0.15)) ;
#2787=CARTESIAN_POINT('Vertex',(1.74941119385,8.,-0.15)) ;
#2790=CARTESIAN_POINT('Axis2P3D Location',(1.74941119385,7.4,-0.15)) ;
#2795=CARTESIAN_POINT('Axis2P3D Location',(1.69941119385,7.4,-0.15)) ;
#2807=CARTESIAN_POINT('Axis2P3D Location',(1.74941119385,7.95,0.)) ;
#2812=CARTESIAN_POINT('Axis2P3D Location',(1.74941119385,7.95,0.15)) ;
#2816=CARTESIAN_POINT('Vertex',(1.69941119385,7.95,0.15)) ;
#2818=CARTESIAN_POINT('Vertex',(1.74941119385,8.,0.15)) ;
#2821=CARTESIAN_POINT('Line Origine',(1.74941119385,8.,0.)) ;
#2826=CARTESIAN_POINT('Line Origine',(1.69941119385,7.95,0.)) ;
#2838=CARTESIAN_POINT('Axis2P3D Location',(1.74941119385,7.4,0.15)) ;
#2843=CARTESIAN_POINT('Axis2P3D Location',(1.74941119385,7.4,0.7)) ;
#2847=CARTESIAN_POINT('Vertex',(1.69941119385,7.4,0.7)) ;
#2849=CARTESIAN_POINT('Vertex',(1.74941119385,7.4,0.75)) ;
#2852=CARTESIAN_POINT('Axis2P3D Location',(1.74941119385,7.4,0.15)) ;
#2857=CARTESIAN_POINT('Axis2P3D Location',(1.69941119385,7.4,0.15)) ;
#2869=CARTESIAN_POINT('Axis2P3D Location',(1.74941119385,-3.5527136788E-015,0.7)) ;
#2874=CARTESIAN_POINT('Axis2P3D Location',(1.74941119385,4.05,0.7)) ;
#2878=CARTESIAN_POINT('Vertex',(1.69941119385,4.05,0.7)) ;
#2880=CARTESIAN_POINT('Vertex',(1.74941119385,4.05,0.75)) ;
#2883=CARTESIAN_POINT('Line Origine',(1.74941119385,-3.5527136788E-015,0.75)) ;
#2888=CARTESIAN_POINT('Line Origine',(1.69941119385,-3.5527136788E-015,0.7)) ;
#2900=CARTESIAN_POINT('Axis2P3D Location',(1.64941119385,4.05,0.7)) ;
#2905=CARTESIAN_POINT('Axis2P3D Location',(1.64941119385,3.95,0.7)) ;
#2909=CARTESIAN_POINT('Vertex',(1.64941119385,3.95,0.75)) ;
#2912=CARTESIAN_POINT('Axis2P3D Location',(1.64941119385,4.05,0.75)) ;
#2917=CARTESIAN_POINT('Axis2P3D Location',(1.64941119385,4.05,0.7)) ;
#2929=CARTESIAN_POINT('Axis2P3D Location',(8.04200424722,3.95,0.7)) ;
#2934=CARTESIAN_POINT('Axis2P3D Location',(1.02423139251,3.95,0.7)) ;
#2939=CARTESIAN_POINT('Line Origine',(8.04200424722,3.95,0.75)) ;
#2951=CARTESIAN_POINT('Axis2P3D Location',(1.02423139251,3.95,0.8)) ;
#2956=CARTESIAN_POINT('Axis2P3D Location',(0.945408694314,3.95,0.738461538462)) ;
#2968=CARTESIAN_POINT('Axis2P3D Location',(-0.000463684082034,3.95,4.21884749358E-015)) ;
#2980=CARTESIAN_POINT('Axis2P3D Location',(1.64941119385,4.05,1.11022302463E-016)) ;
#2985=CARTESIAN_POINT('Line Origine',(1.69941119385,4.05,0.)) ;
#3006=CARTESIAN_POINT('Axis2P3D Location',(8.34947375488,7.4,-0.15)) ;
#3011=CARTESIAN_POINT('Line Origine',(8.34947375488,8.,-0.15)) ;
#3015=CARTESIAN_POINT('Vertex',(14.1994111938,8.,-0.15)) ;
#3018=CARTESIAN_POINT('Axis2P3D Location',(14.1994111938,7.4,-0.15)) ;
#3030=CARTESIAN_POINT('Axis2P3D Location',(1.69941119385,8.,0.)) ;
#3035=CARTESIAN_POINT('Line Origine',(7.97441119385,8.,0.15)) ;
#3039=CARTESIAN_POINT('Vertex',(14.1994111938,8.,0.15)) ;
#3042=CARTESIAN_POINT('Line Origine',(14.1994111938,8.,-5.55111512313E-017)) ;
#3054=CARTESIAN_POINT('Axis2P3D Location',(8.34947375488,7.4,0.15)) ;
#3059=CARTESIAN_POINT('Line Origine',(8.34947375488,7.4,0.75)) ;
#3063=CARTESIAN_POINT('Vertex',(14.1994111938,7.4,0.75)) ;
#3066=CARTESIAN_POINT('Axis2P3D Location',(14.1994111938,7.4,0.15)) ;
#3079=CARTESIAN_POINT('Control Point',(1.1901244059,-8.,-0.15)) ;
#3080=CARTESIAN_POINT('Control Point',(1.1901244059,-8.,-0.15)) ;
#3081=CARTESIAN_POINT('Control Point',(1.1901244059,-8.,-0.15)) ;
#3082=CARTESIAN_POINT('Control Point',(1.1901244059,-8.,-0.15)) ;
#3083=CARTESIAN_POINT('Control Point',(1.1901244059,-8.,-0.15)) ;
#3084=CARTESIAN_POINT('Control Point',(1.1901244059,-8.,-0.15)) ;
#3085=CARTESIAN_POINT('Control Point',(1.19837501723,-8.00059725617,-0.262112819318)) ;
#3086=CARTESIAN_POINT('Control Point',(1.20318062104,-8.00120638068,-0.260749733613)) ;
#3087=CARTESIAN_POINT('Control Point',(1.20761657124,-8.0015170132,-0.259327130427)) ;
#3088=CARTESIAN_POINT('Control Point',(1.21191299229,-8.00149543713,-0.257983943921)) ;
#3089=CARTESIAN_POINT('Control Point',(1.21615530474,-8.00132090836,-0.256742204561)) ;
#3090=CARTESIAN_POINT('Control Point',(1.22039761706,-8.00110261379,-0.255471033219)) ;
#3091=CARTESIAN_POINT('Control Point',(1.19471871875,-7.98294887346,-0.379133821831)) ;
#3092=CARTESIAN_POINT('Control Point',(1.20305832554,-7.97504433537,-0.378554583677)) ;
#3093=CARTESIAN_POINT('Control Point',(1.21249591049,-7.96991987415,-0.378020203849)) ;
#3094=CARTESIAN_POINT('Control Point',(1.22228295744,-7.96746723115,-0.377156387755)) ;
#3095=CARTESIAN_POINT('Control Point',(1.23220305079,-7.96709719419,-0.375940572942)) ;
#3096=CARTESIAN_POINT('Control Point',(1.24212314485,-7.96852103667,-0.374804018565)) ;
#3097=CARTESIAN_POINT('Control Point',(1.15481465447,-7.95,-0.477317462994)) ;
#3098=CARTESIAN_POINT('Control Point',(1.15743852197,-7.9381957054,-0.47096676869)) ;
#3099=CARTESIAN_POINT('Control Point',(1.16437290325,-7.92639141079,-0.466397016197)) ;
#3100=CARTESIAN_POINT('Control Point',(1.17523899584,-7.91644317393,-0.464620711825)) ;
#3101=CARTESIAN_POINT('Control Point',(1.18813239193,-7.91009453786,-0.465949173368)) ;
#3102=CARTESIAN_POINT('Control Point',(1.20102578801,-7.90769230769,-0.469763226013)) ;
#3104=CARTESIAN_POINT('Control Point',(1.1901244059,-8.,-0.15)) ;
#3105=CARTESIAN_POINT('Control Point',(1.19119979196,-8.,-0.153801456705)) ;
#3106=CARTESIAN_POINT('Control Point',(1.19227517803,-8.,-0.157602913411)) ;
#3107=CARTESIAN_POINT('Control Point',(1.19339543129,-7.99991014316,-0.161379158812)) ;
#3108=CARTESIAN_POINT('Control Point',(1.19589907816,-7.99969706498,-0.170367967643)) ;
#3109=CARTESIAN_POINT('Control Point',(1.19831301105,-7.9993136099,-0.179394559761)) ;
#3110=CARTESIAN_POINT('Control Point',(1.19967432838,-7.99903499505,-0.184615380707)) ;
#3111=CARTESIAN_POINT('Control Point',(1.20330412675,-7.9981149816,-0.198917849874)) ;
#3112=CARTESIAN_POINT('Control Point',(1.20666949409,-7.9967574602,-0.213299440547)) ;
#3113=CARTESIAN_POINT('Control Point',(1.20868749921,-7.99571744181,-0.222448023516)) ;
#3114=CARTESIAN_POINT('Control Point',(1.21321035777,-7.99279433062,-0.244384540107)) ;
#3115=CARTESIAN_POINT('Control Point',(1.21694004778,-7.98881402931,-0.266420726589)) ;
#3116=CARTESIAN_POINT('Control Point',(1.21881050025,-7.98613274472,-0.279261946922)) ;
#3117=CARTESIAN_POINT('Control Point',(1.22188182107,-7.98002815809,-0.304942777755)) ;
#3118=CARTESIAN_POINT('Control Point',(1.22345619669,-7.97243479977,-0.330516432877)) ;
#3119=CARTESIAN_POINT('Control Point',(1.22383006569,-7.96826409352,-0.343252910461)) ;
#3120=CARTESIAN_POINT('Control Point',(1.2236760201,-7.95984368396,-0.366715761331)) ;
#3121=CARTESIAN_POINT('Control Point',(1.22178942068,-7.95019381802,-0.389761608463)) ;
#3122=CARTESIAN_POINT('Control Point',(1.22052332701,-7.94549472627,-0.400267555814)) ;
#3123=CARTESIAN_POINT('Control Point',(1.21713524136,-7.93561601233,-0.421001721113)) ;
#3124=CARTESIAN_POINT('Control Point',(1.21191281855,-7.9248652661,-0.441049652873)) ;
#3125=CARTESIAN_POINT('Control Point',(1.20881194152,-7.91929267751,-0.450872206598)) ;
#3126=CARTESIAN_POINT('Control Point',(1.20519163179,-7.91355433873,-0.460456001715)) ;
#3127=CARTESIAN_POINT('Control Point',(1.20102578801,-7.90769230769,-0.469763226013)) ;
#3128=CARTESIAN_POINT('Vertex',(1.20102578903,-7.90769230735,-0.469763226564)) ;
#3132=CARTESIAN_POINT('Control Point',(1.1901244059,-8.,-0.15)) ;
#3133=CARTESIAN_POINT('Control Point',(1.19043433722,-8.,-0.15398209408)) ;
#3134=CARTESIAN_POINT('Control Point',(1.19074426854,-8.,-0.15796418816)) ;
#3135=CARTESIAN_POINT('Control Point',(1.19099958264,-7.99995132775,-0.162005632491)) ;
#3136=CARTESIAN_POINT('Control Point',(1.19161662858,-7.99983591013,-0.171458734295)) ;
#3137=CARTESIAN_POINT('Control Point',(1.19214614978,-7.99962820517,-0.180916000507)) ;
#3138=CARTESIAN_POINT('Control Point',(1.1924217853,-7.9994772886,-0.18637424474)) ;
#3139=CARTESIAN_POINT('Control Point',(1.19309122242,-7.99897894903,-0.201295782267)) ;
#3140=CARTESIAN_POINT('Control Point',(1.19352463744,-7.99824362313,-0.216215944642)) ;
#3141=CARTESIAN_POINT('Control Point',(1.19370014,-7.99768027833,-0.225674682748)) ;
#3142=CARTESIAN_POINT('Control Point',(1.19387083863,-7.99609693277,-0.24828116557)) ;
#3143=CARTESIAN_POINT('Control Point',(1.19341612808,-7.99394092742,-0.270826264907)) ;
#3144=CARTESIAN_POINT('Control Point',(1.1929256925,-7.99248855894,-0.28391416681)) ;
#3145=CARTESIAN_POINT('Control Point',(1.19146161567,-7.98918193008,-0.310003306442)) ;
#3146=CARTESIAN_POINT('Control Point',(1.18896052054,-7.98506883876,-0.335853162714)) ;
#3147=CARTESIAN_POINT('Control Point',(1.18743280386,-7.98280969651,-0.34870418948)) ;
#3148=CARTESIAN_POINT('Control Point',(1.18404990252,-7.97824867993,-0.372357942266)) ;
#3149=CARTESIAN_POINT('Control Point',(1.17957458036,-7.97302163624,-0.395606969169)) ;
#3150=CARTESIAN_POINT('Control Point',(1.17726758959,-7.97047628562,-0.406218500406)) ;
#3151=CARTESIAN_POINT('Control Point',(1.17213538733,-7.96512536446,-0.427209806695)) ;
#3152=CARTESIAN_POINT('Control Point',(1.16591368795,-7.95930199468,-0.447657535153)) ;
#3153=CARTESIAN_POINT('Control Point',(1.16251640718,-7.95628349616,-0.457728218074)) ;
#3154=CARTESIAN_POINT('Control Point',(1.15882027349,-7.95317526681,-0.467622437684)) ;
#3155=CARTESIAN_POINT('Control Point',(1.15481465447,-7.95,-0.477317462994)) ;
#3158=CARTESIAN_POINT('Control Point',(1.15481465447,-7.95,-0.477317462994)) ;
#3159=CARTESIAN_POINT('Control Point',(1.15918776698,-7.93032617566,-0.466732972488)) ;
#3160=CARTESIAN_POINT('Control Point',(1.17953679454,-7.91169602464,-0.463406471605)) ;
#3161=CARTESIAN_POINT('Control Point',(1.20102578801,-7.90769230769,-0.469763226013)) ;
#3170=CARTESIAN_POINT('Control Point',(1.15481465454,-7.95,-0.4773174616)) ;
#3171=CARTESIAN_POINT('Control Point',(1.15743852199,-7.93819570488,-0.470966767461)) ;
#3172=CARTESIAN_POINT('Control Point',(1.16437290339,-7.92639140976,-0.4663970152)) ;
#3173=CARTESIAN_POINT('Control Point',(1.17523899628,-7.91644317254,-0.464620711142)) ;
#3174=CARTESIAN_POINT('Control Point',(1.1881323927,-7.91009453641,-0.465949173041)) ;
#3175=CARTESIAN_POINT('Control Point',(1.20102578903,-7.90769230645,-0.469763226007)) ;
#3176=CARTESIAN_POINT('Control Point',(1.11114734994,-7.88076958934,-0.583007942727)) ;
#3177=CARTESIAN_POINT('Control Point',(1.11493156005,-7.87114416404,-0.575495056706)) ;
#3178=CARTESIAN_POINT('Control Point',(1.12215657269,-7.86151873875,-0.569865443516)) ;
#3179=CARTESIAN_POINT('Control Point',(1.13231358005,-7.85309588941,-0.567143822949)) ;
#3180=CARTESIAN_POINT('Control Point',(1.14396267377,-7.84704032735,-0.567751573014)) ;
#3181=CARTESIAN_POINT('Control Point',(1.15561176941,-7.84378734197,-0.571226055708)) ;
#3182=CARTESIAN_POINT('Control Point',(1.06124120209,-7.78572860196,-0.669550909263)) ;
#3183=CARTESIAN_POINT('Control Point',(1.0660552632,-7.77859375472,-0.661879979656)) ;
#3184=CARTESIAN_POINT('Control Point',(1.07343340693,-7.77145890748,-0.655940689206)) ;
#3185=CARTESIAN_POINT('Control Point',(1.08284330873,-7.76494922492,-0.652523355061)) ;
#3186=CARTESIAN_POINT('Control Point',(1.09327637688,-7.7596877005,-0.652039105589)) ;
#3187=CARTESIAN_POINT('Control Point',(1.10370944043,-7.75605711209,-0.654307401677)) ;
#3188=CARTESIAN_POINT('Control Point',(1.01156269226,-7.67218670873,-0.734976753414)) ;
#3189=CARTESIAN_POINT('Control Point',(1.016885505,-7.66736350238,-0.727646022875)) ;
#3190=CARTESIAN_POINT('Control Point',(1.02415430167,-7.66254029604,-0.721743666983)) ;
#3191=CARTESIAN_POINT('Control Point',(1.03294083674,-7.65804919673,-0.717862181438)) ;
#3192=CARTESIAN_POINT('Control Point',(1.04249230942,-7.65421813395,-0.716339237631)) ;
#3193=CARTESIAN_POINT('Control Point',(1.05204378079,-7.65125000783,-0.717116222125)) ;
#3194=CARTESIAN_POINT('Control Point',(0.984820013316,-7.5361031082,-0.769230820349)) ;
#3195=CARTESIAN_POINT('Control Point',(0.990407228596,-7.53369123657,-0.762074330314)) ;
#3196=CARTESIAN_POINT('Control Point',(0.997618828948,-7.53127936495,-0.756186030409)) ;
#3197=CARTESIAN_POINT('Control Point',(1.00607291326,-7.52903356331,-0.752060861225)) ;
#3198=CARTESIAN_POINT('Control Point',(1.01515213908,-7.52711781835,-0.750000054914)) ;
#3199=CARTESIAN_POINT('Control Point',(1.02423136477,-7.52563358964,-0.750000057256)) ;
#3200=CARTESIAN_POINT('Control Point',(0.984820036597,-7.40000001344,-0.7692307803)) ;
#3201=CARTESIAN_POINT('Control Point',(0.990407252029,-7.40000001034,-0.76207429011)) ;
#3202=CARTESIAN_POINT('Control Point',(0.997618852016,-7.40000000724,-0.756185989552)) ;
#3203=CARTESIAN_POINT('Control Point',(1.00607293556,-7.40000000435,-0.752060819053)) ;
#3204=CARTESIAN_POINT('Control Point',(1.01515216049,-7.40000000188,-0.750000010755)) ;
#3205=CARTESIAN_POINT('Control Point',(1.02423138542,-7.39999999997,-0.750000010616)) ;
#3207=CARTESIAN_POINT('Control Point',(1.20102578903,-7.90769230645,-0.469763226007)) ;
#3208=CARTESIAN_POINT('Control Point',(1.20044008376,-7.90686812319,-0.471071793595)) ;
#3209=CARTESIAN_POINT('Control Point',(1.19985329927,-7.90603997701,-0.472377303735)) ;
#3210=CARTESIAN_POINT('Control Point',(1.19926545668,-7.90520788095,-0.473679747081)) ;
#3211=CARTESIAN_POINT('Control Point',(1.19380039296,-7.89744912307,-0.485738454722)) ;
#3212=CARTESIAN_POINT('Control Point',(1.18824767431,-7.8893521436,-0.4975318775)) ;
#3213=CARTESIAN_POINT('Control Point',(1.18323526522,-7.88186528872,-0.507838610419)) ;
#3214=CARTESIAN_POINT('Control Point',(1.173120534,-7.8663824688,-0.528008089458)) ;
#3215=CARTESIAN_POINT('Control Point',(1.16287571013,-7.84990412196,-0.547274478506)) ;
#3216=CARTESIAN_POINT('Control Point',(1.1577333763,-7.84142207165,-0.556677609195)) ;
#3217=CARTESIAN_POINT('Control Point',(1.14228593493,-7.81526406604,-0.584183895811)) ;
#3218=CARTESIAN_POINT('Control Point',(1.12690044434,-7.78701700828,-0.609540086515)) ;
#3219=CARTESIAN_POINT('Control Point',(1.11677874293,-7.76729637622,-0.625454707403)) ;
#3220=CARTESIAN_POINT('Control Point',(1.10434159628,-7.74136359184,-0.644215228466)) ;
#3221=CARTESIAN_POINT('Control Point',(1.09251485934,-7.71413012904,-0.661261566314)) ;
#3222=CARTESIAN_POINT('Control Point',(1.09010030195,-7.70845001936,-0.664708581917)) ;
#3223=CARTESIAN_POINT('Control Point',(1.08533173022,-7.69697941679,-0.671453908148)) ;
#3224=CARTESIAN_POINT('Control Point',(1.08069571874,-7.68529513117,-0.677895348611)) ;
#3225=CARTESIAN_POINT('Control Point',(1.07841371443,-7.67940150146,-0.681038483386)) ;
#3226=CARTESIAN_POINT('Control Point',(1.07392462407,-7.66750762991,-0.687170286397)) ;
#3227=CARTESIAN_POINT('Control Point',(1.06959771396,-7.65540984863,-0.692985676521)) ;
#3228=CARTESIAN_POINT('Control Point',(1.06747773577,-7.64931212615,-0.695812602262)) ;
#3229=CARTESIAN_POINT('Control Point',(1.06436546498,-7.64008988822,-0.699931921647)) ;
#3230=CARTESIAN_POINT('Control Point',(1.06136160596,-7.63075968627,-0.70386556392)) ;
#3231=CARTESIAN_POINT('Control Point',(1.06037260787,-7.62763752203,-0.705156098603)) ;
#3232=CARTESIAN_POINT('Control Point',(1.0584202166,-7.62137050977,-0.707695008575)) ;
#3233=CARTESIAN_POINT('Control Point',(1.05651986603,-7.61505728395,-0.710149605062)) ;
#3234=CARTESIAN_POINT('Control Point',(1.05558290354,-7.61188887636,-0.711355823127)) ;
#3235=CARTESIAN_POINT('Control Point',(1.05374910008,-7.60557371985,-0.713709041197)) ;
#3236=CARTESIAN_POINT('Control Point',(1.05197043497,-7.59921493043,-0.715977278199)) ;
#3237=CARTESIAN_POINT('Control Point',(1.05110099395,-7.59604635035,-0.717082653581)) ;
#3238=CARTESIAN_POINT('Control Point',(1.04939075176,-7.58968917796,-0.719250612952)) ;
#3239=CARTESIAN_POINT('Control Point',(1.04773856004,-7.58329109499,-0.721332968562)) ;
#3240=CARTESIAN_POINT('Control Point',(1.04692716702,-7.58008157301,-0.722352734785)) ;
#3241=CARTESIAN_POINT('Control Point',(1.04533482399,-7.57364368874,-0.724348597161)) ;
#3242=CARTESIAN_POINT('Control Point',(1.04380412771,-7.5671672628,-0.726257070058)) ;
#3243=CARTESIAN_POINT('Control Point',(1.04305437336,-7.56391913687,-0.727189448909)) ;
#3244=CARTESIAN_POINT('Control Point',(1.04158707529,-7.55740540482,-0.729009649305)) ;
#3245=CARTESIAN_POINT('Control Point',(1.0401849093,-7.55085575931,-0.730740699043)) ;
#3246=CARTESIAN_POINT('Control Point',(1.03950028806,-7.54757168711,-0.731583918541)) ;
#3247=CARTESIAN_POINT('Control Point',(1.038164889,-7.54098726165,-0.733225013762)) ;
#3248=CARTESIAN_POINT('Control Point',(1.03689795628,-7.53436981839,-0.734775242972)) ;
#3249=CARTESIAN_POINT('Control Point',(1.03628175214,-7.53105242949,-0.735527650175)) ;
#3250=CARTESIAN_POINT('Control Point',(1.03508483637,-7.52440323453,-0.73698623413)) ;
#3251=CARTESIAN_POINT('Control Point',(1.03395951749,-7.51772419196,-0.738352319014)) ;
#3252=CARTESIAN_POINT('Control Point',(1.03341491568,-7.51437692356,-0.739012214505)) ;
#3253=CARTESIAN_POINT('Control Point',(1.03236266769,-7.50766967775,-0.740285022658)) ;
#3254=CARTESIAN_POINT('Control Point',(1.03138488701,-7.50093602731,-0.741463819997)) ;
#3255=CARTESIAN_POINT('Control Point',(1.03091475625,-7.49756229685,-0.742029694917)) ;
#3256=CARTESIAN_POINT('Control Point',(1.03001277441,-7.4908040173,-0.743113770534)) ;
#3257=CARTESIAN_POINT('Control Point',(1.02918782409,-7.48402303451,-0.744102470916)) ;
#3258=CARTESIAN_POINT('Control Point',(1.02879473509,-7.48062657296,-0.744572953862)) ;
#3259=CARTESIAN_POINT('Control Point',(1.0280547669,-7.47388660632,-0.745457538024)) ;
#3260=CARTESIAN_POINT('Control Point',(1.02739260484,-7.4671282147,-0.746247308947)) ;
#3261=CARTESIAN_POINT('Control Point',(1.02708375936,-7.46377519723,-0.746615281951)) ;
#3262=CARTESIAN_POINT('Control Point',(1.02650497671,-7.45706260503,-0.747304226085)) ;
#3263=CARTESIAN_POINT('Control Point',(1.02600429355,-7.45033584666,-0.74789916192)) ;
#3264=CARTESIAN_POINT('Control Point',(1.02577356114,-7.44696864374,-0.7481731078)) ;
#3265=CARTESIAN_POINT('Control Point',(1.0250605458,-7.43557869556,-0.749019089664)) ;
#3266=CARTESIAN_POINT('Control Point',(1.02457436332,-7.42415993406,-0.749594494878)) ;
#3267=CARTESIAN_POINT('Control Point',(1.02434571075,-7.41610981671,-0.749864841542)) ;
#3268=CARTESIAN_POINT('Control Point',(1.0242313841,-7.40805494364,-0.750000013606)) ;
#3269=CARTESIAN_POINT('Control Point',(1.02423138542,-7.39999999997,-0.750000010616)) ;
#3278=CARTESIAN_POINT('Axis2P3D Location',(7.14947375488,-7.4,-0.15)) ;
#3283=CARTESIAN_POINT('Axis2P3D Location',(14.1994111938,-7.4,-0.15)) ;
#3296=CARTESIAN_POINT('Axis2P3D Location',(-0.000463684082031,-7.95,-5.55111512313E-016)) ;
#3301=CARTESIAN_POINT('Axis2P3D Location',(-1.20046368408,-7.95,-8.881784197E-016)) ;
#3314=CARTESIAN_POINT('Control Point',(1.1901244059,-8.,0.15)) ;
#3315=CARTESIAN_POINT('Control Point',(1.1901244059,-8.,0.15)) ;
#3316=CARTESIAN_POINT('Control Point',(1.1901244059,-8.,0.15)) ;
#3317=CARTESIAN_POINT('Control Point',(1.1901244059,-8.,0.15)) ;
#3318=CARTESIAN_POINT('Control Point',(1.1901244059,-8.,0.15)) ;
#3319=CARTESIAN_POINT('Control Point',(1.1901244059,-8.,0.15)) ;
#3320=CARTESIAN_POINT('Control Point',(1.22039743458,-8.00110254037,0.255470754293)) ;
#3321=CARTESIAN_POINT('Control Point',(1.21615513477,-8.00132084534,0.256741911903)) ;
#3322=CARTESIAN_POINT('Control Point',(1.21191283495,-8.00149538492,0.257983642319)) ;
#3323=CARTESIAN_POINT('Control Point',(1.20761643033,-8.00151697121,0.259326826685)) ;
#3324=CARTESIAN_POINT('Control Point',(1.20318050367,-8.00120634418,0.260749434107)) ;
#3325=CARTESIAN_POINT('Control Point',(1.19837492976,-8.0005972164,0.262112528057)) ;
#3326=CARTESIAN_POINT('Control Point',(1.24212328632,-7.96852148459,0.374803090347)) ;
#3327=CARTESIAN_POINT('Control Point',(1.23220323172,-7.96709762673,0.375939674946)) ;
#3328=CARTESIAN_POINT('Control Point',(1.22228317713,-7.96746763062,0.377155505415)) ;
#3329=CARTESIAN_POINT('Control Point',(1.21249615645,-7.96992022446,0.378019319135)) ;
#3330=CARTESIAN_POINT('Control Point',(1.20305857424,-7.97504462977,0.378553680068)) ;
#3331=CARTESIAN_POINT('Control Point',(1.19471894439,-7.98294911608,0.379132888143)) ;
#3332=CARTESIAN_POINT('Control Point',(1.20102578801,-7.90769230769,0.469763226013)) ;
#3333=CARTESIAN_POINT('Control Point',(1.18813239193,-7.91009453786,0.465949173368)) ;
#3334=CARTESIAN_POINT('Control Point',(1.17523899584,-7.91644317393,0.464620711825)) ;
#3335=CARTESIAN_POINT('Control Point',(1.16437290325,-7.92639141079,0.466397016197)) ;
#3336=CARTESIAN_POINT('Control Point',(1.15743852197,-7.9381957054,0.47096676869)) ;
#3337=CARTESIAN_POINT('Control Point',(1.15481465447,-7.95,0.477317462994)) ;
#3339=CARTESIAN_POINT('Control Point',(1.1901244059,-8.,0.15)) ;
#3340=CARTESIAN_POINT('Control Point',(1.19043433722,-8.,0.153982094081)) ;
#3341=CARTESIAN_POINT('Control Point',(1.19074426854,-8.,0.157964188161)) ;
#3342=CARTESIAN_POINT('Control Point',(1.19099958263,-7.99995132774,0.162005632399)) ;
#3343=CARTESIAN_POINT('Control Point',(1.19161662853,-7.99983591015,0.171458733486)) ;
#3344=CARTESIAN_POINT('Control Point',(1.19214614966,-7.99962820521,0.180915998472)) ;
#3345=CARTESIAN_POINT('Control Point',(1.1924217853,-7.9994772886,0.186374244739)) ;
#3346=CARTESIAN_POINT('Control Point',(1.19309122286,-7.99897894871,0.201295791922)) ;
#3347=CARTESIAN_POINT('Control Point',(1.193524638,-7.99824362217,0.21621596395)) ;
#3348=CARTESIAN_POINT('Control Point',(1.19370013986,-7.99768027969,0.225674663461)) ;
#3349=CARTESIAN_POINT('Control Point',(1.19387083894,-7.99609693267,0.248281170531)) ;
#3350=CARTESIAN_POINT('Control Point',(1.1934161275,-7.99394092464,0.270826293984)) ;
#3351=CARTESIAN_POINT('Control Point',(1.19292569412,-7.99248856261,0.2839141379)) ;
#3352=CARTESIAN_POINT('Control Point',(1.19146161803,-7.98918193455,0.310003274845)) ;
#3353=CARTESIAN_POINT('Control Point',(1.18896052385,-7.98506884421,0.33585312848)) ;
#3354=CARTESIAN_POINT('Control Point',(1.18743279903,-7.98280968999,0.348704223263)) ;
#3355=CARTESIAN_POINT('Control Point',(1.18404990911,-7.97824868939,0.372357890407)) ;
#3356=CARTESIAN_POINT('Control Point',(1.17957460626,-7.97302166649,0.395606834591)) ;
#3357=CARTESIAN_POINT('Control Point',(1.17726755736,-7.97047625201,0.406218632255)) ;
#3358=CARTESIAN_POINT('Control Point',(1.17213538819,-7.96512536744,0.42720978746)) ;
#3359=CARTESIAN_POINT('Control Point',(1.16591373741,-7.95930204099,0.44765737257)) ;
#3360=CARTESIAN_POINT('Control Point',(1.16251634842,-7.95628344674,0.457728375394)) ;
#3361=CARTESIAN_POINT('Control Point',(1.15882024164,-7.95317524157,0.467622514761)) ;
#3362=CARTESIAN_POINT('Control Point',(1.15481465447,-7.95,0.477317462994)) ;
#3365=CARTESIAN_POINT('Control Point',(1.1901244059,-8.,0.15)) ;
#3366=CARTESIAN_POINT('Control Point',(1.19119979196,-8.,0.153801456705)) ;
#3367=CARTESIAN_POINT('Control Point',(1.19227517803,-8.,0.15760291341)) ;
#3368=CARTESIAN_POINT('Control Point',(1.19339543125,-7.99991014315,0.161379158728)) ;
#3369=CARTESIAN_POINT('Control Point',(1.19589907795,-7.99969706501,0.170367966872)) ;
#3370=CARTESIAN_POINT('Control Point',(1.19831301053,-7.99931360999,0.17939455782)) ;
#3371=CARTESIAN_POINT('Control Point',(1.19967432838,-7.99903499505,0.184615380707)) ;
#3372=CARTESIAN_POINT('Control Point',(1.20330412909,-7.99811498101,0.198917859128)) ;
#3373=CARTESIAN_POINT('Control Point',(1.20666949844,-7.99675745844,0.213299459157)) ;
#3374=CARTESIAN_POINT('Control Point',(1.20868749535,-7.99571744431,0.222448004801)) ;
#3375=CARTESIAN_POINT('Control Point',(1.2132103591,-7.99279433043,0.244384544853)) ;
#3376=CARTESIAN_POINT('Control Point',(1.21694005259,-7.98881402418,0.26642075501)) ;
#3377=CARTESIAN_POINT('Control Point',(1.21881049685,-7.98613275149,0.279261918464)) ;
#3378=CARTESIAN_POINT('Control Point',(1.22188181816,-7.98002816634,0.30494274658)) ;
#3379=CARTESIAN_POINT('Control Point',(1.2234561946,-7.97243480983,0.330516399009)) ;
#3380=CARTESIAN_POINT('Control Point',(1.22383006547,-7.96826408149,0.343252943971)) ;
#3381=CARTESIAN_POINT('Control Point',(1.2236760192,-7.95984370144,0.36671570988)) ;
#3382=CARTESIAN_POINT('Control Point',(1.2217894316,-7.95019387388,0.389761475061)) ;
#3383=CARTESIAN_POINT('Control Point',(1.22052330573,-7.94549466422,0.400267686048)) ;
#3384=CARTESIAN_POINT('Control Point',(1.21713523842,-7.93561601784,0.421001701645)) ;
#3385=CARTESIAN_POINT('Control Point',(1.21191286007,-7.92486535158,0.441049493469)) ;
#3386=CARTESIAN_POINT('Control Point',(1.20881188396,-7.91929258626,0.450872358983)) ;
#3387=CARTESIAN_POINT('Control Point',(1.20519159867,-7.91355429213,0.460456075709)) ;
#3388=CARTESIAN_POINT('Control Point',(1.20102578801,-7.90769230769,0.469763226013)) ;
#3389=CARTESIAN_POINT('Vertex',(1.2010257904,-7.9076923045,0.469763231084)) ;
#3393=CARTESIAN_POINT('Control Point',(1.20102578801,-7.90769230769,0.469763226013)) ;
#3394=CARTESIAN_POINT('Control Point',(1.17953679454,-7.91169602464,0.463406471605)) ;
#3395=CARTESIAN_POINT('Control Point',(1.15918776698,-7.93032617566,0.466732972488)) ;
#3396=CARTESIAN_POINT('Control Point',(1.15481465447,-7.95,0.477317462994)) ;
#3405=CARTESIAN_POINT('Control Point',(1.2010257904,-7.90769230396,0.469763230502)) ;
#3406=CARTESIAN_POINT('Control Point',(1.1881323934,-7.91009453496,0.46594917655)) ;
#3407=CARTESIAN_POINT('Control Point',(1.1752389964,-7.91644317198,0.464620713775)) ;
#3408=CARTESIAN_POINT('Control Point',(1.16437290309,-7.92639140977,0.466397017214)) ;
#3409=CARTESIAN_POINT('Control Point',(1.15743852148,-7.93819570506,0.470966769229)) ;
#3410=CARTESIAN_POINT('Control Point',(1.15481465403,-7.95,0.477317463483)) ;
#3411=CARTESIAN_POINT('Control Point',(1.1556118316,-7.8437874652,0.571225819755)) ;
#3412=CARTESIAN_POINT('Control Point',(1.14396274139,-7.84704043268,0.567751348122)) ;
#3413=CARTESIAN_POINT('Control Point',(1.13231365119,-7.85309598319,0.567143606428)) ;
#3414=CARTESIAN_POINT('Control Point',(1.12215664604,-7.86151883005,0.569865231383)) ;
#3415=CARTESIAN_POINT('Control Point',(1.11493163549,-7.87114426091,0.575494843935)) ;
#3416=CARTESIAN_POINT('Control Point',(1.11114742732,-7.88076969671,0.58300772442)) ;
#3417=CARTESIAN_POINT('Control Point',(1.10369664398,-7.75603920571,0.654336919913)) ;
#3418=CARTESIAN_POINT('Control Point',(1.09326390157,-7.75967007227,0.652068662968)) ;
#3419=CARTESIAN_POINT('Control Point',(1.08283115916,-7.76493154742,0.652553075764)) ;
#3420=CARTESIAN_POINT('Control Point',(1.0734214439,-7.77144081726,0.655970668519)) ;
#3421=CARTESIAN_POINT('Control Point',(1.06604321959,-7.77857505889,0.66191027111)) ;
#3422=CARTESIAN_POINT('Control Point',(1.06122884401,-7.78570928606,0.669581563383)) ;
#3423=CARTESIAN_POINT('Control Point',(1.05204546645,-7.65127894507,0.717114294473)) ;
#3424=CARTESIAN_POINT('Control Point',(1.04249397427,-7.65424797912,0.716337284164)) ;
#3425=CARTESIAN_POINT('Control Point',(1.03294248209,-7.65808008807,0.717860215426)) ;
#3426=CARTESIAN_POINT('Control Point',(1.02415593454,-7.66257230013,0.721741702368)) ;
#3427=CARTESIAN_POINT('Control Point',(1.01688714011,-7.66739662379,0.727644073492)) ;
#3428=CARTESIAN_POINT('Control Point',(1.01156434527,-7.67222087087,0.734974826176)) ;
#3429=CARTESIAN_POINT('Control Point',(1.02423139251,-7.52563892173,0.75)) ;
#3430=CARTESIAN_POINT('Control Point',(1.01515216748,-7.52712320594,0.75)) ;
#3431=CARTESIAN_POINT('Control Point',(1.00607294245,-7.52903902251,0.752060808175)) ;
#3432=CARTESIAN_POINT('Control Point',(0.99761885883,-7.5312849082,0.756185978588)) ;
#3433=CARTESIAN_POINT('Control Point',(0.990407258818,-7.53369687003,0.762074279085)) ;
#3434=CARTESIAN_POINT('Control Point',(0.984820043414,-7.53610883187,0.769230769231)) ;
#3435=CARTESIAN_POINT('Control Point',(1.02423139251,-7.4,0.75)) ;
#3436=CARTESIAN_POINT('Control Point',(1.01515216748,-7.4,0.75)) ;
#3437=CARTESIAN_POINT('Control Point',(1.00607294245,-7.4,0.752060808179)) ;
#3438=CARTESIAN_POINT('Control Point',(0.997618858834,-7.4,0.756185978589)) ;
#3439=CARTESIAN_POINT('Control Point',(0.990407258818,-7.4,0.762074279085)) ;
#3440=CARTESIAN_POINT('Control Point',(0.984820043414,-7.4,0.769230769231)) ;
#3442=CARTESIAN_POINT('Control Point',(1.2010257904,-7.90769230396,0.469763230502)) ;
#3443=CARTESIAN_POINT('Control Point',(1.20004539803,-7.90631273216,0.471953595573)) ;
#3444=CARTESIAN_POINT('Control Point',(1.19906197583,-7.90492204843,0.474135408156)) ;
#3445=CARTESIAN_POINT('Control Point',(1.19807562344,-7.9035203149,0.476308622762)) ;
#3446=CARTESIAN_POINT('Control Point',(1.1872202617,-7.88801699761,0.500062800392)) ;
#3447=CARTESIAN_POINT('Control Point',(1.17603608222,-7.87119742184,0.522771223567)) ;
#3448=CARTESIAN_POINT('Control Point',(1.165698374,-7.85488197856,0.542504791474)) ;
#3449=CARTESIAN_POINT('Control Point',(1.1448877193,-7.82029613021,0.580090012174)) ;
#3450=CARTESIAN_POINT('Control Point',(1.12425397931,-7.78195973174,0.613769457937)) ;
#3451=CARTESIAN_POINT('Control Point',(1.11409238763,-7.76189294876,0.62959798459)) ;
#3452=CARTESIAN_POINT('Control Point',(1.09784824167,-7.72749227244,0.65388188829)) ;
#3453=CARTESIAN_POINT('Control Point',(1.08272071142,-7.69086124852,0.675179288408)) ;
#3454=CARTESIAN_POINT('Control Point',(1.07700462713,-7.67618671293,0.683046471784)) ;
#3455=CARTESIAN_POINT('Control Point',(1.06879788392,-7.65369242949,0.694116550524)) ;
#3456=CARTESIAN_POINT('Control Point',(1.06123318124,-7.63051471754,0.70404791735)) ;
#3457=CARTESIAN_POINT('Control Point',(1.05878781868,-7.62271466923,0.70722968967)) ;
#3458=CARTESIAN_POINT('Control Point',(1.05405927193,-7.60696998495,0.71333150688)) ;
#3459=CARTESIAN_POINT('Control Point',(1.04967583901,-7.59094943935,0.718899228655)) ;
#3460=CARTESIAN_POINT('Control Point',(1.04757545698,-7.58287331264,0.721547038865)) ;
#3461=CARTESIAN_POINT('Control Point',(1.04361513274,-7.56679024461,0.726505680124)) ;
#3462=CARTESIAN_POINT('Control Point',(1.0400485337,-7.55047401798,0.730914987929)) ;
#3463=CARTESIAN_POINT('Control Point',(1.03838752407,-7.54236253524,0.73295636748)) ;
#3464=CARTESIAN_POINT('Control Point',(1.0352743939,-7.52603860114,0.736762713475)) ;
#3465=CARTESIAN_POINT('Control Point',(1.03259468848,-7.50953132419,0.740007747197)) ;
#3466=CARTESIAN_POINT('Control Point',(1.03136700753,-7.50123626288,0.741487902768)) ;
#3467=CARTESIAN_POINT('Control Point',(1.02914245762,-7.48456993892,0.744160285486)) ;
#3468=CARTESIAN_POINT('Control Point',(1.02739140579,-7.46777428835,0.746250087685)) ;
#3469=CARTESIAN_POINT('Control Point',(1.02663705516,-7.45934883494,0.747147843757)) ;
#3470=CARTESIAN_POINT('Control Point',(1.02537518682,-7.44245281045,0.748646651063)) ;
#3471=CARTESIAN_POINT('Control Point',(1.02461318091,-7.42548975452,0.749548599929)) ;
#3472=CARTESIAN_POINT('Control Point',(1.02435865602,-7.41699706629,0.749849531202)) ;
#3473=CARTESIAN_POINT('Control Point',(1.02423139251,-7.40849853063,0.75)) ;
#3474=CARTESIAN_POINT('Control Point',(1.02423139251,-7.4,0.75)) ;
#3483=CARTESIAN_POINT('Axis2P3D Location',(7.14947375488,-7.4,0.15)) ;
#3488=CARTESIAN_POINT('Axis2P3D Location',(14.1994111938,-7.4,0.15)) ;
#3492=CARTESIAN_POINT('Vertex',(14.1994111938,-7.4,0.75)) ;
#3495=CARTESIAN_POINT('Line Origine',(7.14947375488,-7.4,0.75)) ;
#3508=CARTESIAN_POINT('Axis2P3D Location',(-0.000463684082032,-7.95,3.33066907388E-016)) ;
#3520=CARTESIAN_POINT('Axis2P3D Location',(14.1994111938,6.5,-0.15)) ;
#3525=CARTESIAN_POINT('Axis2P3D Location',(15.0994111938,6.5,-0.15)) ;
#3529=CARTESIAN_POINT('Vertex',(15.6994111938,6.5,-0.15)) ;
#3532=CARTESIAN_POINT('Axis2P3D Location',(14.1994111938,6.5,-0.15)) ;
#3544=CARTESIAN_POINT('Axis2P3D Location',(15.0994111938,-1.7763568394E-015,-0.15)) ;
#3549=CARTESIAN_POINT('Axis2P3D Location',(15.0994111938,-6.5,-0.15)) ;
#3553=CARTESIAN_POINT('Vertex',(15.6994111938,-6.5,-0.15)) ;
#3556=CARTESIAN_POINT('Line Origine',(15.6994111938,-1.7763568394E-015,-0.15)) ;
#3568=CARTESIAN_POINT('Axis2P3D Location',(14.1994111938,-6.5,-0.15)) ;
#3573=CARTESIAN_POINT('Axis2P3D Location',(14.1994111938,-6.5,-0.15)) ;
#3585=CARTESIAN_POINT('Axis2P3D Location',(15.6994111938,8.,0.)) ;
#3590=CARTESIAN_POINT('Line Origine',(15.6994111938,6.5,0.)) ;
#3594=CARTESIAN_POINT('Vertex',(15.6994111938,6.5,0.15)) ;
#3597=CARTESIAN_POINT('Line Origine',(15.6994111938,-8.881784197E-016,0.15)) ;
#3601=CARTESIAN_POINT('Vertex',(15.6994111938,-6.5,0.15)) ;
#3604=CARTESIAN_POINT('Line Origine',(15.6994111938,-6.5,-1.38777878078E-016)) ;
#3616=CARTESIAN_POINT('Axis2P3D Location',(14.1994111938,-6.5,0.)) ;
#3621=CARTESIAN_POINT('Axis2P3D Location',(14.1994111938,-6.5,0.15)) ;
#3633=CARTESIAN_POINT('Axis2P3D Location',(14.1994111938,6.5,1.11022302463E-016)) ;
#3638=CARTESIAN_POINT('Axis2P3D Location',(14.1994111938,6.5,0.15)) ;
#3650=CARTESIAN_POINT('Axis2P3D Location',(14.1994111938,6.5,0.15)) ;
#3655=CARTESIAN_POINT('Axis2P3D Location',(15.0994111938,6.5,0.15)) ;
#3659=CARTESIAN_POINT('Vertex',(15.0994111938,6.5,0.75)) ;
#3662=CARTESIAN_POINT('Axis2P3D Location',(14.1994111938,6.5,0.75)) ;
#3674=CARTESIAN_POINT('Axis2P3D Location',(15.0994111938,-1.7763568394E-015,0.15)) ;
#3679=CARTESIAN_POINT('Axis2P3D Location',(15.0994111938,-6.5,0.15)) ;
#3683=CARTESIAN_POINT('Vertex',(15.0994111938,-6.5,0.75)) ;
#3686=CARTESIAN_POINT('Line Origine',(15.0994111938,-1.7763568394E-015,0.75)) ;
#3698=CARTESIAN_POINT('Axis2P3D Location',(14.1994111938,-6.5,0.15)) ;
#3703=CARTESIAN_POINT('Axis2P3D Location',(14.1994111938,-6.5,0.75)) ;
#3715=CARTESIAN_POINT('Axis2P3D Location',(0.,0.,0.8)) ;
#3720=CARTESIAN_POINT('Line Origine',(5.04033918512,0.162337344819,0.8)) ;
#3724=CARTESIAN_POINT('Vertex',(5.31886334406,0.816355016336,0.8)) ;
#3726=CARTESIAN_POINT('Vertex',(4.76181502618,-0.491680326698,0.8)) ;
#3729=CARTESIAN_POINT('Line Origine',(4.74490020855,0.162337344819,0.8)) ;
#3733=CARTESIAN_POINT('Vertex',(4.72798539092,0.816355016336,0.8)) ;
#3736=CARTESIAN_POINT('Line Origine',(4.61631207525,0.816355016336,0.8)) ;
#3740=CARTESIAN_POINT('Vertex',(4.50463875957,0.816355016336,0.8)) ;
#3743=CARTESIAN_POINT('Line Origine',(4.34667102469,0.0654507723358,0.8)) ;
#3747=CARTESIAN_POINT('Vertex',(4.18870328981,-0.685453471664,0.8)) ;
#3750=CARTESIAN_POINT('Line Origine',(4.26620223174,-0.685453471664,0.8)) ;
#3754=CARTESIAN_POINT('Vertex',(4.34370117366,-0.685453471664,0.8)) ;
#3757=CARTESIAN_POINT('Line Origine',(4.48699140553,-0.0109447773588,0.8)) ;
#3761=CARTESIAN_POINT('Vertex',(4.63028163741,0.663563916947,0.8)) ;
#3764=CARTESIAN_POINT('Line Origine',(4.63960308481,-0.0109447773588,0.8)) ;
#3768=CARTESIAN_POINT('Vertex',(4.64892453221,-0.685453471664,0.8)) ;
#3771=CARTESIAN_POINT('Line Origine',(4.71855510205,-0.685453471664,0.8)) ;
#3775=CARTESIAN_POINT('Vertex',(4.78818567188,-0.685453471664,0.8)) ;
#3778=CARTESIAN_POINT('Line Origine',(5.08226187892,-0.00709076217527,0.8)) ;
#3782=CARTESIAN_POINT('Vertex',(5.37633808596,0.671271947314,0.8)) ;
#3785=CARTESIAN_POINT('Line Origine',(5.2298872758,-0.00709076217527,0.8)) ;
#3789=CARTESIAN_POINT('Vertex',(5.08343646563,-0.685453471664,0.8)) ;
#3792=CARTESIAN_POINT('Line Origine',(5.16307430293,-0.685453471664,0.8)) ;
#3796=CARTESIAN_POINT('Vertex',(5.24271214022,-0.685453471664,0.8)) ;
#3799=CARTESIAN_POINT('Line Origine',(5.39851678852,0.0654507723358,0.8)) ;
#3803=CARTESIAN_POINT('Vertex',(5.55432143682,0.816355016336,0.8)) ;
#3806=CARTESIAN_POINT('Line Origine',(5.43659239044,0.816355016336,0.8)) ;
#3827=CARTESIAN_POINT('Axis2P3D Location',(4.87149501445,0.816355016336,0.79)) ;
#3833=CARTESIAN_POINT('Control Point',(5.31225295946,0.826355016336,0.79)) ;
#3834=CARTESIAN_POINT('Control Point',(5.31225295946,0.826355016336,0.794325220565)) ;
#3835=CARTESIAN_POINT('Control Point',(5.31333396767,0.824708210174,0.798469239089)) ;
#3836=CARTESIAN_POINT('Control Point',(5.3173443928,0.818652840087,0.8)) ;
#3837=CARTESIAN_POINT('Control Point',(5.31886334406,0.816355016336,0.8)) ;
#3838=CARTESIAN_POINT('Vertex',(5.31225295946,0.826355016336,0.79)) ;
#3842=CARTESIAN_POINT('Control Point',(5.55432143682,0.816355016336,0.8)) ;
#3843=CARTESIAN_POINT('Control Point',(5.55963408706,0.820678502755,0.8)) ;
#3844=CARTESIAN_POINT('Control Point',(5.56660932145,0.826355016336,0.796849583003)) ;
#3845=CARTESIAN_POINT('Control Point',(5.56660932145,0.826355016336,0.79)) ;
#3846=CARTESIAN_POINT('Vertex',(5.56660932145,0.826355016336,0.79)) ;
#3849=CARTESIAN_POINT('Line Origine',(4.87149501445,0.826355016336,0.79)) ;
#3861=CARTESIAN_POINT('Axis2P3D Location',(4.99907844815,0.0654507723358,0.79)) ;
#3867=CARTESIAN_POINT('Control Point',(4.76181502618,-0.491680326698,0.8)) ;
#3868=CARTESIAN_POINT('Control Point',(4.76262873665,-0.487411877724,0.8)) ;
#3869=CARTESIAN_POINT('Control Point',(4.76343425898,-0.483141878881,0.799893325075)) ;
#3870=CARTESIAN_POINT('Control Point',(4.7642554133,-0.478878095607,0.799678767045)) ;
#3871=CARTESIAN_POINT('Control Point',(4.76563513343,-0.471641891728,0.799121447314)) ;
#3872=CARTESIAN_POINT('Control Point',(4.76700552805,-0.464452330028,0.798133721132)) ;
#3873=CARTESIAN_POINT('Control Point',(4.76756746958,-0.461503189967,0.797636343014)) ;
#3874=CARTESIAN_POINT('Control Point',(4.7683819628,-0.45723321284,0.796776528755)) ;
#3875=CARTESIAN_POINT('Control Point',(4.76917632528,-0.453065082095,0.795524245994)) ;
#3876=CARTESIAN_POINT('Control Point',(4.76947912987,-0.45174158171,0.7951722484)) ;
#3877=CARTESIAN_POINT('Control Point',(4.76982096997,-0.449462411942,0.794091830913)) ;
#3878=CARTESIAN_POINT('Control Point',(4.77032023182,-0.447250282809,0.792937313233)) ;
#3879=CARTESIAN_POINT('Control Point',(4.77077781895,-0.445540578776,0.792317811238)) ;
#3880=CARTESIAN_POINT('Control Point',(4.77062335945,-0.445474799664,0.791158905619)) ;
#3881=CARTESIAN_POINT('Control Point',(4.77062335945,-0.445474799664,0.79)) ;
#3882=CARTESIAN_POINT('Vertex',(4.77062335945,-0.445474799664,0.79)) ;
#3885=CARTESIAN_POINT('Line Origine',(4.98987801097,0.0693689295056,0.79)) ;
#3897=CARTESIAN_POINT('Axis2P3D Location',(4.74740597984,0.0654507723358,0.79)) ;
#3903=CARTESIAN_POINT('Control Point',(4.73773010545,0.826355016336,0.79)) ;
#3904=CARTESIAN_POINT('Control Point',(4.73773010545,0.826355016336,0.796314472294)) ;
#3905=CARTESIAN_POINT('Control Point',(4.73235091059,0.820834896796,0.8)) ;
#3906=CARTESIAN_POINT('Control Point',(4.72798539092,0.816355016336,0.8)) ;
#3907=CARTESIAN_POINT('Vertex',(4.73773010545,0.826355016336,0.79)) ;
#3910=CARTESIAN_POINT('Line Origine',(4.75740263706,0.0657093152485,0.79)) ;
#3922=CARTESIAN_POINT('Axis2P3D Location',(4.87149501445,0.816355016336,0.79)) ;
#3928=CARTESIAN_POINT('Control Point',(4.49652357745,0.826355016336,0.79)) ;
#3929=CARTESIAN_POINT('Control Point',(4.49652357745,0.826355016336,0.794508900109)) ;
#3930=CARTESIAN_POINT('Control Point',(4.49922569593,0.824445249385,0.798658451014)) ;
#3931=CARTESIAN_POINT('Control Point',(4.5014696521,0.818545261216,0.8)) ;
#3932=CARTESIAN_POINT('Control Point',(4.50463875957,0.816355016336,0.8)) ;
#3933=CARTESIAN_POINT('Vertex',(4.49652357745,0.826355016336,0.79)) ;
#3936=CARTESIAN_POINT('Line Origine',(4.87149501445,0.826355016336,0.79)) ;
#3948=CARTESIAN_POINT('Axis2P3D Location',(4.34645448662,0.0644214522635,0.79)) ;
#3954=CARTESIAN_POINT('Control Point',(4.18870328981,-0.685453471664,0.8)) ;
#3955=CARTESIAN_POINT('Control Point',(4.18337865991,-0.689774505799,0.8)) ;
#3956=CARTESIAN_POINT('Control Point',(4.17638070745,-0.695453471664,0.79685733327)) ;
#3957=CARTESIAN_POINT('Control Point',(4.17638070745,-0.695453471664,0.79)) ;
#3958=CARTESIAN_POINT('Vertex',(4.17638070745,-0.695453471664,0.79)) ;
#3961=CARTESIAN_POINT('Line Origine',(4.33666868053,0.0664800924081,0.79)) ;
#3973=CARTESIAN_POINT('Axis2P3D Location',(4.87149501445,-0.685453471664,0.79)) ;
#3979=CARTESIAN_POINT('Control Point',(4.35179996546,-0.695453471664,0.79)) ;
#3980=CARTESIAN_POINT('Control Point',(4.35179996545,-0.695453471664,0.794506757504)) ;
#3981=CARTESIAN_POINT('Control Point',(4.35028095883,-0.693633728378,0.798656463016)) ;
#3982=CARTESIAN_POINT('Control Point',(4.3454544961,-0.687540382387,0.8)) ;
#3983=CARTESIAN_POINT('Control Point',(4.34370117366,-0.685453471664,0.8)) ;
#3984=CARTESIAN_POINT('Vertex',(4.35179996546,-0.695453471664,0.79)) ;
#3987=CARTESIAN_POINT('Line Origine',(4.87149501445,-0.695453471664,0.79)) ;
#3999=CARTESIAN_POINT('Axis2P3D Location',(4.50322060484,0.0654507723358,0.79)) ;
#4005=CARTESIAN_POINT('Control Point',(4.63028163741,0.663563916947,0.8)) ;
#4006=CARTESIAN_POINT('Control Point',(4.62947244838,0.655312399907,0.8)) ;
#4007=CARTESIAN_POINT('Control Point',(4.62867168864,0.64706006216,0.799893478036)) ;
#4008=CARTESIAN_POINT('Control Point',(4.62785431398,0.63881102308,0.799679113597)) ;
#4009=CARTESIAN_POINT('Control Point',(4.6263895463,0.623875893866,0.799085691861)) ;
#4010=CARTESIAN_POINT('Control Point',(4.62492785162,0.608969386682,0.797995180711)) ;
#4011=CARTESIAN_POINT('Control Point',(4.62427461164,0.602303902883,0.79735689051)) ;
#4012=CARTESIAN_POINT('Control Point',(4.62346657931,0.594070067035,0.796466854492)) ;
#4013=CARTESIAN_POINT('Control Point',(4.62266913835,0.585936964111,0.794975037416)) ;
#4014=CARTESIAN_POINT('Control Point',(4.6224950476,0.584383104513,0.794710580923)) ;
#4015=CARTESIAN_POINT('Control Point',(4.62232035806,0.582300178161,0.794177984987)) ;
#4016=CARTESIAN_POINT('Control Point',(4.62210615939,0.580225644988,0.79362817699)) ;
#4017=CARTESIAN_POINT('Control Point',(4.62205031495,0.579673126039,0.793472445696)) ;
#4018=CARTESIAN_POINT('Control Point',(4.62190644102,0.578069507277,0.792928030286)) ;
#4019=CARTESIAN_POINT('Control Point',(4.62172383126,0.576474117415,0.792370691726)) ;
#4020=CARTESIAN_POINT('Control Point',(4.62136142236,0.574210804073,0.792248467803)) ;
#4021=CARTESIAN_POINT('Control Point',(4.62151596146,0.574177974336,0.791124233901)) ;
#4022=CARTESIAN_POINT('Control Point',(4.62151596146,0.574177974336,0.79)) ;
#4023=CARTESIAN_POINT('Vertex',(4.62151596146,0.574177974336,0.79)) ;
#4026=CARTESIAN_POINT('Line Origine',(4.51300231972,0.0633727795607,0.79)) ;
#4038=CARTESIAN_POINT('Axis2P3D Location',(4.63854732808,0.0654507723358,0.79)) ;
#4044=CARTESIAN_POINT('Control Point',(4.63906177345,-0.695453471664,0.79)) ;
#4045=CARTESIAN_POINT('Control Point',(4.63906177345,-0.695453471664,0.796337729446)) ;
#4046=CARTESIAN_POINT('Control Point',(4.64447415525,-0.689965765079,0.8)) ;
#4047=CARTESIAN_POINT('Control Point',(4.64892453221,-0.685453471664,0.8)) ;
#4048=CARTESIAN_POINT('Vertex',(4.63906177346,-0.695453471664,0.79)) ;
#4051=CARTESIAN_POINT('Line Origine',(4.62854828285,0.0653125894259,0.79)) ;
#4063=CARTESIAN_POINT('Axis2P3D Location',(4.87149501445,-0.685453471664,0.79)) ;
#4069=CARTESIAN_POINT('Control Point',(4.79474980346,-0.695453471664,0.79)) ;
#4070=CARTESIAN_POINT('Control Point',(4.79474980346,-0.695453471664,0.795760026346)) ;
#4071=CARTESIAN_POINT('Control Point',(4.79134648939,-0.690268774395,0.8)) ;
#4072=CARTESIAN_POINT('Control Point',(4.78818567188,-0.685453471664,0.8)) ;
#4073=CARTESIAN_POINT('Vertex',(4.79474980346,-0.695453471664,0.79)) ;
#4076=CARTESIAN_POINT('Line Origine',(4.87149501445,-0.695453471664,0.79)) ;
#4088=CARTESIAN_POINT('Axis2P3D Location',(5.1137092728,0.0654507723358,0.79)) ;
#4094=CARTESIAN_POINT('Control Point',(5.37633808596,0.671271947314,0.8)) ;
#4095=CARTESIAN_POINT('Control Point',(5.37345883473,0.662309422196,0.8)) ;
#4096=CARTESIAN_POINT('Control Point',(5.37058765922,0.65334430818,0.799893491016)) ;
#4097=CARTESIAN_POINT('Control Point',(5.36770085083,0.644385752698,0.799679144347)) ;
#4098=CARTESIAN_POINT('Control Point',(5.36249052982,0.628167502674,0.799085995029)) ;
#4099=CARTESIAN_POINT('Control Point',(5.35728819077,0.611973333856,0.797995435123)) ;
#4100=CARTESIAN_POINT('Control Point',(5.35496256218,0.604732914243,0.797356454987)) ;
#4101=CARTESIAN_POINT('Control Point',(5.35209026058,0.595793704226,0.79646879037)) ;
#4102=CARTESIAN_POINT('Control Point',(5.34924614056,0.586940140963,0.794973102269)) ;
#4103=CARTESIAN_POINT('Control Point',(5.34870690578,0.585261387959,0.794660750625)) ;
#4104=CARTESIAN_POINT('Control Point',(5.34787793359,0.582681427584,0.794130458027)) ;
#4105=CARTESIAN_POINT('Control Point',(5.34705891481,0.580131737542,0.793462177415)) ;
#4106=CARTESIAN_POINT('Control Point',(5.34675348408,0.579227952199,0.793251561481)) ;
#4107=CARTESIAN_POINT('Control Point',(5.34624200453,0.577545568745,0.792616555731)) ;
#4108=CARTESIAN_POINT('Control Point',(5.34568152085,0.575884429011,0.791967238907)) ;
#4109=CARTESIAN_POINT('Control Point',(5.34505361956,0.574218114603,0.791797065302)) ;
#4110=CARTESIAN_POINT('Control Point',(5.34514621345,0.574177974336,0.790898532651)) ;
#4111=CARTESIAN_POINT('Control Point',(5.34514621345,0.574177974336,0.79)) ;
#4112=CARTESIAN_POINT('Vertex',(5.34514621345,0.574177974336,0.79)) ;
#4115=CARTESIAN_POINT('Line Origine',(5.12288424161,0.0614733425808,0.79)) ;
#4127=CARTESIAN_POINT('Axis2P3D Location',(5.24554816982,0.0654507723358,0.79)) ;
#4133=CARTESIAN_POINT('Control Point',(5.08343646563,-0.685453471664,0.8)) ;
#4134=CARTESIAN_POINT('Control Point',(5.07808883401,-0.689769812078,0.8)) ;
#4135=CARTESIAN_POINT('Control Point',(5.07104719346,-0.695453471664,0.796872260074)) ;
#4136=CARTESIAN_POINT('Control Point',(5.07104719346,-0.695453471664,0.79)) ;
#4137=CARTESIAN_POINT('Vertex',(5.07104719346,-0.695453471664,0.79)) ;
#4140=CARTESIAN_POINT('Line Origine',(5.23577336726,0.0675610412724,0.79)) ;
#4152=CARTESIAN_POINT('Axis2P3D Location',(4.87149501445,-0.685453471664,0.79)) ;
#4158=CARTESIAN_POINT('Control Point',(5.25085023745,-0.695453471664,0.79)) ;
#4159=CARTESIAN_POINT('Control Point',(5.25085023745,-0.695453471664,0.796015867507)) ;
#4160=CARTESIAN_POINT('Control Point',(5.24650932866,-0.690119464632,0.8)) ;
#4161=CARTESIAN_POINT('Control Point',(5.24271214022,-0.685453471664,0.8)) ;
#4162=CARTESIAN_POINT('Vertex',(5.25085023745,-0.695453471664,0.79)) ;
#4165=CARTESIAN_POINT('Line Origine',(4.87149501445,-0.695453471664,0.79)) ;
#4177=CARTESIAN_POINT('Axis2P3D Location',(5.3987275585,0.0664665833309,0.79)) ;
#4182=CARTESIAN_POINT('Line Origine',(5.40851900947,0.0644349613407,0.79)) ;
#4194=CARTESIAN_POINT('Axis2P3D Location',(6.16086416545,-0.685453471664,0.79)) ;
#4200=CARTESIAN_POINT('Control Point',(5.74862216546,-0.695453471664,0.79)) ;
#4201=CARTESIAN_POINT('Control Point',(5.74862216546,-0.695453471664,0.794507413205)) ;
#4202=CARTESIAN_POINT('Control Point',(5.74713109966,-0.693604362546,0.798657071931)) ;
#4203=CARTESIAN_POINT('Control Point',(5.74223694133,-0.687574184209,0.8)) ;
#4204=CARTESIAN_POINT('Control Point',(5.74051835532,-0.685453471664,0.8)) ;
#4205=CARTESIAN_POINT('Vertex',(5.74862216546,-0.695453471664,0.79)) ;
#4207=CARTESIAN_POINT('Vertex',(5.74051835532,-0.685453471664,0.8)) ;
#4210=CARTESIAN_POINT('Line Origine',(6.16086416545,-0.685453471664,0.8)) ;
#4214=CARTESIAN_POINT('Vertex',(5.55921810523,-0.685453471664,0.8)) ;
#4218=CARTESIAN_POINT('Control Point',(5.55921810523,-0.685453471664,0.8)) ;
#4219=CARTESIAN_POINT('Control Point',(5.55388746085,-0.689773276603,0.8)) ;
#4220=CARTESIAN_POINT('Control Point',(5.54687809346,-0.695453471664,0.796861230517)) ;
#4221=CARTESIAN_POINT('Control Point',(5.54687809345,-0.695453471664,0.79)) ;
#4222=CARTESIAN_POINT('Vertex',(5.54687809345,-0.695453471664,0.79)) ;
#4225=CARTESIAN_POINT('Line Origine',(6.16086416545,-0.695453471664,0.79)) ;
#4237=CARTESIAN_POINT('Axis2P3D Location',(5.89956229043,0.0654507723358,0.79)) ;
#4243=CARTESIAN_POINT('Control Point',(5.88238135946,-0.0639276836642,0.79)) ;
#4244=CARTESIAN_POINT('Control Point',(5.88238135946,-0.0639276836642,0.794507413205)) ;
#4245=CARTESIAN_POINT('Control Point',(5.88088133972,-0.0620858306647,0.798657071932)) ;
#4246=CARTESIAN_POINT('Control Point',(5.87599613425,-0.0560483970648,0.8)) ;
#4247=CARTESIAN_POINT('Control Point',(5.87427754932,-0.0539276836642,0.8)) ;
#4248=CARTESIAN_POINT('Vertex',(5.88238135946,-0.0639276836642,0.79)) ;
#4250=CARTESIAN_POINT('Vertex',(5.87427754932,-0.0539276836642,0.8)) ;
#4253=CARTESIAN_POINT('Line Origine',(5.89956229043,0.0654507723358,0.8)) ;
#4258=CARTESIAN_POINT('Line Origine',(5.90934526271,0.0633787073279,0.79)) ;
#4270=CARTESIAN_POINT('Axis2P3D Location',(6.16086416545,-0.0539276836642,0.79)) ;
#4276=CARTESIAN_POINT('Control Point',(6.17621236945,-0.0639276836642,0.79)) ;
#4277=CARTESIAN_POINT('Control Point',(6.17621236945,-0.0639276836642,0.795239665972)) ;
#4278=CARTESIAN_POINT('Control Point',(6.17593283383,-0.0591583621927,0.8)) ;
#4279=CARTESIAN_POINT('Control Point',(6.17562613521,-0.0539276836642,0.8)) ;
#4280=CARTESIAN_POINT('Vertex',(6.17621236945,-0.0639276836642,0.79)) ;
#4282=CARTESIAN_POINT('Vertex',(6.17562613521,-0.0539276836642,0.8)) ;
#4285=CARTESIAN_POINT('Line Origine',(6.16086416545,-0.0539276836642,0.8)) ;
#4290=CARTESIAN_POINT('Line Origine',(6.16086416545,-0.0639276836642,0.79)) ;
#4302=CARTESIAN_POINT('Axis2P3D Location',(6.16086416545,-0.0556644468447,0.79)) ;
#4308=CARTESIAN_POINT('Control Point',(6.43716155545,-0.0332267036642,0.79)) ;
#4309=CARTESIAN_POINT('Control Point',(6.43716155545,-0.0332267036642,0.793957422319)) ;
#4310=CARTESIAN_POINT('Control Point',(6.4368200365,-0.0320793496886,0.79795704434)) ;
#4311=CARTESIAN_POINT('Control Point',(6.43503199978,-0.0261608915359,0.8)) ;
#4312=CARTESIAN_POINT('Control Point',(6.43423076031,-0.0235025440244,0.8)) ;
#4313=CARTESIAN_POINT('Vertex',(6.43716155545,-0.0332267036642,0.79)) ;
#4315=CARTESIAN_POINT('Vertex',(6.43423076031,-0.0235025440244,0.8)) ;
#4318=CARTESIAN_POINT('Line Origine',(6.16086416545,-0.0556644468447,0.8)) ;
#4323=CARTESIAN_POINT('Line Origine',(6.16203261831,-0.0655959481368,0.79)) ;
#4335=CARTESIAN_POINT('Axis2P3D Location',(6.16086416545,-0.161798561081,0.79)) ;
#4341=CARTESIAN_POINT('Control Point',(6.62354523145,0.0610647003358,0.79)) ;
#4342=CARTESIAN_POINT('Control Point',(6.62354523145,0.0610647003358,0.795308515405)) ;
#4343=CARTESIAN_POINT('Control Point',(6.62022469788,0.0649999630801,0.8)) ;
#4344=CARTESIAN_POINT('Control Point',(6.61691374186,0.0689166805963,0.8)) ;
#4345=CARTESIAN_POINT('Vertex',(6.62354523145,0.0610647003358,0.79)) ;
#4347=CARTESIAN_POINT('Vertex',(6.61691374186,0.0689166805963,0.8)) ;
#4350=CARTESIAN_POINT('Line Origine',(6.16086416545,-0.161798561081,0.8)) ;
#4355=CARTESIAN_POINT('Line Origine',(6.1653783652,-0.170721677164,0.79)) ;
#4367=CARTESIAN_POINT('Axis2P3D Location',(6.42372443539,-0.192464598046,0.79)) ;
#4373=CARTESIAN_POINT('Control Point',(6.73537558945,0.212368944336,0.79)) ;
#4374=CARTESIAN_POINT('Control Point',(6.73537558945,0.212368944336,0.793978329491)) ;
#4375=CARTESIAN_POINT('Control Point',(6.73424121,0.212865019508,0.797990762304)) ;
#4376=CARTESIAN_POINT('Control Point',(6.72851015168,0.215352876775,0.8)) ;
#4377=CARTESIAN_POINT('Control Point',(6.72596398384,0.216459483071,0.8)) ;
#4378=CARTESIAN_POINT('Vertex',(6.73537558945,0.212368944336,0.79)) ;
#4380=CARTESIAN_POINT('Vertex',(6.72596398384,0.216459483071,0.8)) ;
#4383=CARTESIAN_POINT('Line Origine',(6.42372443539,-0.192464598046,0.8)) ;
#4388=CARTESIAN_POINT('Line Origine',(6.43176627845,-0.198408398196,0.79)) ;
#4400=CARTESIAN_POINT('Axis2P3D Location',(6.69793883759,0.0654507723358,0.79)) ;
#4406=CARTESIAN_POINT('Control Point',(6.77485023745,0.425071338336,0.79)) ;
#4407=CARTESIAN_POINT('Control Point',(6.77485023745,0.425071338336,0.793959588459)) ;
#4408=CARTESIAN_POINT('Control Point',(6.77364885311,0.425077784655,0.797960740123)) ;
#4409=CARTESIAN_POINT('Control Point',(6.76745937009,0.425084890974,0.8)) ;
#4410=CARTESIAN_POINT('Control Point',(6.76468293642,0.425089941425,0.8)) ;
#4411=CARTESIAN_POINT('Vertex',(6.77485023745,0.425071338336,0.79)) ;
#4413=CARTESIAN_POINT('Vertex',(6.76468293642,0.425089941425,0.8)) ;
#4416=CARTESIAN_POINT('Line Origine',(6.69793883759,0.0654507723358,0.8)) ;
#4421=CARTESIAN_POINT('Line Origine',(6.7077709508,0.0636260669304,0.79)) ;
#4433=CARTESIAN_POINT('Axis2P3D Location',(6.82842112397,0.0745014299384,0.79)) ;
#4439=CARTESIAN_POINT('Control Point',(6.74415382945,0.593915298336,0.79)) ;
#4440=CARTESIAN_POINT('Control Point',(6.74415382945,0.593915298336,0.795288823974)) ;
#4441=CARTESIAN_POINT('Control Point',(6.73927562224,0.59205975594,0.8)) ;
#4442=CARTESIAN_POINT('Control Point',(6.73467786615,0.590131235,0.8)) ;
#4443=CARTESIAN_POINT('Vertex',(6.74415382945,0.593915298336,0.79)) ;
#4445=CARTESIAN_POINT('Vertex',(6.73467786615,0.590131235,0.8)) ;
#4448=CARTESIAN_POINT('Line Origine',(6.82842112397,0.0745014299384,0.8)) ;
#4453=CARTESIAN_POINT('Line Origine',(6.83825984864,0.0762901436528,0.79)) ;
#4465=CARTESIAN_POINT('Axis2P3D Location',(6.70046510185,0.64234841215,0.79)) ;
#4471=CARTESIAN_POINT('Control Point',(6.66082227146,0.721099956336,0.79)) ;
#4472=CARTESIAN_POINT('Control Point',(6.66082227146,0.721099956336,0.793984033585)) ;
#4473=CARTESIAN_POINT('Control Point',(6.65996629932,0.720189754731,0.79800009719)) ;
#4474=CARTESIAN_POINT('Control Point',(6.65568684328,0.71561340386,0.8)) ;
#4475=CARTESIAN_POINT('Control Point',(6.65378976586,0.713586569543,0.8)) ;
#4476=CARTESIAN_POINT('Vertex',(6.66082227146,0.721099956336,0.79)) ;
#4478=CARTESIAN_POINT('Vertex',(6.65378976586,0.713586569543,0.8)) ;
#4481=CARTESIAN_POINT('Line Origine',(6.70046510185,0.64234841215,0.8)) ;
#4486=CARTESIAN_POINT('Line Origine',(6.70882960224,0.647828843993,0.79)) ;
#4498=CARTESIAN_POINT('Axis2P3D Location',(6.46766618821,0.818658350334,0.79)) ;
#4504=CARTESIAN_POINT('Control Point',(6.52487689945,0.797844786336,0.79)) ;
#4505=CARTESIAN_POINT('Control Point',(6.52487689945,0.797844786336,0.793959049047)) ;
#4506=CARTESIAN_POINT('Control Point',(6.5244797132,0.796712073994,0.79795982054)) ;
#4507=CARTESIAN_POINT('Control Point',(6.52245664941,0.790864346847,0.8)) ;
#4508=CARTESIAN_POINT('Control Point',(6.52154715958,0.788241088407,0.8)) ;
#4509=CARTESIAN_POINT('Vertex',(6.52487689945,0.797844786336,0.79)) ;
#4511=CARTESIAN_POINT('Vertex',(6.52154715958,0.788241088407,0.8)) ;
#4514=CARTESIAN_POINT('Line Origine',(6.46766618821,0.818658350334,0.8)) ;
#4519=CARTESIAN_POINT('Line Origine',(6.47258220353,0.827366552982,0.79)) ;
#4531=CARTESIAN_POINT('Axis2P3D Location',(6.16086416545,0.844067647894,0.79)) ;
#4537=CARTESIAN_POINT('Control Point',(6.34067863945,0.826355016336,0.79)) ;
#4538=CARTESIAN_POINT('Control Point',(6.34067863945,0.826355016336,0.795243410485)) ;
#4539=CARTESIAN_POINT('Control Point',(6.34025571416,0.820883050298,0.8)) ;
#4540=CARTESIAN_POINT('Control Point',(6.33990931918,0.816355016336,0.8)) ;
#4541=CARTESIAN_POINT('Vertex',(6.34067863945,0.826355016336,0.79)) ;
#4543=CARTESIAN_POINT('Vertex',(6.33990931918,0.816355016336,0.8)) ;
#4546=CARTESIAN_POINT('Line Origine',(6.16086416545,0.844067647894,0.8)) ;
#4551=CARTESIAN_POINT('Line Origine',(6.16239375308,0.853949973617,0.79)) ;
#4563=CARTESIAN_POINT('Axis2P3D Location',(6.16086416545,0.816355016336,0.79)) ;
#4569=CARTESIAN_POINT('Control Point',(5.86921933346,0.826355016336,0.79)) ;
#4570=CARTESIAN_POINT('Control Point',(5.86921933346,0.826355016336,0.794507401423)) ;
#4571=CARTESIAN_POINT('Control Point',(5.87071037255,0.824505919735,0.798657060994)) ;
#4572=CARTESIAN_POINT('Control Point',(5.87560447776,0.818475739678,0.8)) ;
#4573=CARTESIAN_POINT('Control Point',(5.87732305344,0.816355016336,0.8)) ;
#4574=CARTESIAN_POINT('Vertex',(5.86921933346,0.826355016336,0.79)) ;
#4576=CARTESIAN_POINT('Vertex',(5.87732305344,0.816355016336,0.8)) ;
#4579=CARTESIAN_POINT('Line Origine',(6.16086416545,0.816355016336,0.8)) ;
#4584=CARTESIAN_POINT('Line Origine',(6.16086416545,0.826355016336,0.79)) ;
#4596=CARTESIAN_POINT('Axis2P3D Location',(5.71805112126,0.0644146865961,0.79)) ;
#4601=CARTESIAN_POINT('Line Origine',(5.71805112126,0.0644146865961,0.8)) ;
#4606=CARTESIAN_POINT('Line Origine',(5.70826817153,0.0664868580755,0.79)) ;
#4633=CARTESIAN_POINT('Line Origine',(6.16482316941,0.654348268336,0.8)) ;
#4637=CARTESIAN_POINT('Vertex',(6.30405905399,0.654348268336,0.8)) ;
#4639=CARTESIAN_POINT('Vertex',(6.02558728484,0.654348268336,0.8)) ;
#4642=CARTESIAN_POINT('Line Origine',(6.36335075312,0.646518103417,0.8)) ;
#4646=CARTESIAN_POINT('Vertex',(6.42264245224,0.638687938498,0.8)) ;
#4649=CARTESIAN_POINT('Line Origine',(6.46505278325,0.616911199823,0.8)) ;
#4653=CARTESIAN_POINT('Vertex',(6.50746311426,0.595134461148,0.8)) ;
#4656=CARTESIAN_POINT('Line Origine',(6.53406108873,0.558131483794,0.8)) ;
#4660=CARTESIAN_POINT('Vertex',(6.5606590632,0.52112850644,0.8)) ;
#4663=CARTESIAN_POINT('Line Origine',(6.5697648034,0.467606808782,0.8)) ;
#4667=CARTESIAN_POINT('Vertex',(6.57887054359,0.414085111123,0.8)) ;
#4670=CARTESIAN_POINT('Line Origine',(6.56645524476,0.342960870363,0.8)) ;
#4674=CARTESIAN_POINT('Vertex',(6.55403994593,0.271836629603,0.8)) ;
#4677=CARTESIAN_POINT('Line Origine',(6.51741468792,0.223766053039,0.8)) ;
#4681=CARTESIAN_POINT('Vertex',(6.48078942992,0.175695476476,0.8)) ;
#4684=CARTESIAN_POINT('Line Origine',(6.41964671319,0.149653900452,0.8)) ;
#4688=CARTESIAN_POINT('Vertex',(6.35850399647,0.123612324428,0.8)) ;
#4691=CARTESIAN_POINT('Line Origine',(6.27416857046,0.115845313382,0.8)) ;
#4695=CARTESIAN_POINT('Vertex',(6.18983314444,0.108078302336,0.8)) ;
#4698=CARTESIAN_POINT('Line Origine',(6.04967007383,0.108078302336,0.8)) ;
#4702=CARTESIAN_POINT('Vertex',(5.90950700322,0.108078302336,0.8)) ;
#4705=CARTESIAN_POINT('Line Origine',(5.96754714403,0.381213285336,0.8)) ;
#4724=CARTESIAN_POINT('Axis2P3D Location',(6.16195052082,0.654348268336,0.79)) ;
#4730=CARTESIAN_POINT('Control Point',(6.02558728484,0.654348268336,0.8)) ;
#4731=CARTESIAN_POINT('Control Point',(6.0273052408,0.652226895799,0.8)) ;
#4732=CARTESIAN_POINT('Control Point',(6.03219615308,0.646196609746,0.7986564038)) ;
#4733=CARTESIAN_POINT('Control Point',(6.03368560345,0.644348268336,0.794506695692)) ;
#4734=CARTESIAN_POINT('Control Point',(6.03368560345,0.644348268336,0.79)) ;
#4735=CARTESIAN_POINT('Vertex',(6.03368560345,0.644348268336,0.79)) ;
#4738=CARTESIAN_POINT('Line Origine',(6.16195052082,0.644348268336,0.79)) ;
#4742=CARTESIAN_POINT('Vertex',(6.30340159945,0.644348268336,0.79)) ;
#4746=CARTESIAN_POINT('Control Point',(6.30405905399,0.654348268336,0.8)) ;
#4747=CARTESIAN_POINT('Control Point',(6.30387685552,0.651577834072,0.8)) ;
#4748=CARTESIAN_POINT('Control Point',(6.30347713638,0.645490841079,0.797911558051)) ;
#4749=CARTESIAN_POINT('Control Point',(6.30340159945,0.644348268336,0.793930681109)) ;
#4750=CARTESIAN_POINT('Control Point',(6.30340159945,0.644348268336,0.79)) ;
#4759=CARTESIAN_POINT('Axis2P3D Location',(5.90044881588,0.0654507723358,0.79)) ;
#4765=CARTESIAN_POINT('Control Point',(5.90950700322,0.108078302336,0.8)) ;
#4766=CARTESIAN_POINT('Control Point',(5.914840487,0.112397527439,0.8)) ;
#4767=CARTESIAN_POINT('Control Point',(5.92185524545,0.118078302336,0.796863071819)) ;
#4768=CARTESIAN_POINT('Control Point',(5.92185524545,0.118078302336,0.79)) ;
#4769=CARTESIAN_POINT('Vertex',(5.92185524545,0.118078302336,0.79)) ;
#4772=CARTESIAN_POINT('Line Origine',(5.91023041199,0.0633722205187,0.79)) ;
#4784=CARTESIAN_POINT('Axis2P3D Location',(6.16195052082,0.108078302336,0.79)) ;
#4790=CARTESIAN_POINT('Control Point',(6.18983314444,0.108078302336,0.8)) ;
#4791=CARTESIAN_POINT('Control Point',(6.18959269585,0.113311008462,0.8)) ;
#4792=CARTESIAN_POINT('Control Point',(6.18937363346,0.118078302336,0.795238227652)) ;
#4793=CARTESIAN_POINT('Control Point',(6.18937363346,0.118078302336,0.79)) ;
#4794=CARTESIAN_POINT('Vertex',(6.18937363346,0.118078302336,0.79)) ;
#4797=CARTESIAN_POINT('Line Origine',(6.16195052082,0.118078302336,0.79)) ;
#4809=CARTESIAN_POINT('Axis2P3D Location',(6.16195052082,0.105510405832,0.79)) ;
#4815=CARTESIAN_POINT('Control Point',(6.35850399647,0.123612324428,0.8)) ;
#4816=CARTESIAN_POINT('Control Point',(6.35782460504,0.126303914021,0.8)) ;
#4817=CARTESIAN_POINT('Control Point',(6.35631587603,0.132280362389,0.797943863148)) ;
#4818=CARTESIAN_POINT('Control Point',(6.35602684345,0.133426506336,0.793949950138)) ;
#4819=CARTESIAN_POINT('Control Point',(6.35602684345,0.133426506336,0.79)) ;
#4820=CARTESIAN_POINT('Vertex',(6.35602684345,0.133426506336,0.79)) ;
#4823=CARTESIAN_POINT('Line Origine',(6.16103343528,0.115468264743,0.79)) ;
#4835=CARTESIAN_POINT('Axis2P3D Location',(6.16195052082,0.0398973285407,0.79)) ;
#4841=CARTESIAN_POINT('Control Point',(6.48078942992,0.175695476476,0.8)) ;
#4842=CARTESIAN_POINT('Control Point',(6.47908480292,0.177886498117,0.8)) ;
#4843=CARTESIAN_POINT('Control Point',(6.47521547492,0.182854507313,0.798017215409)) ;
#4844=CARTESIAN_POINT('Control Point',(6.47443783345,0.183859476336,0.793994547837)) ;
#4845=CARTESIAN_POINT('Control Point',(6.47443783345,0.183859476336,0.79)) ;
#4846=CARTESIAN_POINT('Vertex',(6.47443783345,0.183859476336,0.79)) ;
#4849=CARTESIAN_POINT('Line Origine',(6.15803198834,0.0490976058816,0.79)) ;
#4861=CARTESIAN_POINT('Axis2P3D Location',(6.30080173386,-0.0605380081257,0.79)) ;
#4867=CARTESIAN_POINT('Control Point',(6.55403994593,0.271836629603,0.8)) ;
#4868=CARTESIAN_POINT('Control Point',(6.54917188246,0.27396371476,0.8)) ;
#4869=CARTESIAN_POINT('Control Point',(6.54460812746,0.275957844336,0.795312509742)) ;
#4870=CARTESIAN_POINT('Control Point',(6.54460812746,0.275957844336,0.79)) ;
#4871=CARTESIAN_POINT('Vertex',(6.54460812746,0.275957844336,0.79)) ;
#4874=CARTESIAN_POINT('Line Origine',(6.29284742119,-0.0544775700245,0.79)) ;
#4886=CARTESIAN_POINT('Axis2P3D Location',(6.518013662,0.0654507723358,0.79)) ;
#4892=CARTESIAN_POINT('Control Point',(6.57887054359,0.414085111123,0.8)) ;
#4893=CARTESIAN_POINT('Control Point',(6.57355383343,0.413949988427,0.8)) ;
#4894=CARTESIAN_POINT('Control Point',(6.56872314146,0.414106920336,0.79527370636)) ;
#4895=CARTESIAN_POINT('Control Point',(6.56872314146,0.414106920336,0.79)) ;
#4896=CARTESIAN_POINT('Vertex',(6.56872314146,0.414106920336,0.79)) ;
#4899=CARTESIAN_POINT('Line Origine',(6.50816261875,0.0671703498589,0.79)) ;
#4911=CARTESIAN_POINT('Axis2P3D Location',(6.6381843145,0.0654507723358,0.79)) ;
#4917=CARTESIAN_POINT('Control Point',(6.5606590632,0.52112850644,0.8)) ;
#4918=CARTESIAN_POINT('Control Point',(6.55809754867,0.520057930199,0.8)) ;
#4919=CARTESIAN_POINT('Control Point',(6.55233288808,0.517645731478,0.797991413859)) ;
#4920=CARTESIAN_POINT('Control Point',(6.55118875945,0.517170468336,0.793978730613)) ;
#4921=CARTESIAN_POINT('Control Point',(6.55118875945,0.517170468336,0.79)) ;
#4922=CARTESIAN_POINT('Vertex',(6.55118875945,0.517170468336,0.79)) ;
#4925=CARTESIAN_POINT('Line Origine',(6.62832597072,0.0637735550352,0.79)) ;
#4937=CARTESIAN_POINT('Axis2P3D Location',(6.56916119516,0.509300380323,0.79)) ;
#4943=CARTESIAN_POINT('Control Point',(6.50746311426,0.595134461148,0.8)) ;
#4944=CARTESIAN_POINT('Control Point',(6.50565149841,0.593030872616,0.8)) ;
#4945=CARTESIAN_POINT('Control Point',(6.50156677341,0.588283582779,0.797998627812)) ;
#4946=CARTESIAN_POINT('Control Point',(6.50075045545,0.587340000336,0.79398313796)) ;
#4947=CARTESIAN_POINT('Control Point',(6.50075045545,0.587340000336,0.79)) ;
#4948=CARTESIAN_POINT('Vertex',(6.50075045545,0.587340000336,0.79)) ;
#4951=CARTESIAN_POINT('Line Origine',(6.56104125823,0.503463718236,0.79)) ;
#4963=CARTESIAN_POINT('Axis2P3D Location',(6.24872720377,0.727989456019,0.79)) ;
#4969=CARTESIAN_POINT('Control Point',(6.42264245224,0.638687938498,0.8)) ;
#4970=CARTESIAN_POINT('Control Point',(6.4218145283,0.636038076823,0.8)) ;
#4971=CARTESIAN_POINT('Control Point',(6.41997280261,0.630139239216,0.797953421475)) ;
#4972=CARTESIAN_POINT('Control Point',(6.41961574345,0.629000826336,0.793955572304)) ;
#4973=CARTESIAN_POINT('Control Point',(6.41961574345,0.629000826336,0.79)) ;
#4974=CARTESIAN_POINT('Vertex',(6.41961574345,0.629000826336,0.79)) ;
#4977=CARTESIAN_POINT('Line Origine',(6.24415941245,0.719093654628,0.79)) ;
#4989=CARTESIAN_POINT('Axis2P3D Location',(6.16195052082,0.67311536841,0.79)) ;
#4994=CARTESIAN_POINT('Line Origine',(6.16064127094,0.663201445638,0.79)) ;
#5006=CARTESIAN_POINT('Line Origine',(9.15748492953,0.314735583039,0.8)) ;
#5010=CARTESIAN_POINT('Vertex',(9.26303425337,0.816355016336,0.8)) ;
#5012=CARTESIAN_POINT('Vertex',(9.05193560569,-0.186883850257,0.8)) ;
#5015=CARTESIAN_POINT('Line Origine',(9.02979146837,-0.267705565419,0.8)) ;
#5019=CARTESIAN_POINT('Vertex',(9.00764733106,-0.34852728058,0.8)) ;
#5022=CARTESIAN_POINT('Line Origine',(8.97384175508,-0.405995780829,0.8)) ;
#5026=CARTESIAN_POINT('Vertex',(8.94003617911,-0.463464281079,0.8)) ;
#5029=CARTESIAN_POINT('Line Origine',(8.88769308061,-0.498740611192,0.8)) ;
#5033=CARTESIAN_POINT('Vertex',(8.83534998211,-0.534016941306,0.8)) ;
#5036=CARTESIAN_POINT('Line Origine',(8.76013220452,-0.544118539423,0.8)) ;
#5040=CARTESIAN_POINT('Vertex',(8.68491442693,-0.554220137539,0.8)) ;
#5043=CARTESIAN_POINT('Line Origine',(8.62196922076,-0.54747634311,0.8)) ;
#5047=CARTESIAN_POINT('Vertex',(8.55902401458,-0.540732548681,0.8)) ;
#5050=CARTESIAN_POINT('Line Origine',(8.51334060957,-0.516746349812,0.8)) ;
#5054=CARTESIAN_POINT('Vertex',(8.46765720457,-0.492760150943,0.8)) ;
#5057=CARTESIAN_POINT('Line Origine',(8.43882865023,-0.454708222307,0.8)) ;
#5061=CARTESIAN_POINT('Vertex',(8.41000009589,-0.416656293671,0.8)) ;
#5064=CARTESIAN_POINT('Line Origine',(8.40092545019,-0.362218272101,0.8)) ;
#5068=CARTESIAN_POINT('Vertex',(8.3918508045,-0.307780250531,0.8)) ;
#5071=CARTESIAN_POINT('Line Origine',(8.39520897731,-0.263026386581,0.8)) ;
#5075=CARTESIAN_POINT('Vertex',(8.39856715012,-0.218272522631,0.8)) ;
#5078=CARTESIAN_POINT('Line Origine',(8.41060774138,-0.157061854147,0.8)) ;
#5082=CARTESIAN_POINT('Vertex',(8.42264833264,-0.0958511856642,0.8)) ;
#5085=CARTESIAN_POINT('Line Origine',(8.3311717746,-0.0958511856642,0.8)) ;
#5089=CARTESIAN_POINT('Vertex',(8.23969521656,-0.0958511856642,0.8)) ;
#5092=CARTESIAN_POINT('Line Origine',(8.22498667087,-0.212437369561,0.8)) ;
#5096=CARTESIAN_POINT('Vertex',(8.21027812517,-0.329023553458,0.8)) ;
#5099=CARTESIAN_POINT('Line Origine',(8.22530358342,-0.415932513064,0.8)) ;
#5103=CARTESIAN_POINT('Vertex',(8.24032904166,-0.50284147267,0.8)) ;
#5106=CARTESIAN_POINT('Line Origine',(8.28494663973,-0.563394269987,0.8)) ;
#5110=CARTESIAN_POINT('Vertex',(8.32956423781,-0.623947067304,0.8)) ;
#5113=CARTESIAN_POINT('Line Origine',(8.40445056919,-0.6603208319,0.8)) ;
#5117=CARTESIAN_POINT('Vertex',(8.47933690058,-0.696694596495,0.8)) ;
#5120=CARTESIAN_POINT('Line Origine',(8.58532028672,-0.709671701475,0.8)) ;
#5124=CARTESIAN_POINT('Vertex',(8.69130367285,-0.722648806455,0.8)) ;
#5127=CARTESIAN_POINT('Line Origine',(8.79610971048,-0.708604157639,0.8)) ;
#5131=CARTESIAN_POINT('Vertex',(8.9009157481,-0.694559508822,0.8)) ;
#5134=CARTESIAN_POINT('Line Origine',(8.97585861198,-0.653874847318,0.8)) ;
#5138=CARTESIAN_POINT('Vertex',(9.05080147586,-0.613190185815,0.8)) ;
#5141=CARTESIAN_POINT('Line Origine',(9.10229796882,-0.542384651536,0.8)) ;
#5145=CARTESIAN_POINT('Vertex',(9.15379446179,-0.471579117256,0.8)) ;
#5148=CARTESIAN_POINT('Line Origine',(9.18745674126,-0.367330317421,0.8)) ;
#5152=CARTESIAN_POINT('Vertex',(9.22111902074,-0.263081517586,0.8)) ;
#5155=CARTESIAN_POINT('Line Origine',(9.33599921784,0.276636749375,0.8)) ;
#5159=CARTESIAN_POINT('Vertex',(9.45087941495,0.816355016336,0.8)) ;
#5162=CARTESIAN_POINT('Line Origine',(9.35695683416,0.816355016336,0.8)) ;
#5193=CARTESIAN_POINT('Axis2P3D Location',(8.83170083545,0.816355016336,0.79)) ;
#5199=CARTESIAN_POINT('Control Point',(9.25491944545,0.826355016336,0.79)) ;
#5200=CARTESIAN_POINT('Control Point',(9.25491944545,0.826355016336,0.794508851158)) ;
#5201=CARTESIAN_POINT('Control Point',(9.25641377037,0.824504383947,0.798658405651)) ;
#5202=CARTESIAN_POINT('Control Point',(9.26131440781,0.818474406926,0.8)) ;
#5203=CARTESIAN_POINT('Control Point',(9.26303425337,0.816355016336,0.8)) ;
#5204=CARTESIAN_POINT('Vertex',(9.25491944545,0.826355016336,0.79)) ;
#5208=CARTESIAN_POINT('Control Point',(9.45087941495,0.816355016336,0.8)) ;
#5209=CARTESIAN_POINT('Control Point',(9.45621438209,0.820673938643,0.8)) ;
#5210=CARTESIAN_POINT('Control Point',(9.46323195745,0.826355016336,0.796864034108)) ;
#5211=CARTESIAN_POINT('Control Point',(9.46323195745,0.826355016336,0.79)) ;
#5212=CARTESIAN_POINT('Vertex',(9.46323195745,0.826355016336,0.79)) ;
#5215=CARTESIAN_POINT('Line Origine',(8.83170083545,0.826355016336,0.79)) ;
#5227=CARTESIAN_POINT('Axis2P3D Location',(9.10110926998,0.0468122523358,0.79)) ;
#5233=CARTESIAN_POINT('Control Point',(9.05193560569,-0.186883850257,0.8)) ;
#5234=CARTESIAN_POINT('Control Point',(9.04684555356,-0.185652203352,0.8)) ;
#5235=CARTESIAN_POINT('Control Point',(9.04221171746,-0.184530947664,0.795236944222)) ;
#5236=CARTESIAN_POINT('Control Point',(9.04221171745,-0.184530947664,0.79)) ;
#5237=CARTESIAN_POINT('Vertex',(9.04221171745,-0.184530947664,0.79)) ;
#5240=CARTESIAN_POINT('Line Origine',(9.0913235568,0.0488713340636,0.79)) ;
#5252=CARTESIAN_POINT('Axis2P3D Location',(9.11596540976,0.0468122523358,0.79)) ;
#5258=CARTESIAN_POINT('Control Point',(8.99835404545,-0.344602763664,0.79)) ;
#5259=CARTESIAN_POINT('Control Point',(8.99835404545,-0.344602763664,0.793943429689)) ;
#5260=CARTESIAN_POINT('Control Point',(8.99943201776,-0.345056896263,0.797933498981)) ;
#5261=CARTESIAN_POINT('Control Point',(9.00508986681,-0.347447232368,0.8)) ;
#5262=CARTESIAN_POINT('Control Point',(9.00764733106,-0.34852728058,0.8)) ;
#5263=CARTESIAN_POINT('Vertex',(8.99835404546,-0.344602763664,0.79)) ;
#5266=CARTESIAN_POINT('Line Origine',(9.10632086343,0.0494547371894,0.79)) ;
#5278=CARTESIAN_POINT('Axis2P3D Location',(9.1570305179,-0.0945801886246,0.79)) ;
#5284=CARTESIAN_POINT('Control Point',(8.93256677545,-0.456439217664,0.79)) ;
#5285=CARTESIAN_POINT('Control Point',(8.93256677545,-0.456439217664,0.795302302342)) ;
#5286=CARTESIAN_POINT('Control Point',(8.93589309226,-0.459566091559,0.8)) ;
#5287=CARTESIAN_POINT('Control Point',(8.94003617911,-0.463464281079,0.8)) ;
#5288=CARTESIAN_POINT('Vertex',(8.93256677545,-0.456439217664,0.79)) ;
#5291=CARTESIAN_POINT('Line Origine',(9.1484112135,-0.0895099231963,0.79)) ;
#5303=CARTESIAN_POINT('Axis2P3D Location',(8.89683390769,-0.492580203369,0.79)) ;
#5309=CARTESIAN_POINT('Control Point',(8.83170083545,-0.524417237664,0.79)) ;
#5310=CARTESIAN_POINT('Control Point',(8.83170083545,-0.524417237664,0.793979858868)) ;
#5311=CARTESIAN_POINT('Control Point',(8.83214449208,-0.525576382974,0.797993270419)) ;
#5312=CARTESIAN_POINT('Control Point',(8.83436354524,-0.531421881093,0.8)) ;
#5313=CARTESIAN_POINT('Control Point',(8.83534998211,-0.534016941306,0.8)) ;
#5314=CARTESIAN_POINT('Vertex',(8.83170083545,-0.524417237664,0.79)) ;
#5317=CARTESIAN_POINT('Line Origine',(8.89124519512,-0.484287659013,0.79)) ;
#5329=CARTESIAN_POINT('Axis2P3D Location',(8.83170083545,-0.534507014453,0.79)) ;
#5335=CARTESIAN_POINT('Control Point',(8.68477961545,-0.544148465664,0.79)) ;
#5336=CARTESIAN_POINT('Control Point',(8.68477961545,-0.544148465664,0.795254064742)) ;
#5337=CARTESIAN_POINT('Control Point',(8.68508583838,-0.549112453843,0.8)) ;
#5338=CARTESIAN_POINT('Control Point',(8.68491442693,-0.554220137539,0.8)) ;
#5339=CARTESIAN_POINT('Vertex',(8.68477961545,-0.544148465664,0.79)) ;
#5342=CARTESIAN_POINT('Line Origine',(8.83036980488,-0.524595992426,0.79)) ;
#5354=CARTESIAN_POINT('Axis2P3D Location',(8.83170083545,-0.569946471984,0.79)) ;
#5360=CARTESIAN_POINT('Control Point',(8.56198483946,-0.530992535664,0.79)) ;
#5361=CARTESIAN_POINT('Control Point',(8.56198483946,-0.530992535664,0.793962083481)) ;
#5362=CARTESIAN_POINT('Control Point',(8.56163819684,-0.532148017663,0.797964987224)) ;
#5363=CARTESIAN_POINT('Control Point',(8.55983154226,-0.538076181847,0.8)) ;
#5364=CARTESIAN_POINT('Control Point',(8.55902401458,-0.540732548681,0.8)) ;
#5365=CARTESIAN_POINT('Vertex',(8.56198483946,-0.530992535664,0.79)) ;
#5368=CARTESIAN_POINT('Line Origine',(8.8327661144,-0.560003374843,0.79)) ;
#5380=CARTESIAN_POINT('Axis2P3D Location',(8.73306627958,-0.632113924031,0.79)) ;
#5386=CARTESIAN_POINT('Control Point',(8.47428092545,-0.484943351664,0.79)) ;
#5387=CARTESIAN_POINT('Control Point',(8.47428092545,-0.484943351664,0.793975121571)) ;
#5388=CARTESIAN_POINT('Control Point',(8.47348669599,-0.485884820767,0.79798548892)) ;
#5389=CARTESIAN_POINT('Control Point',(8.46945205606,-0.490642046669,0.8)) ;
#5390=CARTESIAN_POINT('Control Point',(8.46765720457,-0.492760150943,0.8)) ;
#5391=CARTESIAN_POINT('Vertex',(8.47428092546,-0.484943351664,0.79)) ;
#5394=CARTESIAN_POINT('Line Origine',(8.73771498491,-0.623260137341,0.79)) ;
#5406=CARTESIAN_POINT('Axis2P3D Location',(8.41662732278,-0.425403827852,0.79)) ;
#5412=CARTESIAN_POINT('Control Point',(8.41945883545,-0.412581545664,0.79)) ;
#5413=CARTESIAN_POINT('Control Point',(8.41945883545,-0.412581545664,0.795314136426)) ;
#5414=CARTESIAN_POINT('Control Point',(8.41489518564,-0.414582951343,0.8)) ;
#5415=CARTESIAN_POINT('Control Point',(8.41000009589,-0.416656293671,0.8)) ;
#5416=CARTESIAN_POINT('Vertex',(8.41945883546,-0.412581545664,0.79)) ;
#5419=CARTESIAN_POINT('Line Origine',(8.42459810959,-0.41936507321,0.79)) ;
#5431=CARTESIAN_POINT('Axis2P3D Location',(8.33274135788,0.0468122523358,0.79)) ;
#5437=CARTESIAN_POINT('Control Point',(8.40191302345,-0.307325723664,0.79)) ;
#5438=CARTESIAN_POINT('Control Point',(8.40191302345,-0.307325723664,0.793940530871)) ;
#5439=CARTESIAN_POINT('Control Point',(8.40075027551,-0.307379139847,0.797928384352)) ;
#5440=CARTESIAN_POINT('Control Point',(8.39462426584,-0.307655010103,0.8)) ;
#5441=CARTESIAN_POINT('Control Point',(8.3918508045,-0.307780250531,0.8)) ;
#5442=CARTESIAN_POINT('Vertex',(8.40191302345,-0.307325723664,0.79)) ;
#5445=CARTESIAN_POINT('Line Origine',(8.34260524886,0.0484565317069,0.79)) ;
#5457=CARTESIAN_POINT('Axis2P3D Location',(8.41845818085,0.0468122523358,0.79)) ;
#5463=CARTESIAN_POINT('Control Point',(8.40849441746,-0.219616475664,0.79)) ;
#5464=CARTESIAN_POINT('Control Point',(8.40849441746,-0.219616475664,0.793929854712)) ;
#5465=CARTESIAN_POINT('Control Point',(8.40736091895,-0.219462874228,0.797910642638)) ;
#5466=CARTESIAN_POINT('Control Point',(8.40131840117,-0.218645063483,0.8)) ;
#5467=CARTESIAN_POINT('Control Point',(8.39856715012,-0.218272522631,0.8)) ;
#5468=CARTESIAN_POINT('Vertex',(8.40849441746,-0.219616475664,0.79)) ;
#5471=CARTESIAN_POINT('Line Origine',(8.4284301468,0.0460639910247,0.79)) ;
#5483=CARTESIAN_POINT('Axis2P3D Location',(8.45071128617,0.0468122523358,0.79)) ;
#5489=CARTESIAN_POINT('Control Point',(8.42264833264,-0.0958511856642,0.8)) ;
#5490=CARTESIAN_POINT('Control Point',(8.42791630846,-0.0915185079412,0.8)) ;
#5491=CARTESIAN_POINT('Control Point',(8.43480703945,-0.0858511856642,0.796820825862)) ;
#5492=CARTESIAN_POINT('Control Point',(8.43480703945,-0.0858511856642,0.79)) ;
#5493=CARTESIAN_POINT('Vertex',(8.43480703945,-0.0858511856642,0.79)) ;
#5496=CARTESIAN_POINT('Line Origine',(8.46052325659,0.0448821651751,0.79)) ;
#5508=CARTESIAN_POINT('Axis2P3D Location',(8.83170083545,-0.0958511856642,0.79)) ;
#5514=CARTESIAN_POINT('Control Point',(8.23087755146,-0.0858511856642,0.79)) ;
#5515=CARTESIAN_POINT('Control Point',(8.23087755146,-0.0858511856642,0.79613792945)) ;
#5516=CARTESIAN_POINT('Control Point',(8.23563305221,-0.0912443328009,0.8)) ;
#5517=CARTESIAN_POINT('Control Point',(8.23969521656,-0.0958511856642,0.8)) ;
#5518=CARTESIAN_POINT('Vertex',(8.23087755146,-0.0858511856642,0.79)) ;
#5521=CARTESIAN_POINT('Line Origine',(8.83170083545,-0.0858511856642,0.79)) ;
#5533=CARTESIAN_POINT('Axis2P3D Location',(8.25769367595,0.0468122523358,0.79)) ;
#5539=CARTESIAN_POINT('Control Point',(8.20016971346,-0.329254559664,0.79)) ;
#5540=CARTESIAN_POINT('Control Point',(8.20016971346,-0.329254559664,0.79394828605)) ;
#5541=CARTESIAN_POINT('Control Point',(8.20134817493,-0.32922904625,0.797941034562)) ;
#5542=CARTESIAN_POINT('Control Point',(8.20750248328,-0.329087019568,0.8)) ;
#5543=CARTESIAN_POINT('Control Point',(8.21027812517,-0.329023553458,0.8)) ;
#5544=CARTESIAN_POINT('Vertex',(8.20016971346,-0.329254559664,0.79)) ;
#5547=CARTESIAN_POINT('Line Origine',(8.24777232046,0.0480639333294,0.79)) ;
#5559=CARTESIAN_POINT('Axis2P3D Location',(8.14530087506,0.0468122523358,0.79)) ;
#5565=CARTESIAN_POINT('Control Point',(8.23087755146,-0.506872187664,0.79)) ;
#5566=CARTESIAN_POINT('Control Point',(8.23087755146,-0.506872187664,0.795307840444)) ;
#5567=CARTESIAN_POINT('Control Point',(8.23509517106,-0.505064167718,0.8)) ;
#5568=CARTESIAN_POINT('Control Point',(8.24032904166,-0.50284147267,0.8)) ;
#5569=CARTESIAN_POINT('Vertex',(8.23087755146,-0.506872187664,0.79)) ;
#5572=CARTESIAN_POINT('Line Origine',(8.13544705624,0.0451086518788,0.79)) ;
#5584=CARTESIAN_POINT('Axis2P3D Location',(8.29351797138,-0.575026857361,0.79)) ;
#5590=CARTESIAN_POINT('Control Point',(8.32297668145,-0.631864571664,0.79)) ;
#5591=CARTESIAN_POINT('Control Point',(8.32297668145,-0.631864571664,0.793985711657)) ;
#5592=CARTESIAN_POINT('Control Point',(8.32378457278,-0.63090757364,0.798002833219)) ;
#5593=CARTESIAN_POINT('Control Point',(8.32778350279,-0.626076146549,0.8)) ;
#5594=CARTESIAN_POINT('Control Point',(8.32956423781,-0.623947067304,0.8)) ;
#5595=CARTESIAN_POINT('Vertex',(8.32297668145,-0.631864571664,0.79)) ;
#5598=CARTESIAN_POINT('Line Origine',(8.28546739697,-0.580958825977,0.79)) ;
#5610=CARTESIAN_POINT('Axis2P3D Location',(8.57152710095,-0.741473190722,0.79)) ;
#5616=CARTESIAN_POINT('Control Point',(8.47646710346,-0.706417889664,0.79)) ;
#5617=CARTESIAN_POINT('Control Point',(8.47646710346,-0.706417889664,0.795271277902)) ;
#5618=CARTESIAN_POINT('Control Point',(8.47774664294,-0.702092434948,0.8)) ;
#5619=CARTESIAN_POINT('Control Point',(8.47933690058,-0.696694596495,0.8)) ;
#5620=CARTESIAN_POINT('Vertex',(8.47646710346,-0.706417889664,0.79)) ;
#5623=CARTESIAN_POINT('Line Origine',(8.56715802209,-0.750468253254,0.79)) ;
#5635=CARTESIAN_POINT('Axis2P3D Location',(8.83170083545,-0.739839696314,0.79)) ;
#5641=CARTESIAN_POINT('Control Point',(8.69136100946,-0.732730511664,0.79)) ;
#5642=CARTESIAN_POINT('Control Point',(8.69136100946,-0.732730511664,0.793942288462)) ;
#5643=CARTESIAN_POINT('Control Point',(8.69135533175,-0.731563064446,0.797931487156)) ;
#5644=CARTESIAN_POINT('Control Point',(8.69131950076,-0.725424978707,0.8)) ;
#5645=CARTESIAN_POINT('Control Point',(8.69130367285,-0.722648806455,0.8)) ;
#5646=CARTESIAN_POINT('Vertex',(8.69136100946,-0.732730511664,0.79)) ;
#5649=CARTESIAN_POINT('Line Origine',(8.8304854653,-0.749765565314,0.79)) ;
#5661=CARTESIAN_POINT('Axis2P3D Location',(8.83170083545,-0.70383472963,0.79)) ;
#5667=CARTESIAN_POINT('Control Point',(8.90406873746,-0.704226377664,0.79)) ;
#5668=CARTESIAN_POINT('Control Point',(8.90406873745,-0.704226377664,0.793959735727)) ;
#5669=CARTESIAN_POINT('Control Point',(8.90370015772,-0.703082604291,0.7979609911)) ;
#5670=CARTESIAN_POINT('Control Point',(8.90177671351,-0.697199079822,0.8)) ;
#5671=CARTESIAN_POINT('Control Point',(8.9009157481,-0.694559508822,0.8)) ;
#5672=CARTESIAN_POINT('Vertex',(8.90406873745,-0.704226377664,0.79)) ;
#5675=CARTESIAN_POINT('Line Origine',(8.833029024,-0.71374613292,0.79)) ;
#5687=CARTESIAN_POINT('Axis2P3D Location',(8.9860336424,-0.648351070311,0.79)) ;
#5693=CARTESIAN_POINT('Control Point',(9.05755915945,-0.620900153664,0.79)) ;
#5694=CARTESIAN_POINT('Control Point',(9.05755915945,-0.620900153664,0.793976404649)) ;
#5695=CARTESIAN_POINT('Control Point',(9.05674766022,-0.619970144083,0.797987600162)) ;
#5696=CARTESIAN_POINT('Control Point',(9.05263144593,-0.615277994535,0.8)) ;
#5697=CARTESIAN_POINT('Control Point',(9.05080147586,-0.613190185815,0.8)) ;
#5698=CARTESIAN_POINT('Vertex',(9.05755915945,-0.620900153664,0.79)) ;
#5701=CARTESIAN_POINT('Line Origine',(8.99080468716,-0.657139536156,0.79)) ;
#5713=CARTESIAN_POINT('Axis2P3D Location',(9.22646094461,-0.371665728114,0.79)) ;
#5719=CARTESIAN_POINT('Control Point',(9.16282031545,-0.476170445664,0.79)) ;
#5720=CARTESIAN_POINT('Control Point',(9.16282031545,-0.476170445664,0.793951258573)) ;
#5721=CARTESIAN_POINT('Control Point',(9.16176518853,-0.475632008824,0.797946101671)) ;
#5722=CARTESIAN_POINT('Control Point',(9.15626901505,-0.472837851675,0.8)) ;
#5723=CARTESIAN_POINT('Control Point',(9.15379446179,-0.471579117256,0.8)) ;
#5724=CARTESIAN_POINT('Vertex',(9.16282031545,-0.476170445664,0.79)) ;
#5727=CARTESIAN_POINT('Line Origine',(9.23454822076,-0.377547561551,0.79)) ;
#5739=CARTESIAN_POINT('Axis2P3D Location',(9.32118473571,0.0468122523358,0.79)) ;
#5745=CARTESIAN_POINT('Control Point',(9.23079300145,-0.265665659664,0.79)) ;
#5746=CARTESIAN_POINT('Control Point',(9.23079300145,-0.265665659664,0.795238813931)) ;
#5747=CARTESIAN_POINT('Control Point',(9.22618038564,-0.264433457234,0.8)) ;
#5748=CARTESIAN_POINT('Control Point',(9.22111902074,-0.263081517586,0.8)) ;
#5749=CARTESIAN_POINT('Vertex',(9.23079300145,-0.265665659664,0.79)) ;
#5752=CARTESIAN_POINT('Line Origine',(9.33070092442,0.0437394437813,0.79)) ;
#5764=CARTESIAN_POINT('Axis2P3D Location',(9.287080578,0.0468122523358,0.79)) ;
#5769=CARTESIAN_POINT('Line Origine',(9.29686146564,0.0447303693073,0.79)) ;
#5781=CARTESIAN_POINT('Line Origine',(10.5230912879,-0.604453145664,0.8)) ;
#5785=CARTESIAN_POINT('Vertex',(10.5055228928,-0.685453471664,0.8)) ;
#5787=CARTESIAN_POINT('Vertex',(10.5406596829,-0.523452819664,0.8)) ;
#5790=CARTESIAN_POINT('Line Origine',(10.1360997176,-0.523452819664,0.8)) ;
#5794=CARTESIAN_POINT('Vertex',(9.73153975229,-0.523452819664,0.8)) ;
#5797=CARTESIAN_POINT('Line Origine',(9.78850188522,-0.257988890664,0.8)) ;
#5801=CARTESIAN_POINT('Vertex',(9.84546401814,0.00747503833581,0.8)) ;
#5804=CARTESIAN_POINT('Line Origine',(10.2083294026,0.00747503833581,0.8)) ;
#5808=CARTESIAN_POINT('Vertex',(10.571194787,0.00747503833581,0.8)) ;
#5811=CARTESIAN_POINT('Line Origine',(10.5878091549,0.0895711203358,0.8)) ;
#5815=CARTESIAN_POINT('Vertex',(10.6044235228,0.171667202336,0.8)) ;
#5818=CARTESIAN_POINT('Line Origine',(10.2425427911,0.171667202336,0.8)) ;
#5822=CARTESIAN_POINT('Vertex',(9.88066205939,0.171667202336,0.8)) ;
#5825=CARTESIAN_POINT('Line Origine',(9.93213511937,0.413007735336,0.8)) ;
#5829=CARTESIAN_POINT('Vertex',(9.98360817934,0.654348268336,0.8)) ;
#5832=CARTESIAN_POINT('Line Origine',(10.3618784389,0.654348268336,0.8)) ;
#5836=CARTESIAN_POINT('Vertex',(10.7401486985,0.654348268336,0.8)) ;
#5839=CARTESIAN_POINT('Line Origine',(10.7577168271,0.735351642336,0.8)) ;
#5843=CARTESIAN_POINT('Vertex',(10.7752849557,0.816355016336,0.8)) ;
#5846=CARTESIAN_POINT('Line Origine',(10.305305281,0.816355016336,0.8)) ;
#5850=CARTESIAN_POINT('Vertex',(9.83532560621,0.816355016336,0.8)) ;
#5853=CARTESIAN_POINT('Line Origine',(9.67519478476,0.0654507723358,0.8)) ;
#5857=CARTESIAN_POINT('Vertex',(9.5150639633,-0.685453471664,0.8)) ;
#5860=CARTESIAN_POINT('Line Origine',(10.010293428,-0.685453471664,0.8)) ;
#5880=CARTESIAN_POINT('Axis2P3D Location',(10.1451964305,-0.685453471664,0.79)) ;
#5886=CARTESIAN_POINT('Control Point',(10.5135864735,-0.695453471664,0.79)) ;
#5887=CARTESIAN_POINT('Control Point',(10.5135864735,-0.695453471664,0.79450216462)) ;
#5888=CARTESIAN_POINT('Control Point',(10.5121072993,-0.693609932772,0.798652184751)) ;
#5889=CARTESIAN_POINT('Control Point',(10.5072368457,-0.687579018736,0.8)) ;
#5890=CARTESIAN_POINT('Control Point',(10.5055228928,-0.685453471664,0.8)) ;
#5891=CARTESIAN_POINT('Vertex',(10.5135864735,-0.695453471664,0.79)) ;
#5895=CARTESIAN_POINT('Control Point',(9.5150639633,-0.685453471664,0.8)) ;
#5896=CARTESIAN_POINT('Control Point',(9.50972733529,-0.689772055034,0.8)) ;
#5897=CARTESIAN_POINT('Control Point',(9.50270660545,-0.695453471664,0.796865111858)) ;
#5898=CARTESIAN_POINT('Control Point',(9.50270660545,-0.695453471664,0.79)) ;
#5899=CARTESIAN_POINT('Vertex',(9.50270660545,-0.695453471664,0.79)) ;
#5902=CARTESIAN_POINT('Line Origine',(10.1451964305,-0.695453471664,0.79)) ;
#5914=CARTESIAN_POINT('Axis2P3D Location',(10.6683886869,0.0654507723358,0.79)) ;
#5920=CARTESIAN_POINT('Control Point',(10.5406596829,-0.523452819664,0.8)) ;
#5921=CARTESIAN_POINT('Control Point',(10.5460115075,-0.519137332753,0.8)) ;
#5922=CARTESIAN_POINT('Control Point',(10.5530611215,-0.513452819664,0.796874987525)) ;
#5923=CARTESIAN_POINT('Control Point',(10.5530611215,-0.513452819664,0.79)) ;
#5924=CARTESIAN_POINT('Vertex',(10.5530611215,-0.513452819664,0.79)) ;
#5927=CARTESIAN_POINT('Line Origine',(10.6781614605,0.0633311271871,0.79)) ;
#5939=CARTESIAN_POINT('Axis2P3D Location',(10.1451964305,-0.523452819664,0.79)) ;
#5945=CARTESIAN_POINT('Control Point',(9.73153975229,-0.523452819664,0.8)) ;
#5946=CARTESIAN_POINT('Control Point',(9.73688190579,-0.519135363159,0.8)) ;
#5947=CARTESIAN_POINT('Control Point',(9.74391313345,-0.513452819664,0.796868699634)) ;
#5948=CARTESIAN_POINT('Control Point',(9.74391313345,-0.513452819664,0.79)) ;
#5949=CARTESIAN_POINT('Vertex',(9.74391313345,-0.513452819664,0.79)) ;
#5952=CARTESIAN_POINT('Line Origine',(10.1451964305,-0.513452819664,0.79)) ;
#5964=CARTESIAN_POINT('Axis2P3D Location',(9.85790420721,0.0654507723358,0.79)) ;
#5970=CARTESIAN_POINT('Control Point',(9.85354588346,-0.00252496166419,0.79)) ;
#5971=CARTESIAN_POINT('Control Point',(9.85354588346,-0.00252496166419,0.796006063901)) ;
#5972=CARTESIAN_POINT('Control Point',(9.84988381049,0.00284875212261,0.8)) ;
#5973=CARTESIAN_POINT('Control Point',(9.84546401814,0.00747503833581,0.8)) ;
#5974=CARTESIAN_POINT('Vertex',(9.85354588346,-0.00252496166419,0.79)) ;
#5977=CARTESIAN_POINT('Line Origine',(9.86768164989,0.0633527698238,0.79)) ;
#5989=CARTESIAN_POINT('Axis2P3D Location',(10.1451964305,0.00747503833581,0.79)) ;
#5995=CARTESIAN_POINT('Control Point',(10.5793737435,-0.00252496166419,0.79)) ;
#5996=CARTESIAN_POINT('Control Point',(10.5793737435,-0.00252496166419,0.796023020122)) ;
#5997=CARTESIAN_POINT('Control Point',(10.575049008,0.00285160529723,0.8)) ;
#5998=CARTESIAN_POINT('Control Point',(10.571194787,0.00747503833581,0.8)) ;
#5999=CARTESIAN_POINT('Vertex',(10.5793737435,-0.00252496166419,0.79)) ;
#6002=CARTESIAN_POINT('Line Origine',(10.1451964305,-0.00252496166419,0.79)) ;
#6014=CARTESIAN_POINT('Axis2P3D Location',(10.5829277486,0.0654507723358,0.79)) ;
#6020=CARTESIAN_POINT('Control Point',(10.6044235228,0.171667202336,0.8)) ;
#6021=CARTESIAN_POINT('Control Point',(10.6097149583,0.175995044394,0.8)) ;
#6022=CARTESIAN_POINT('Control Point',(10.6166500215,0.181667202336,0.796835898381)) ;
#6023=CARTESIAN_POINT('Control Point',(10.6166500215,0.181667202336,0.79)) ;
#6024=CARTESIAN_POINT('Vertex',(10.6166500215,0.181667202336,0.79)) ;
#6027=CARTESIAN_POINT('Line Origine',(10.5927290492,0.063467213431,0.79)) ;
#6039=CARTESIAN_POINT('Axis2P3D Location',(10.1451964305,0.171667202336,0.79)) ;
#6045=CARTESIAN_POINT('Control Point',(9.88066205939,0.171667202336,0.8)) ;
#6046=CARTESIAN_POINT('Control Point',(9.88599880888,0.175985760919,0.8)) ;
#6047=CARTESIAN_POINT('Control Point',(9.89301976945,0.181667202336,0.796865190697)) ;
#6048=CARTESIAN_POINT('Control Point',(9.89301976945,0.181667202336,0.79)) ;
#6049=CARTESIAN_POINT('Vertex',(9.89301976945,0.181667202336,0.79)) ;
#6052=CARTESIAN_POINT('Line Origine',(10.1451964305,0.181667202336,0.79)) ;
#6064=CARTESIAN_POINT('Axis2P3D Location',(9.85800824073,0.0654507723358,0.79)) ;
#6070=CARTESIAN_POINT('Control Point',(9.99170029346,0.644348268336,0.79)) ;
#6071=CARTESIAN_POINT('Control Point',(9.99170029346,0.644348268336,0.79600784723)) ;
#6072=CARTESIAN_POINT('Control Point',(9.9870301067,0.650110435911,0.8)) ;
#6073=CARTESIAN_POINT('Control Point',(9.98360817934,0.654348268336,0.8)) ;
#6074=CARTESIAN_POINT('Vertex',(9.99170029346,0.644348268336,0.79)) ;
#6077=CARTESIAN_POINT('Line Origine',(9.86778827591,0.0633648884129,0.79)) ;
#6089=CARTESIAN_POINT('Axis2P3D Location',(10.1451964305,0.654348268336,0.79)) ;
#6095=CARTESIAN_POINT('Control Point',(10.7482123695,0.644348268336,0.79)) ;
#6096=CARTESIAN_POINT('Control Point',(10.7482123695,0.644348268336,0.794502176373)) ;
#6097=CARTESIAN_POINT('Control Point',(10.7467331687,0.646191819728,0.798652195729)) ;
#6098=CARTESIAN_POINT('Control Point',(10.7418626619,0.652222732097,0.8)) ;
#6099=CARTESIAN_POINT('Control Point',(10.7401486985,0.654348268336,0.8)) ;
#6100=CARTESIAN_POINT('Vertex',(10.7482123695,0.644348268336,0.79)) ;
#6103=CARTESIAN_POINT('Line Origine',(10.1451964305,0.644348268336,0.79)) ;
#6115=CARTESIAN_POINT('Axis2P3D Location',(10.6124277603,0.0654507723358,0.79)) ;
#6121=CARTESIAN_POINT('Control Point',(10.7752849557,0.816355016336,0.8)) ;
#6122=CARTESIAN_POINT('Control Point',(10.7806367324,0.820670512978,0.8)) ;
#6123=CARTESIAN_POINT('Control Point',(10.7876862555,0.826355016336,0.796874956405)) ;
#6124=CARTESIAN_POINT('Control Point',(10.7876862555,0.826355016336,0.79)) ;
#6125=CARTESIAN_POINT('Vertex',(10.7876862555,0.826355016336,0.79)) ;
#6128=CARTESIAN_POINT('Line Origine',(10.6222005571,0.0633312340686,0.79)) ;
#6140=CARTESIAN_POINT('Axis2P3D Location',(10.1451964305,0.816355016336,0.79)) ;
#6146=CARTESIAN_POINT('Control Point',(9.82723326146,0.826355016336,0.79)) ;
#6147=CARTESIAN_POINT('Control Point',(9.82723326145,0.826355016336,0.796007887381)) ;
#6148=CARTESIAN_POINT('Control Point',(9.83166397751,0.820881516058,0.8)) ;
#6149=CARTESIAN_POINT('Control Point',(9.83532560621,0.816355016336,0.8)) ;
#6150=CARTESIAN_POINT('Vertex',(9.82723326145,0.826355016336,0.79)) ;
#6153=CARTESIAN_POINT('Line Origine',(10.1451964305,0.826355016336,0.79)) ;
#6165=CARTESIAN_POINT('Axis2P3D Location',(9.67497240577,0.0644079666845,0.79)) ;
#6170=CARTESIAN_POINT('Line Origine',(9.66519231244,0.0664935779871,0.79)) ;
#6182=CARTESIAN_POINT('Line Origine',(12.1183794706,0.735351642336,0.8)) ;
#6186=CARTESIAN_POINT('Vertex',(12.1017839767,0.654348268336,0.8)) ;
#6188=CARTESIAN_POINT('Vertex',(12.1349749646,0.816355016336,0.8)) ;
#6191=CARTESIAN_POINT('Line Origine',(11.6056556601,0.816355016336,0.8)) ;
#6195=CARTESIAN_POINT('Vertex',(11.0763363557,0.816355016336,0.8)) ;
#6198=CARTESIAN_POINT('Line Origine',(11.0577952533,0.735351642336,0.8)) ;
#6202=CARTESIAN_POINT('Vertex',(11.0392541509,0.654348268336,0.8)) ;
#6205=CARTESIAN_POINT('Line Origine',(11.2705165029,0.654348268336,0.8)) ;
#6209=CARTESIAN_POINT('Vertex',(11.5017788548,0.654348268336,0.8)) ;
#6212=CARTESIAN_POINT('Line Origine',(11.3570491468,-0.0155526016642,0.8)) ;
#6216=CARTESIAN_POINT('Vertex',(11.2123194388,-0.685453471664,0.8)) ;
#6219=CARTESIAN_POINT('Line Origine',(11.3040405339,-0.685453471664,0.8)) ;
#6223=CARTESIAN_POINT('Vertex',(11.3957616291,-0.685453471664,0.8)) ;
#6226=CARTESIAN_POINT('Line Origine',(11.5382994441,-0.0155526016642,0.8)) ;
#6230=CARTESIAN_POINT('Vertex',(11.6808372591,0.654348268336,0.8)) ;
#6233=CARTESIAN_POINT('Line Origine',(11.8913106179,0.654348268336,0.8)) ;
#6249=CARTESIAN_POINT('Axis2P3D Location',(11.5869690105,0.654348268336,0.79)) ;
#6255=CARTESIAN_POINT('Control Point',(12.1099429455,0.644348268336,0.79)) ;
#6256=CARTESIAN_POINT('Control Point',(12.1099429455,0.644348268336,0.79451463859)) ;
#6257=CARTESIAN_POINT('Control Point',(12.1084354982,0.646205019232,0.798663750934)) ;
#6258=CARTESIAN_POINT('Control Point',(12.1035088496,0.652234187394,0.8)) ;
#6259=CARTESIAN_POINT('Control Point',(12.1017839767,0.654348268336,0.8)) ;
#6260=CARTESIAN_POINT('Vertex',(12.1099429455,0.644348268336,0.79)) ;
#6264=CARTESIAN_POINT('Control Point',(11.6889333735,0.644348268336,0.79)) ;
#6265=CARTESIAN_POINT('Control Point',(11.6889333735,0.644348268336,0.796008543711)) ;
#6266=CARTESIAN_POINT('Control Point',(11.6846176586,0.64967834589,0.8)) ;
#6267=CARTESIAN_POINT('Control Point',(11.6808372591,0.654348268336,0.8)) ;
#6268=CARTESIAN_POINT('Vertex',(11.6889333735,0.644348268336,0.79)) ;
#6271=CARTESIAN_POINT('Line Origine',(11.5869690105,0.644348268336,0.79)) ;
#6283=CARTESIAN_POINT('Axis2P3D Location',(11.981134128,0.0654507723358,0.79)) ;
#6289=CARTESIAN_POINT('Control Point',(12.1349749646,0.816355016336,0.8)) ;
#6290=CARTESIAN_POINT('Control Point',(12.1402767548,0.820680730395,0.8)) ;
#6291=CARTESIAN_POINT('Control Point',(12.1472314155,0.826355016336,0.796842571259)) ;
#6292=CARTESIAN_POINT('Control Point',(12.1472314155,0.826355016336,0.79)) ;
#6293=CARTESIAN_POINT('Vertex',(12.1472314155,0.826355016336,0.79)) ;
#6296=CARTESIAN_POINT('Line Origine',(11.9909306447,0.0634437197197,0.79)) ;
#6308=CARTESIAN_POINT('Axis2P3D Location',(11.5869690105,0.816355016336,0.79)) ;
#6314=CARTESIAN_POINT('Control Point',(11.0683666695,0.826355016336,0.79)) ;
#6315=CARTESIAN_POINT('Control Point',(11.0683666695,0.826355016336,0.794489984593)) ;
#6316=CARTESIAN_POINT('Control Point',(11.0693744404,0.823778104665,0.798640727609)) ;
#6317=CARTESIAN_POINT('Control Point',(11.0751659732,0.81938747294,0.8)) ;
#6318=CARTESIAN_POINT('Control Point',(11.0763363557,0.816355016336,0.8)) ;
#6319=CARTESIAN_POINT('Vertex',(11.0683666695,0.826355016336,0.79)) ;
#6322=CARTESIAN_POINT('Line Origine',(11.5869690105,0.826355016336,0.79)) ;
#6334=CARTESIAN_POINT('Axis2P3D Location',(10.9754465899,0.375582333645,0.79)) ;
#6340=CARTESIAN_POINT('Control Point',(11.0392541509,0.654348268336,0.8)) ;
#6341=CARTESIAN_POINT('Control Point',(11.0338520512,0.650042964352,0.8)) ;
#6342=CARTESIAN_POINT('Control Point',(11.0267066055,0.644348268336,0.796907845114)) ;
#6343=CARTESIAN_POINT('Control Point',(11.0267066055,0.644348268336,0.79)) ;
#6344=CARTESIAN_POINT('Vertex',(11.0267066055,0.644348268336,0.79)) ;
#6347=CARTESIAN_POINT('Line Origine',(10.9656986861,0.377813560231,0.79)) ;
#6359=CARTESIAN_POINT('Axis2P3D Location',(11.5869690105,0.654348268336,0.79)) ;
#6365=CARTESIAN_POINT('Control Point',(11.5017788548,0.654348268336,0.8)) ;
#6366=CARTESIAN_POINT('Control Point',(11.4964305645,0.650032062052,0.8)) ;
#6367=CARTESIAN_POINT('Control Point',(11.4893876715,0.644348268336,0.79687268843)) ;
#6368=CARTESIAN_POINT('Control Point',(11.4893876715,0.644348268336,0.79)) ;
#6369=CARTESIAN_POINT('Vertex',(11.4893876715,0.644348268336,0.79)) ;
#6372=CARTESIAN_POINT('Line Origine',(11.5869690105,0.644348268336,0.79)) ;
#6384=CARTESIAN_POINT('Axis2P3D Location',(11.3745496386,0.0654507723358,0.79)) ;
#6390=CARTESIAN_POINT('Control Point',(11.2123194388,-0.685453471664,0.8)) ;
#6391=CARTESIAN_POINT('Control Point',(11.2069711485,-0.689769677948,0.8)) ;
#6392=CARTESIAN_POINT('Control Point',(11.1999282555,-0.695453471664,0.79687268843)) ;
#6393=CARTESIAN_POINT('Control Point',(11.1999282555,-0.695453471664,0.79)) ;
#6394=CARTESIAN_POINT('Vertex',(11.1999282555,-0.695453471664,0.79)) ;
#6397=CARTESIAN_POINT('Line Origine',(11.3647751543,0.0675625150108,0.79)) ;
#6409=CARTESIAN_POINT('Axis2P3D Location',(11.5869690105,-0.685453471664,0.79)) ;
#6415=CARTESIAN_POINT('Control Point',(11.4038577435,-0.695453471664,0.79)) ;
#6416=CARTESIAN_POINT('Control Point',(11.4038577435,-0.695453471664,0.796008543711)) ;
#6417=CARTESIAN_POINT('Control Point',(11.400095036,-0.690051097279,0.8)) ;
#6418=CARTESIAN_POINT('Control Point',(11.3957616291,-0.685453471664,0.8)) ;
#6419=CARTESIAN_POINT('Vertex',(11.4038577435,-0.695453471664,0.79)) ;
#6422=CARTESIAN_POINT('Line Origine',(11.5869690105,-0.695453471664,0.79)) ;
#6434=CARTESIAN_POINT('Axis2P3D Location',(11.5555348955,0.0654507723358,0.79)) ;
#6439=CARTESIAN_POINT('Line Origine',(11.5653159379,0.0633696160619,0.79)) ;
#6451=CARTESIAN_POINT('Axis2P3D Location',(4.17638070745,-0.695453471664,0.75)) ;
#6456=CARTESIAN_POINT('Line Origine',(5.74862216546,-0.695453471664,0.775)) ;
#6460=CARTESIAN_POINT('Vertex',(5.74862216546,-0.695453471664,0.76)) ;
#6463=CARTESIAN_POINT('Line Origine',(5.54687809345,-0.695453471664,0.775)) ;
#6467=CARTESIAN_POINT('Vertex',(5.54687809345,-0.695453471664,0.76)) ;
#6470=CARTESIAN_POINT('Line Origine',(5.64775012946,-0.695453471664,0.76)) ;
#6482=CARTESIAN_POINT('Axis2P3D Location',(5.86921933346,0.826355016336,0.75)) ;
#6487=CARTESIAN_POINT('Line Origine',(5.86921933346,0.826355016336,0.775)) ;
#6491=CARTESIAN_POINT('Vertex',(5.86921933346,0.826355016336,0.76)) ;
#6494=CARTESIAN_POINT('Line Origine',(5.70804871346,0.0654507723358,0.76)) ;
#6506=CARTESIAN_POINT('Axis2P3D Location',(5.74862216546,-0.695453471664,0.75)) ;
#6511=CARTESIAN_POINT('Line Origine',(5.88238135946,-0.0639276836642,0.775)) ;
#6515=CARTESIAN_POINT('Vertex',(5.88238135946,-0.0639276836642,0.76)) ;
#6518=CARTESIAN_POINT('Line Origine',(5.81550176246,-0.379690577664,0.76)) ;
#6530=CARTESIAN_POINT('Axis2P3D Location',(5.56660932145,0.826355016336,0.75)) ;
#6535=CARTESIAN_POINT('Line Origine',(6.34067863945,0.826355016336,0.775)) ;
#6539=CARTESIAN_POINT('Vertex',(6.34067863945,0.826355016336,0.76)) ;
#6542=CARTESIAN_POINT('Line Origine',(6.10494898645,0.826355016336,0.76)) ;
#6554=CARTESIAN_POINT('Axis2P3D Location',(5.88238135946,-0.0639276836642,0.75)) ;
#6559=CARTESIAN_POINT('Line Origine',(6.17621236945,-0.0639276836642,0.775)) ;
#6563=CARTESIAN_POINT('Vertex',(6.17621236945,-0.0639276836642,0.76)) ;
#6566=CARTESIAN_POINT('Line Origine',(6.02929686445,-0.0639276836642,0.76)) ;
#6578=CARTESIAN_POINT('Axis2P3D Location',(6.17621236945,-0.0639276836642,0.75)) ;
#6583=CARTESIAN_POINT('Line Origine',(6.43716155545,-0.0332267036642,0.775)) ;
#6587=CARTESIAN_POINT('Vertex',(6.43716155545,-0.0332267036642,0.76)) ;
#6590=CARTESIAN_POINT('Line Origine',(6.30668696245,-0.0485771936642,0.76)) ;
#6602=CARTESIAN_POINT('Axis2P3D Location',(6.43716155545,-0.0332267036642,0.75)) ;
#6607=CARTESIAN_POINT('Line Origine',(6.62354523145,0.0610647003358,0.775)) ;
#6611=CARTESIAN_POINT('Vertex',(6.62354523145,0.0610647003358,0.76)) ;
#6614=CARTESIAN_POINT('Line Origine',(6.53035339345,0.0139189983358,0.76)) ;
#6626=CARTESIAN_POINT('Axis2P3D Location',(6.62354523145,0.0610647003358,0.75)) ;
#6631=CARTESIAN_POINT('Line Origine',(6.73537558945,0.212368944336,0.775)) ;
#6635=CARTESIAN_POINT('Vertex',(6.73537558945,0.212368944336,0.76)) ;
#6638=CARTESIAN_POINT('Line Origine',(6.67946041045,0.136716822336,0.76)) ;
#6650=CARTESIAN_POINT('Axis2P3D Location',(6.73537558945,0.212368944336,0.75)) ;
#6655=CARTESIAN_POINT('Line Origine',(6.77485023745,0.425071338336,0.775)) ;
#6659=CARTESIAN_POINT('Vertex',(6.77485023745,0.425071338336,0.76)) ;
#6662=CARTESIAN_POINT('Line Origine',(6.75511291345,0.318720141336,0.76)) ;
#6674=CARTESIAN_POINT('Axis2P3D Location',(6.77485023745,0.425071338336,0.75)) ;
#6679=CARTESIAN_POINT('Line Origine',(6.74415382945,0.593915298336,0.775)) ;
#6683=CARTESIAN_POINT('Vertex',(6.74415382945,0.593915298336,0.76)) ;
#6686=CARTESIAN_POINT('Line Origine',(6.75950203345,0.509493318336,0.76)) ;
#6698=CARTESIAN_POINT('Axis2P3D Location',(6.74415382945,0.593915298336,0.75)) ;
#6703=CARTESIAN_POINT('Line Origine',(6.66082227146,0.721099956336,0.775)) ;
#6707=CARTESIAN_POINT('Vertex',(6.66082227146,0.721099956336,0.76)) ;
#6710=CARTESIAN_POINT('Line Origine',(6.70248805045,0.657507627336,0.76)) ;
#6722=CARTESIAN_POINT('Axis2P3D Location',(6.66082227146,0.721099956336,0.75)) ;
#6727=CARTESIAN_POINT('Line Origine',(6.52487689945,0.797844786336,0.775)) ;
#6731=CARTESIAN_POINT('Vertex',(6.52487689945,0.797844786336,0.76)) ;
#6734=CARTESIAN_POINT('Line Origine',(6.59284958545,0.759472371336,0.76)) ;
#6746=CARTESIAN_POINT('Axis2P3D Location',(6.52487689945,0.797844786336,0.75)) ;
#6751=CARTESIAN_POINT('Line Origine',(6.43277776945,0.812099901336,0.76)) ;
#6763=CARTESIAN_POINT('Axis2P3D Location',(8.06182129318,0.836355016336,0.76)) ;
#6768=CARTESIAN_POINT('Line Origine',(8.06182129318,0.836355016336,0.75)) ;
#6772=CARTESIAN_POINT('Vertex',(5.86111561347,0.836355016336,0.75)) ;
#6774=CARTESIAN_POINT('Vertex',(6.34144795973,0.836355016336,0.75)) ;
#6778=CARTESIAN_POINT('Control Point',(5.86111561347,0.836355016336,0.75)) ;
#6779=CARTESIAN_POINT('Control Point',(5.86283418916,0.834234293014,0.75)) ;
#6780=CARTESIAN_POINT('Control Point',(5.86772828372,0.828204105783,0.751342940797)) ;
#6781=CARTESIAN_POINT('Control Point',(5.86921933346,0.826355016336,0.755492598577)) ;
#6782=CARTESIAN_POINT('Control Point',(5.86921933346,0.826355016336,0.76)) ;
#6785=CARTESIAN_POINT('Control Point',(6.34144795973,0.836355016336,0.75)) ;
#6786=CARTESIAN_POINT('Control Point',(6.34118141158,0.833356893086,0.75)) ;
#6787=CARTESIAN_POINT('Control Point',(6.34081178431,0.827691220147,0.752085811756)) ;
#6788=CARTESIAN_POINT('Control Point',(6.34067863945,0.826355016336,0.756067949153)) ;
#6789=CARTESIAN_POINT('Control Point',(6.34067863945,0.826355016336,0.76)) ;
#6798=CARTESIAN_POINT('Axis2P3D Location',(5.68396341911,-3.5527136788E-015,0.76)) ;
#6803=CARTESIAN_POINT('Line Origine',(5.68396341911,-3.5527136788E-015,0.75)) ;
#6807=CARTESIAN_POINT('Vertex',(5.53453808168,-0.705453471664,0.75)) ;
#6811=CARTESIAN_POINT('Control Point',(5.53453808168,-0.705453471664,0.75)) ;
#6812=CARTESIAN_POINT('Control Point',(5.53986872606,-0.701133666726,0.75)) ;
#6813=CARTESIAN_POINT('Control Point',(5.54687809346,-0.695453471664,0.753138769483)) ;
#6814=CARTESIAN_POINT('Control Point',(5.54687809346,-0.695453471664,0.76)) ;
#6823=CARTESIAN_POINT('Axis2P3D Location',(8.06182129318,-0.705453471664,0.76)) ;
#6828=CARTESIAN_POINT('Line Origine',(8.06182129318,-0.705453471664,0.75)) ;
#6832=CARTESIAN_POINT('Vertex',(5.75672597559,-0.705453471664,0.75)) ;
#6836=CARTESIAN_POINT('Control Point',(5.75672597559,-0.705453471664,0.75)) ;
#6837=CARTESIAN_POINT('Control Point',(5.75251788731,-0.701784153012,0.75)) ;
#6838=CARTESIAN_POINT('Control Point',(5.74862216546,-0.695453471664,0.753990115727)) ;
#6839=CARTESIAN_POINT('Control Point',(5.74862216546,-0.695453471664,0.76)) ;
#6848=CARTESIAN_POINT('Axis2P3D Location',(5.90614329087,-3.5527136788E-015,0.76)) ;
#6853=CARTESIAN_POINT('Line Origine',(5.90614329087,-3.5527136788E-015,0.75)) ;
#6857=CARTESIAN_POINT('Vertex',(5.89048516959,-0.0739276836642,0.75)) ;
#6861=CARTESIAN_POINT('Control Point',(5.89048516959,-0.0739276836642,0.75)) ;
#6862=CARTESIAN_POINT('Control Point',(5.88876658464,-0.0718069703036,0.75)) ;
#6863=CARTESIAN_POINT('Control Point',(5.88388137002,-0.065769545549,0.75134292986)) ;
#6864=CARTESIAN_POINT('Control Point',(5.88238135946,-0.0639276836642,0.755492586795)) ;
#6865=CARTESIAN_POINT('Control Point',(5.88238135946,-0.0639276836642,0.76)) ;
#6874=CARTESIAN_POINT('Axis2P3D Location',(8.06182129318,-0.0739276836642,0.76)) ;
#6879=CARTESIAN_POINT('Line Origine',(8.06182129318,-0.0739276836642,0.75)) ;
#6883=CARTESIAN_POINT('Vertex',(6.1767986037,-0.0739276836642,0.75)) ;
#6887=CARTESIAN_POINT('Control Point',(6.1767986037,-0.0739276836642,0.75)) ;
#6888=CARTESIAN_POINT('Control Point',(6.17649192806,-0.0686970026535,0.75)) ;
#6889=CARTESIAN_POINT('Control Point',(6.17621236945,-0.0639276836642,0.754760334028)) ;
#6890=CARTESIAN_POINT('Control Point',(6.17621236945,-0.0639276836642,0.76)) ;
#6899=CARTESIAN_POINT('Axis2P3D Location',(8.06182129318,0.147847462587,0.76)) ;
#6904=CARTESIAN_POINT('Line Origine',(8.06182129318,0.147847462587,0.75)) ;
#6908=CARTESIAN_POINT('Vertex',(6.4400923506,-0.042950863304,0.75)) ;
#6912=CARTESIAN_POINT('Control Point',(6.4400923506,-0.042950863304,0.75)) ;
#6913=CARTESIAN_POINT('Control Point',(6.43929811242,-0.0403153652896,0.75)) ;
#6914=CARTESIAN_POINT('Control Point',(6.43749844727,-0.0343541457219,0.752043622002)) ;
#6915=CARTESIAN_POINT('Control Point',(6.43716155545,-0.0332267036642,0.75604269091)) ;
#6916=CARTESIAN_POINT('Control Point',(6.43716155545,-0.0332267036642,0.76)) ;
#6925=CARTESIAN_POINT('Axis2P3D Location',(8.06182129318,0.777480958756,0.76)) ;
#6930=CARTESIAN_POINT('Line Origine',(8.06182129318,0.777480958756,0.75)) ;
#6934=CARTESIAN_POINT('Vertex',(6.63017672105,0.0532127200754,0.75)) ;
#6938=CARTESIAN_POINT('Control Point',(6.63017672105,0.0532127200754,0.75)) ;
#6939=CARTESIAN_POINT('Control Point',(6.62838542347,0.0553336805513,0.75)) ;
#6940=CARTESIAN_POINT('Control Point',(6.62434592115,0.0601123739405,0.752004235068)) ;
#6941=CARTESIAN_POINT('Control Point',(6.62354523145,0.0610647003358,0.756018613446)) ;
#6942=CARTESIAN_POINT('Control Point',(6.62354523145,0.0610647003358,0.76)) ;
#6951=CARTESIAN_POINT('Axis2P3D Location',(6.59084671034,-5.3290705182E-015,0.76)) ;
#6956=CARTESIAN_POINT('Line Origine',(6.59084671034,-5.3290705182E-015,0.75)) ;
#6960=CARTESIAN_POINT('Vertex',(6.74478719507,0.2082784056,0.75)) ;
#6964=CARTESIAN_POINT('Control Point',(6.74478719507,0.2082784056,0.75)) ;
#6965=CARTESIAN_POINT('Control Point',(6.73995550525,0.210378897285,0.75)) ;
#6966=CARTESIAN_POINT('Control Point',(6.73537558945,0.212368944336,0.754695560679)) ;
#6967=CARTESIAN_POINT('Control Point',(6.73537558945,0.212368944336,0.76)) ;
#6976=CARTESIAN_POINT('Axis2P3D Location',(6.70613357866,-3.5527136788E-015,0.76)) ;
#6981=CARTESIAN_POINT('Line Origine',(6.70613357866,-3.5527136788E-015,0.75)) ;
#6985=CARTESIAN_POINT('Vertex',(6.78501753849,0.425052735246,0.75)) ;
#6989=CARTESIAN_POINT('Control Point',(6.78501753849,0.425052735246,0.75)) ;
#6990=CARTESIAN_POINT('Control Point',(6.78224119194,0.425057799931,0.75)) ;
#6991=CARTESIAN_POINT('Control Point',(6.77605103178,0.425066337802,0.752039973589)) ;
#6992=CARTESIAN_POINT('Control Point',(6.77485023745,0.425071338336,0.756040531986)) ;
#6993=CARTESIAN_POINT('Control Point',(6.77485023745,0.425071338336,0.76)) ;
#7002=CARTESIAN_POINT('Axis2P3D Location',(6.86229357598,-3.5527136788E-015,0.76)) ;
#7007=CARTESIAN_POINT('Line Origine',(6.86229357598,-3.5527136788E-015,0.75)) ;
#7011=CARTESIAN_POINT('Vertex',(6.75362979276,0.597699361671,0.75)) ;
#7015=CARTESIAN_POINT('Control Point',(6.75362979276,0.597699361671,0.75)) ;
#7016=CARTESIAN_POINT('Control Point',(6.75101226412,0.596657265734,0.75)) ;
#7017=CARTESIAN_POINT('Control Point',(6.7453159297,0.594374164626,0.752028217054)) ;
#7018=CARTESIAN_POINT('Control Point',(6.74415382945,0.593915298336,0.756033165033)) ;
#7019=CARTESIAN_POINT('Control Point',(6.74415382945,0.593915298336,0.76)) ;
#7028=CARTESIAN_POINT('Axis2P3D Location',(7.14524321381,-1.7763568394E-015,0.76)) ;
#7033=CARTESIAN_POINT('Line Origine',(7.14524321381,-1.7763568394E-015,0.75)) ;
#7037=CARTESIAN_POINT('Vertex',(6.66785477705,0.728613343129,0.75)) ;
#7041=CARTESIAN_POINT('Control Point',(6.66785477705,0.728613343129,0.75)) ;
#7042=CARTESIAN_POINT('Control Point',(6.66422475555,0.724735101579,0.75)) ;
#7043=CARTESIAN_POINT('Control Point',(6.66082227146,0.721099956336,0.75468795522)) ;
#7044=CARTESIAN_POINT('Control Point',(6.66082227146,0.721099956336,0.76)) ;
#7053=CARTESIAN_POINT('Axis2P3D Location',(8.06182129318,-0.0583183613686,0.76)) ;
#7058=CARTESIAN_POINT('Line Origine',(8.06182129318,-0.0583183613686,0.75)) ;
#7062=CARTESIAN_POINT('Vertex',(6.52820663933,0.807448484265,0.75)) ;
#7066=CARTESIAN_POINT('Control Point',(6.52820663933,0.807448484265,0.75)) ;
#7067=CARTESIAN_POINT('Control Point',(6.52729716402,0.804825311638,0.75)) ;
#7068=CARTESIAN_POINT('Control Point',(6.52527254125,0.798977417181,0.752040881392)) ;
#7069=CARTESIAN_POINT('Control Point',(6.52487689945,0.797844786336,0.756041069605)) ;
#7070=CARTESIAN_POINT('Control Point',(6.52487689945,0.797844786336,0.76)) ;
#7079=CARTESIAN_POINT('Axis2P3D Location',(8.06182129318,0.570075414006,0.76)) ;
#7084=CARTESIAN_POINT('Line Origine',(8.06182129318,0.570075414006,0.75)) ;
#7096=CARTESIAN_POINT('Axis2P3D Location',(8.23087755146,-0.0858511856642,0.75)) ;
#7101=CARTESIAN_POINT('Line Origine',(8.20016971346,-0.329254559664,0.775)) ;
#7105=CARTESIAN_POINT('Vertex',(8.20016971346,-0.329254559664,0.76)) ;
#7108=CARTESIAN_POINT('Line Origine',(8.23087755146,-0.0858511856642,0.775)) ;
#7112=CARTESIAN_POINT('Vertex',(8.23087755146,-0.0858511856642,0.76)) ;
#7115=CARTESIAN_POINT('Line Origine',(8.21552363246,-0.207552872664,0.76)) ;
#7127=CARTESIAN_POINT('Axis2P3D Location',(8.43480703945,-0.0858511856642,0.75)) ;
#7132=CARTESIAN_POINT('Line Origine',(8.43480703945,-0.0858511856642,0.775)) ;
#7136=CARTESIAN_POINT('Vertex',(8.43480703945,-0.0858511856642,0.76)) ;
#7139=CARTESIAN_POINT('Line Origine',(8.33284229546,-0.0858511856642,0.76)) ;
#7151=CARTESIAN_POINT('Axis2P3D Location',(8.20016971346,-0.329254559664,0.75)) ;
#7156=CARTESIAN_POINT('Line Origine',(8.23087755146,-0.506872187664,0.775)) ;
#7160=CARTESIAN_POINT('Vertex',(8.23087755146,-0.506872187664,0.76)) ;
#7163=CARTESIAN_POINT('Line Origine',(8.21552363246,-0.418063373664,0.76)) ;
#7175=CARTESIAN_POINT('Axis2P3D Location',(8.40849441746,-0.219616475664,0.75)) ;
#7180=CARTESIAN_POINT('Line Origine',(8.40849441746,-0.219616475664,0.775)) ;
#7184=CARTESIAN_POINT('Vertex',(8.40849441746,-0.219616475664,0.76)) ;
#7187=CARTESIAN_POINT('Line Origine',(8.42165072846,-0.152733830664,0.76)) ;
#7199=CARTESIAN_POINT('Axis2P3D Location',(8.23087755146,-0.506872187664,0.75)) ;
#7204=CARTESIAN_POINT('Line Origine',(8.32297668145,-0.631864571664,0.775)) ;
#7208=CARTESIAN_POINT('Vertex',(8.32297668145,-0.631864571664,0.76)) ;
#7211=CARTESIAN_POINT('Line Origine',(8.27692711646,-0.569368379664,0.76)) ;
#7223=CARTESIAN_POINT('Axis2P3D Location',(8.32297668145,-0.631864571664,0.75)) ;
#7228=CARTESIAN_POINT('Line Origine',(8.47646710346,-0.706417889664,0.775)) ;
#7232=CARTESIAN_POINT('Vertex',(8.47646710346,-0.706417889664,0.76)) ;
#7235=CARTESIAN_POINT('Line Origine',(8.39972189245,-0.669141230664,0.76)) ;
#7247=CARTESIAN_POINT('Axis2P3D Location',(8.47646710346,-0.706417889664,0.75)) ;
#7252=CARTESIAN_POINT('Line Origine',(8.69136100946,-0.732730511664,0.775)) ;
#7256=CARTESIAN_POINT('Vertex',(8.69136100946,-0.732730511664,0.76)) ;
#7259=CARTESIAN_POINT('Line Origine',(8.58391405646,-0.719574200664,0.76)) ;
#7271=CARTESIAN_POINT('Axis2P3D Location',(8.69136100946,-0.732730511664,0.75)) ;
#7276=CARTESIAN_POINT('Line Origine',(8.90406873745,-0.704226377664,0.775)) ;
#7280=CARTESIAN_POINT('Vertex',(8.90406873745,-0.704226377664,0.76)) ;
#7283=CARTESIAN_POINT('Line Origine',(8.79771487345,-0.718478444664,0.76)) ;
#7295=CARTESIAN_POINT('Axis2P3D Location',(8.90406873745,-0.704226377664,0.75)) ;
#7300=CARTESIAN_POINT('Line Origine',(9.05755915945,-0.620900153664,0.775)) ;
#7304=CARTESIAN_POINT('Vertex',(9.05755915945,-0.620900153664,0.76)) ;
#7307=CARTESIAN_POINT('Line Origine',(8.98081394845,-0.662563265664,0.76)) ;
#7319=CARTESIAN_POINT('Axis2P3D Location',(9.05755915945,-0.620900153664,0.75)) ;
#7324=CARTESIAN_POINT('Line Origine',(9.16282031545,-0.476170445664,0.775)) ;
#7328=CARTESIAN_POINT('Vertex',(9.16282031545,-0.476170445664,0.76)) ;
#7331=CARTESIAN_POINT('Line Origine',(9.11018973745,-0.548535299664,0.76)) ;
#7343=CARTESIAN_POINT('Axis2P3D Location',(9.16282031545,-0.476170445664,0.75)) ;
#7348=CARTESIAN_POINT('Line Origine',(9.23079300145,-0.265665659664,0.775)) ;
#7352=CARTESIAN_POINT('Vertex',(9.23079300145,-0.265665659664,0.76)) ;
#7355=CARTESIAN_POINT('Line Origine',(9.19680665845,-0.370918052664,0.76)) ;
#7367=CARTESIAN_POINT('Axis2P3D Location',(9.23079300145,-0.265665659664,0.75)) ;
#7372=CARTESIAN_POINT('Line Origine',(9.46323195745,0.826355016336,0.775)) ;
#7376=CARTESIAN_POINT('Vertex',(9.46323195745,0.826355016336,0.76)) ;
#7379=CARTESIAN_POINT('Line Origine',(9.34701247945,0.280344678336,0.76)) ;
#7391=CARTESIAN_POINT('Line Origine',(9.25491944545,0.826355016336,0.775)) ;
#7395=CARTESIAN_POINT('Vertex',(9.25491944545,0.826355016336,0.76)) ;
#7398=CARTESIAN_POINT('Line Origine',(9.35907570145,0.826355016336,0.76)) ;
#7410=CARTESIAN_POINT('Axis2P3D Location',(9.25491944545,0.826355016336,0.75)) ;
#7415=CARTESIAN_POINT('Line Origine',(9.04221171745,-0.184530947664,0.775)) ;
#7419=CARTESIAN_POINT('Vertex',(9.04221171745,-0.184530947664,0.76)) ;
#7422=CARTESIAN_POINT('Line Origine',(9.14856558145,0.320912034336,0.76)) ;
#7434=CARTESIAN_POINT('Axis2P3D Location',(9.04221171745,-0.184530947664,0.75)) ;
#7439=CARTESIAN_POINT('Line Origine',(8.99835404546,-0.344602763664,0.775)) ;
#7443=CARTESIAN_POINT('Vertex',(8.99835404546,-0.344602763664,0.76)) ;
#7446=CARTESIAN_POINT('Line Origine',(9.02028288145,-0.264566855664,0.76)) ;
#7458=CARTESIAN_POINT('Axis2P3D Location',(8.99835404546,-0.344602763664,0.75)) ;
#7463=CARTESIAN_POINT('Line Origine',(8.93256677545,-0.456439217664,0.775)) ;
#7467=CARTESIAN_POINT('Vertex',(8.93256677545,-0.456439217664,0.76)) ;
#7470=CARTESIAN_POINT('Line Origine',(8.96546041045,-0.400520990664,0.76)) ;
#7482=CARTESIAN_POINT('Axis2P3D Location',(8.93256677545,-0.456439217664,0.75)) ;
#7487=CARTESIAN_POINT('Line Origine',(8.83170083545,-0.524417237664,0.775)) ;
#7491=CARTESIAN_POINT('Vertex',(8.83170083545,-0.524417237664,0.76)) ;
#7494=CARTESIAN_POINT('Line Origine',(8.88213380545,-0.490428227664,0.76)) ;
#7506=CARTESIAN_POINT('Axis2P3D Location',(8.83170083545,-0.524417237664,0.75)) ;
#7511=CARTESIAN_POINT('Line Origine',(8.68477961545,-0.544148465664,0.775)) ;
#7515=CARTESIAN_POINT('Vertex',(8.68477961545,-0.544148465664,0.76)) ;
#7518=CARTESIAN_POINT('Line Origine',(8.75824022545,-0.534282851664,0.76)) ;
#7530=CARTESIAN_POINT('Axis2P3D Location',(8.68477961545,-0.544148465664,0.75)) ;
#7535=CARTESIAN_POINT('Line Origine',(8.56198483946,-0.530992535664,0.775)) ;
#7539=CARTESIAN_POINT('Vertex',(8.56198483946,-0.530992535664,0.76)) ;
#7542=CARTESIAN_POINT('Line Origine',(8.62338222745,-0.537570500664,0.76)) ;
#7554=CARTESIAN_POINT('Axis2P3D Location',(8.56198483946,-0.530992535664,0.75)) ;
#7559=CARTESIAN_POINT('Line Origine',(8.47428092546,-0.484943351664,0.775)) ;
#7563=CARTESIAN_POINT('Vertex',(8.47428092546,-0.484943351664,0.76)) ;
#7566=CARTESIAN_POINT('Line Origine',(8.51813288246,-0.507967943664,0.76)) ;
#7578=CARTESIAN_POINT('Axis2P3D Location',(8.47428092546,-0.484943351664,0.75)) ;
#7583=CARTESIAN_POINT('Line Origine',(8.41945883546,-0.412581545664,0.775)) ;
#7587=CARTESIAN_POINT('Vertex',(8.41945883546,-0.412581545664,0.76)) ;
#7590=CARTESIAN_POINT('Line Origine',(8.44686988046,-0.448762448664,0.76)) ;
#7602=CARTESIAN_POINT('Axis2P3D Location',(8.41945883546,-0.412581545664,0.75)) ;
#7607=CARTESIAN_POINT('Line Origine',(8.40191302345,-0.307325723664,0.775)) ;
#7611=CARTESIAN_POINT('Vertex',(8.40191302345,-0.307325723664,0.76)) ;
#7614=CARTESIAN_POINT('Line Origine',(8.41068592945,-0.359953634664,0.76)) ;
#7626=CARTESIAN_POINT('Axis2P3D Location',(8.40191302345,-0.307325723664,0.75)) ;
#7631=CARTESIAN_POINT('Line Origine',(8.40520372046,-0.263471099664,0.76)) ;
#7643=CARTESIAN_POINT('Axis2P3D Location',(9.3270857232,-3.5527136788E-015,0.76)) ;
#7648=CARTESIAN_POINT('Line Origine',(9.3270857232,-3.5527136788E-015,0.75)) ;
#7652=CARTESIAN_POINT('Vertex',(9.24046698217,-0.268249801742,0.75)) ;
#7654=CARTESIAN_POINT('Vertex',(9.17184616912,-0.480761774072,0.75)) ;
#7658=CARTESIAN_POINT('Control Point',(9.24046698217,-0.268249801742,0.75)) ;
#7659=CARTESIAN_POINT('Control Point',(9.23464439954,-0.266179681206,0.75)) ;
#7660=CARTESIAN_POINT('Control Point',(9.23079300145,-0.265665659664,0.754761186069)) ;
#7661=CARTESIAN_POINT('Control Point',(9.23079300145,-0.265665659664,0.76)) ;
#7664=CARTESIAN_POINT('Control Point',(9.17184616912,-0.480761774072,0.75)) ;
#7665=CARTESIAN_POINT('Control Point',(9.16937164126,-0.479502994827,0.75)) ;
#7666=CARTESIAN_POINT('Control Point',(9.16387670667,-0.476706480637,0.752053904423)) ;
#7667=CARTESIAN_POINT('Control Point',(9.16282031545,-0.476170445664,0.756048741427)) ;
#7668=CARTESIAN_POINT('Control Point',(9.16282031545,-0.476170445664,0.76)) ;
#7677=CARTESIAN_POINT('Axis2P3D Location',(9.297564531,-3.5527136788E-015,0.76)) ;
#7682=CARTESIAN_POINT('Line Origine',(9.297564531,-3.5527136788E-015,0.75)) ;
#7686=CARTESIAN_POINT('Vertex',(9.47558449996,0.836355016336,0.75)) ;
#7690=CARTESIAN_POINT('Control Point',(9.47558449996,0.836355016336,0.75)) ;
#7691=CARTESIAN_POINT('Control Point',(9.47024953282,0.832036094029,0.75)) ;
#7692=CARTESIAN_POINT('Control Point',(9.46323195745,0.826355016336,0.753135965892)) ;
#7693=CARTESIAN_POINT('Control Point',(9.46323195745,0.826355016336,0.76)) ;
#7702=CARTESIAN_POINT('Axis2P3D Location',(8.06182129318,0.836355016336,0.76)) ;
#7707=CARTESIAN_POINT('Line Origine',(8.06182129318,0.836355016336,0.75)) ;
#7711=CARTESIAN_POINT('Vertex',(9.24680463754,0.836355016336,0.75)) ;
#7715=CARTESIAN_POINT('Control Point',(9.24680463754,0.836355016336,0.75)) ;
#7716=CARTESIAN_POINT('Control Point',(9.25042219611,0.832224439479,0.75)) ;
#7717=CARTESIAN_POINT('Control Point',(9.25491944545,0.826355016336,0.753988198455)) ;
#7718=CARTESIAN_POINT('Control Point',(9.25491944545,0.826355016336,0.76)) ;
#7727=CARTESIAN_POINT('Axis2P3D Location',(9.07082121146,-2.6645352591E-015,0.76)) ;
#7732=CARTESIAN_POINT('Line Origine',(9.07082121146,-1.7763568394E-015,0.75)) ;
#7736=CARTESIAN_POINT('Vertex',(9.03248782922,-0.182178045071,0.75)) ;
#7740=CARTESIAN_POINT('Control Point',(9.03248782922,-0.182178045071,0.75)) ;
#7741=CARTESIAN_POINT('Control Point',(9.03757788135,-0.183409691977,0.75)) ;
#7742=CARTESIAN_POINT('Control Point',(9.04221171745,-0.184530947664,0.754763055778)) ;
#7743=CARTESIAN_POINT('Control Point',(9.04221171745,-0.184530947664,0.76)) ;
#7752=CARTESIAN_POINT('Axis2P3D Location',(9.08240233101,-3.5527136788E-015,0.76)) ;
#7757=CARTESIAN_POINT('Line Origine',(9.08240233101,-3.5527136788E-015,0.75)) ;
#7761=CARTESIAN_POINT('Vertex',(8.98906075985,-0.340678246748,0.75)) ;
#7765=CARTESIAN_POINT('Control Point',(8.98906075985,-0.340678246748,0.75)) ;
#7766=CARTESIAN_POINT('Control Point',(8.993883195,-0.342713630952,0.75)) ;
#7767=CARTESIAN_POINT('Control Point',(8.99835404546,-0.344602763664,0.754743822346)) ;
#7768=CARTESIAN_POINT('Control Point',(8.99835404546,-0.344602763664,0.76)) ;
#7777=CARTESIAN_POINT('Axis2P3D Location',(9.18946314208,-3.5527136788E-015,0.76)) ;
#7782=CARTESIAN_POINT('Line Origine',(9.18946314208,-3.5527136788E-015,0.75)) ;
#7786=CARTESIAN_POINT('Vertex',(8.9250973718,-0.44941415425,0.75)) ;
#7790=CARTESIAN_POINT('Control Point',(8.9250973718,-0.44941415425,0.75)) ;
#7791=CARTESIAN_POINT('Control Point',(8.92864900363,-0.452819387904,0.75)) ;
#7792=CARTESIAN_POINT('Control Point',(8.93256677545,-0.456439217664,0.754697697658)) ;
#7793=CARTESIAN_POINT('Control Point',(8.93256677545,-0.456439217664,0.76)) ;
#7802=CARTESIAN_POINT('Axis2P3D Location',(8.06182129318,-1.03121410117,0.76)) ;
#7807=CARTESIAN_POINT('Line Origine',(8.06182129318,-1.03121410117,0.75)) ;
#7811=CARTESIAN_POINT('Vertex',(8.8280516888,-0.514817534022,0.75)) ;
#7815=CARTESIAN_POINT('Control Point',(8.8280516888,-0.514817534022,0.75)) ;
#7816=CARTESIAN_POINT('Control Point',(8.82905674158,-0.517384363904,0.75)) ;
#7817=CARTESIAN_POINT('Control Point',(8.83124177717,-0.523281562136,0.752006736368)) ;
#7818=CARTESIAN_POINT('Control Point',(8.83170083545,-0.524417237664,0.756020141132)) ;
#7819=CARTESIAN_POINT('Control Point',(8.83170083545,-0.524417237664,0.76)) ;
#7828=CARTESIAN_POINT('Axis2P3D Location',(8.06182129318,-0.617720754105,0.76)) ;
#7833=CARTESIAN_POINT('Line Origine',(8.06182129318,-0.617720754105,0.75)) ;
#7837=CARTESIAN_POINT('Vertex',(8.68464480398,-0.534076793789,0.75)) ;
#7841=CARTESIAN_POINT('Control Point',(8.68464480398,-0.534076793789,0.75)) ;
#7842=CARTESIAN_POINT('Control Point',(8.6847149119,-0.53934048617,0.75)) ;
#7843=CARTESIAN_POINT('Control Point',(8.68477961545,-0.544148465664,0.754747369234)) ;
#7844=CARTESIAN_POINT('Control Point',(8.68477961545,-0.544148465664,0.76)) ;
#7853=CARTESIAN_POINT('Axis2P3D Location',(8.06182129318,-0.467349016132,0.76)) ;
#7858=CARTESIAN_POINT('Line Origine',(8.06182129318,-0.467349016132,0.75)) ;
#7862=CARTESIAN_POINT('Vertex',(8.56494566433,-0.521252522647,0.75)) ;
#7866=CARTESIAN_POINT('Control Point',(8.56494566433,-0.521252522647,0.75)) ;
#7867=CARTESIAN_POINT('Control Point',(8.56410991503,-0.523809021304,0.75)) ;
#7868=CARTESIAN_POINT('Control Point',(8.56235705548,-0.529921364585,0.752035815495)) ;
#7869=CARTESIAN_POINT('Control Point',(8.56198483946,-0.530992535664,0.756038039405)) ;
#7870=CARTESIAN_POINT('Control Point',(8.56198483945,-0.530992535664,0.76)) ;
#7879=CARTESIAN_POINT('Axis2P3D Location',(8.06182129318,-0.2570856721,0.76)) ;
#7884=CARTESIAN_POINT('Line Origine',(8.06182129318,-0.2570856721,0.75)) ;
#7888=CARTESIAN_POINT('Vertex',(8.48090464634,-0.477126552385,0.75)) ;
#7892=CARTESIAN_POINT('Control Point',(8.48090464634,-0.477126552385,0.75)) ;
#7893=CARTESIAN_POINT('Control Point',(8.47910637664,-0.47924848644,0.75)) ;
#7894=CARTESIAN_POINT('Control Point',(8.47507810104,-0.483998759141,0.752014517259)) ;
#7895=CARTESIAN_POINT('Control Point',(8.47428092546,-0.484943351664,0.756024878429)) ;
#7896=CARTESIAN_POINT('Control Point',(8.47428092546,-0.484943351664,0.76)) ;
#7905=CARTESIAN_POINT('Axis2P3D Location',(8.11942838915,-4.4408920985E-015,0.76)) ;
#7910=CARTESIAN_POINT('Line Origine',(8.11942838915,-3.5527136788E-015,0.75)) ;
#7914=CARTESIAN_POINT('Vertex',(8.42891757502,-0.408506797658,0.75)) ;
#7918=CARTESIAN_POINT('Control Point',(8.42891757502,-0.408506797658,0.75)) ;
#7919=CARTESIAN_POINT('Control Point',(8.42403703849,-0.410609295285,0.75)) ;
#7920=CARTESIAN_POINT('Control Point',(8.41945883546,-0.412581545664,0.754685863574)) ;
#7921=CARTESIAN_POINT('Control Point',(8.41945883546,-0.412581545664,0.76)) ;
#7930=CARTESIAN_POINT('Axis2P3D Location',(8.3608207863,-1.7763568394E-015,0.76)) ;
#7935=CARTESIAN_POINT('Line Origine',(8.3608207863,-3.5527136788E-015,0.75)) ;
#7939=CARTESIAN_POINT('Vertex',(8.41197524241,-0.306871196797,0.75)) ;
#7943=CARTESIAN_POINT('Control Point',(8.41197524241,-0.306871196797,0.75)) ;
#7944=CARTESIAN_POINT('Control Point',(8.40921691648,-0.307021227621,0.75)) ;
#7945=CARTESIAN_POINT('Control Point',(8.40306331195,-0.307253237748,0.752071721655)) ;
#7946=CARTESIAN_POINT('Control Point',(8.40191302346,-0.307325723664,0.756060543251)) ;
#7947=CARTESIAN_POINT('Control Point',(8.40191302345,-0.307325723664,0.76)) ;
#7956=CARTESIAN_POINT('Axis2P3D Location',(8.43500177952,-3.5527136788E-015,0.76)) ;
#7961=CARTESIAN_POINT('Line Origine',(8.43500177952,-3.5527136788E-015,0.75)) ;
#7965=CARTESIAN_POINT('Vertex',(8.41842168479,-0.220960428698,0.75)) ;
#7969=CARTESIAN_POINT('Control Point',(8.41842168479,-0.220960428698,0.75)) ;
#7970=CARTESIAN_POINT('Control Point',(8.41322925171,-0.220257442796,0.75)) ;
#7971=CARTESIAN_POINT('Control Point',(8.40849441746,-0.219616475664,0.754760193717)) ;
#7972=CARTESIAN_POINT('Control Point',(8.40849441746,-0.219616475664,0.76)) ;
#7981=CARTESIAN_POINT('Axis2P3D Location',(8.46188623556,-4.4408920985E-015,0.76)) ;
#7986=CARTESIAN_POINT('Line Origine',(8.46188623556,-3.5527136788E-015,0.75)) ;
#7990=CARTESIAN_POINT('Vertex',(8.44696574627,-0.0758511856642,0.75)) ;
#7994=CARTESIAN_POINT('Control Point',(8.44696574627,-0.0758511856642,0.75)) ;
#7995=CARTESIAN_POINT('Control Point',(8.44169777045,-0.0801838633872,0.75)) ;
#7996=CARTESIAN_POINT('Control Point',(8.43480703945,-0.0858511856642,0.753179174138)) ;
#7997=CARTESIAN_POINT('Control Point',(8.43480703945,-0.0858511856642,0.76)) ;
#8006=CARTESIAN_POINT('Axis2P3D Location',(8.06182129318,-0.0758511856642,0.76)) ;
#8011=CARTESIAN_POINT('Line Origine',(8.06182129318,-0.0758511856642,0.75)) ;
#8015=CARTESIAN_POINT('Vertex',(8.22205988635,-0.0758511856642,0.75)) ;
#8019=CARTESIAN_POINT('Control Point',(8.22205988635,-0.0758511856642,0.75)) ;
#8020=CARTESIAN_POINT('Control Point',(8.22611502178,-0.0804500670689,0.75)) ;
#8021=CARTESIAN_POINT('Control Point',(8.23087755146,-0.0858511856642,0.75386207055)) ;
#8022=CARTESIAN_POINT('Control Point',(8.23087755146,-0.0858511856642,0.76)) ;
#8031=CARTESIAN_POINT('Axis2P3D Location',(8.23162929323,-3.5527136788E-015,0.76)) ;
#8036=CARTESIAN_POINT('Line Origine',(8.23162929323,-3.5527136788E-015,0.75)) ;
#8040=CARTESIAN_POINT('Vertex',(8.19006130174,-0.329485565871,0.75)) ;
#8044=CARTESIAN_POINT('Control Point',(8.19006130174,-0.329485565871,0.75)) ;
#8045=CARTESIAN_POINT('Control Point',(8.1928366616,-0.329422120736,0.75)) ;
#8046=CARTESIAN_POINT('Control Point',(8.19899203246,-0.329281238062,0.75205964843)) ;
#8047=CARTESIAN_POINT('Control Point',(8.20016971346,-0.329254559664,0.756052112516)) ;
#8048=CARTESIAN_POINT('Control Point',(8.20016971346,-0.329254559664,0.76)) ;
#8057=CARTESIAN_POINT('Axis2P3D Location',(8.13309742099,-3.5527136788E-015,0.76)) ;
#8062=CARTESIAN_POINT('Line Origine',(8.13309742099,-3.5527136788E-015,0.75)) ;
#8066=CARTESIAN_POINT('Vertex',(8.22142606125,-0.510902902658,0.75)) ;
#8070=CARTESIAN_POINT('Control Point',(8.22142606125,-0.510902902658,0.75)) ;
#8071=CARTESIAN_POINT('Control Point',(8.22397973033,-0.509813844882,0.75)) ;
#8072=CARTESIAN_POINT('Control Point',(8.22973293404,-0.507357340832,0.752005063484)) ;
#8073=CARTESIAN_POINT('Control Point',(8.23087755146,-0.506872187664,0.756019119667)) ;
#8074=CARTESIAN_POINT('Control Point',(8.23087755146,-0.506872187664,0.76)) ;
#8083=CARTESIAN_POINT('Axis2P3D Location',(7.84497342195,-2.6645352591E-015,0.76)) ;
#8088=CARTESIAN_POINT('Line Origine',(7.84497342195,-3.5527136788E-015,0.75)) ;
#8092=CARTESIAN_POINT('Vertex',(8.3163891251,-0.639782076025,0.75)) ;
#8096=CARTESIAN_POINT('Control Point',(8.3163891251,-0.639782076025,0.75)) ;
#8097=CARTESIAN_POINT('Control Point',(8.31816468761,-0.637648033771,0.75)) ;
#8098=CARTESIAN_POINT('Control Point',(8.32217319229,-0.632825799422,0.751997174319)) ;
#8099=CARTESIAN_POINT('Control Point',(8.32297668145,-0.631864571664,0.756014288343)) ;
#8100=CARTESIAN_POINT('Control Point',(8.32297668145,-0.631864571664,0.76)) ;
#8109=CARTESIAN_POINT('Axis2P3D Location',(8.06182129318,-0.516133471256,0.76)) ;
#8114=CARTESIAN_POINT('Line Origine',(8.06182129318,-0.516133471256,0.75)) ;
#8118=CARTESIAN_POINT('Vertex',(8.47359730633,-0.716141182833,0.75)) ;
#8122=CARTESIAN_POINT('Control Point',(8.47359730633,-0.716141182833,0.75)) ;
#8123=CARTESIAN_POINT('Control Point',(8.47438317282,-0.713478490518,0.75)) ;
#8124=CARTESIAN_POINT('Control Point',(8.47612934811,-0.707557838998,0.75205016456)) ;
#8125=CARTESIAN_POINT('Control Point',(8.47646710346,-0.706417889664,0.756046541573)) ;
#8126=CARTESIAN_POINT('Control Point',(8.47646710345,-0.706417889664,0.76)) ;
#8135=CARTESIAN_POINT('Axis2P3D Location',(8.06182129318,-0.665721388319,0.76)) ;
#8140=CARTESIAN_POINT('Line Origine',(8.06182129318,-0.665721388319,0.75)) ;
#8144=CARTESIAN_POINT('Vertex',(8.69141834606,-0.742812216873,0.75)) ;
#8148=CARTESIAN_POINT('Control Point',(8.69141834606,-0.742812216873,0.75)) ;
#8149=CARTESIAN_POINT('Control Point',(8.6914278172,-0.740038414128,0.75)) ;
#8150=CARTESIAN_POINT('Control Point',(8.69134730642,-0.733896043397,0.752068657631)) ;
#8151=CARTESIAN_POINT('Control Point',(8.69136100946,-0.732730511664,0.756058920572)) ;
#8152=CARTESIAN_POINT('Control Point',(8.69136100946,-0.732730511664,0.76)) ;
#8161=CARTESIAN_POINT('Axis2P3D Location',(8.06182129318,-0.827182065256,0.76)) ;
#8166=CARTESIAN_POINT('Line Origine',(8.06182129318,-0.827182065256,0.75)) ;
#8170=CARTESIAN_POINT('Vertex',(8.90722172681,-0.713893246507,0.75)) ;
#8174=CARTESIAN_POINT('Control Point',(8.90722172681,-0.713893246507,0.75)) ;
#8175=CARTESIAN_POINT('Control Point',(8.90558462264,-0.70887399837,0.75)) ;
#8176=CARTESIAN_POINT('Control Point',(8.90406873745,-0.704226377664,0.754720513609)) ;
#8177=CARTESIAN_POINT('Control Point',(8.90406873745,-0.704226377664,0.76)) ;
#8186=CARTESIAN_POINT('Axis2P3D Location',(8.06182129318,-1.17284061915,0.76)) ;
#8191=CARTESIAN_POINT('Line Origine',(8.06182129318,-1.17284061915,0.75)) ;
#8195=CARTESIAN_POINT('Vertex',(9.06431684305,-0.628610121513,0.75)) ;
#8199=CARTESIAN_POINT('Control Point',(9.06431684305,-0.628610121513,0.75)) ;
#8200=CARTESIAN_POINT('Control Point',(9.06248688575,-0.626522305876,0.75)) ;
#8201=CARTESIAN_POINT('Control Point',(9.05837074582,-0.621830098548,0.752012406179)) ;
#8202=CARTESIAN_POINT('Control Point',(9.05755915945,-0.620900153664,0.756023595351)) ;
#8203=CARTESIAN_POINT('Control Point',(9.05755915945,-0.620900153664,0.76)) ;
#8212=CARTESIAN_POINT('Axis2P3D Location',(9.52150168076,-4.4408920985E-015,0.76)) ;
#8217=CARTESIAN_POINT('Line Origine',(9.52150168076,-3.5527136788E-015,0.75)) ;
#8229=CARTESIAN_POINT('Line Origine',(4.35179996546,-0.695453471664,0.775)) ;
#8233=CARTESIAN_POINT('Vertex',(4.35179996546,-0.695453471664,0.76)) ;
#8236=CARTESIAN_POINT('Line Origine',(4.17638070745,-0.695453471664,0.775)) ;
#8240=CARTESIAN_POINT('Vertex',(4.17638070745,-0.695453471664,0.76)) ;
#8243=CARTESIAN_POINT('Line Origine',(4.26409033645,-0.695453471664,0.76)) ;
#8255=CARTESIAN_POINT('Axis2P3D Location',(4.49652357745,0.826355016336,0.75)) ;
#8260=CARTESIAN_POINT('Line Origine',(4.49652357745,0.826355016336,0.775)) ;
#8264=CARTESIAN_POINT('Vertex',(4.49652357745,0.826355016336,0.76)) ;
#8267=CARTESIAN_POINT('Line Origine',(4.33645214245,0.0654507723358,0.76)) ;
#8279=CARTESIAN_POINT('Axis2P3D Location',(4.35179996546,-0.695453471664,0.75)) ;
#8284=CARTESIAN_POINT('Line Origine',(4.62151596146,0.574177974336,0.775)) ;
#8288=CARTESIAN_POINT('Vertex',(4.62151596146,0.574177974336,0.76)) ;
#8291=CARTESIAN_POINT('Line Origine',(4.48665796346,-0.0606377486642,0.76)) ;
#8303=CARTESIAN_POINT('Line Origine',(4.73773010545,0.826355016336,0.775)) ;
#8307=CARTESIAN_POINT('Vertex',(4.73773010545,0.826355016336,0.76)) ;
#8310=CARTESIAN_POINT('Line Origine',(4.61712684145,0.826355016336,0.76)) ;
#8322=CARTESIAN_POINT('Axis2P3D Location',(4.62151596146,0.574177974336,0.75)) ;
#8327=CARTESIAN_POINT('Line Origine',(4.63906177346,-0.695453471664,0.775)) ;
#8331=CARTESIAN_POINT('Vertex',(4.63906177346,-0.695453471664,0.76)) ;
#8334=CARTESIAN_POINT('Line Origine',(4.63028886746,-0.0606377486642,0.76)) ;
#8346=CARTESIAN_POINT('Line Origine',(4.79474980346,-0.695453471664,0.775)) ;
#8350=CARTESIAN_POINT('Vertex',(4.79474980346,-0.695453471664,0.76)) ;
#8353=CARTESIAN_POINT('Line Origine',(4.71690578846,-0.695453471664,0.76)) ;
#8365=CARTESIAN_POINT('Axis2P3D Location',(4.79474980346,-0.695453471664,0.75)) ;
#8370=CARTESIAN_POINT('Line Origine',(5.34514621345,0.574177974336,0.775)) ;
#8374=CARTESIAN_POINT('Vertex',(5.34514621345,0.574177974336,0.76)) ;
#8377=CARTESIAN_POINT('Line Origine',(5.06994800845,-0.0606377486642,0.76)) ;
#8389=CARTESIAN_POINT('Axis2P3D Location',(5.34514621345,0.574177974336,0.75)) ;
#8394=CARTESIAN_POINT('Line Origine',(5.07104719346,-0.695453471664,0.775)) ;
#8398=CARTESIAN_POINT('Vertex',(5.07104719346,-0.695453471664,0.76)) ;
#8401=CARTESIAN_POINT('Line Origine',(5.20809670345,-0.0606377486642,0.76)) ;
#8413=CARTESIAN_POINT('Line Origine',(5.25085023745,-0.695453471664,0.775)) ;
#8417=CARTESIAN_POINT('Vertex',(5.25085023745,-0.695453471664,0.76)) ;
#8420=CARTESIAN_POINT('Line Origine',(5.16094871545,-0.695453471664,0.76)) ;
#8432=CARTESIAN_POINT('Axis2P3D Location',(5.25085023745,-0.695453471664,0.75)) ;
#8437=CARTESIAN_POINT('Line Origine',(5.56660932145,0.826355016336,0.775)) ;
#8441=CARTESIAN_POINT('Vertex',(5.56660932145,0.826355016336,0.76)) ;
#8444=CARTESIAN_POINT('Line Origine',(5.40872977945,0.0654507723358,0.76)) ;
#8456=CARTESIAN_POINT('Line Origine',(5.31225295946,0.826355016336,0.775)) ;
#8460=CARTESIAN_POINT('Vertex',(5.31225295946,0.826355016336,0.76)) ;
#8463=CARTESIAN_POINT('Line Origine',(5.43943114045,0.826355016336,0.76)) ;
#8475=CARTESIAN_POINT('Axis2P3D Location',(5.31225295946,0.826355016336,0.75)) ;
#8480=CARTESIAN_POINT('Line Origine',(4.77062335945,-0.445474799664,0.775)) ;
#8484=CARTESIAN_POINT('Vertex',(4.77062335945,-0.445474799664,0.76)) ;
#8487=CARTESIAN_POINT('Line Origine',(5.04143815945,0.190440108336,0.76)) ;
#8499=CARTESIAN_POINT('Axis2P3D Location',(4.77062335945,-0.445474799664,0.75)) ;
#8504=CARTESIAN_POINT('Line Origine',(4.75417673245,0.190440108336,0.76)) ;
#8516=CARTESIAN_POINT('Axis2P3D Location',(8.06182129318,-0.705453471664,0.76)) ;
#8521=CARTESIAN_POINT('Line Origine',(8.06182129318,-0.705453471664,0.75)) ;
#8525=CARTESIAN_POINT('Vertex',(5.25898833469,-0.705453471664,0.75)) ;
#8527=CARTESIAN_POINT('Vertex',(5.05865792128,-0.705453471664,0.75)) ;
#8531=CARTESIAN_POINT('Control Point',(5.25898833469,-0.705453471664,0.75)) ;
#8532=CARTESIAN_POINT('Control Point',(5.25726583177,-0.703336881029,0.75)) ;
#8533=CARTESIAN_POINT('Control Point',(5.25235148636,-0.697307323205,0.75133877514)) ;
#8534=CARTESIAN_POINT('Control Point',(5.25085023745,-0.695453471664,0.75548809937)) ;
#8535=CARTESIAN_POINT('Control Point',(5.25085023745,-0.695453471664,0.76)) ;
#8538=CARTESIAN_POINT('Control Point',(5.05865792128,-0.705453471664,0.75)) ;
#8539=CARTESIAN_POINT('Control Point',(5.0640055529,-0.70113713125,0.75)) ;
#8540=CARTESIAN_POINT('Control Point',(5.07104719345,-0.695453471664,0.753127739926)) ;
#8541=CARTESIAN_POINT('Control Point',(5.07104719346,-0.695453471664,0.76)) ;
#8550=CARTESIAN_POINT('Axis2P3D Location',(5.40536243089,-3.5527136788E-015,0.76)) ;
#8555=CARTESIAN_POINT('Line Origine',(5.40536243089,-3.5527136788E-015,0.75)) ;
#8559=CARTESIAN_POINT('Vertex',(5.57889720609,0.836355016336,0.75)) ;
#8563=CARTESIAN_POINT('Control Point',(5.57889720609,0.836355016336,0.75)) ;
#8564=CARTESIAN_POINT('Control Point',(5.57358455585,0.832031529917,0.75)) ;
#8565=CARTESIAN_POINT('Control Point',(5.56660932145,0.826355016336,0.753150416997)) ;
#8566=CARTESIAN_POINT('Control Point',(5.56660932145,0.826355016336,0.76)) ;
#8575=CARTESIAN_POINT('Axis2P3D Location',(8.06182129318,0.836355016336,0.76)) ;
#8580=CARTESIAN_POINT('Line Origine',(8.06182129318,0.836355016336,0.75)) ;
#8584=CARTESIAN_POINT('Vertex',(5.30564257485,0.836355016336,0.75)) ;
#8588=CARTESIAN_POINT('Control Point',(5.30564257485,0.836355016336,0.75)) ;
#8589=CARTESIAN_POINT('Control Point',(5.30716154311,0.834057166832,0.75)) ;
#8590=CARTESIAN_POINT('Control Point',(5.31117061715,0.828001361847,0.751530871084)) ;
#8591=CARTESIAN_POINT('Control Point',(5.31225295946,0.826355016336,0.755674730966)) ;
#8592=CARTESIAN_POINT('Control Point',(5.31225295946,0.826355016336,0.76)) ;
#8601=CARTESIAN_POINT('Axis2P3D Location',(4.94946706516,-4.4408920985E-015,0.76)) ;
#8606=CARTESIAN_POINT('Line Origine',(4.94946706516,-5.3290705182E-015,0.75)) ;
#8610=CARTESIAN_POINT('Vertex',(4.77943169273,-0.39926927263,0.75)) ;
#8614=CARTESIAN_POINT('Control Point',(4.77943169273,-0.39926927263,0.75)) ;
#8615=CARTESIAN_POINT('Control Point',(4.77861798226,-0.403537721604,0.75)) ;
#8616=CARTESIAN_POINT('Control Point',(4.77781245993,-0.407807720447,0.750106674925)) ;
#8617=CARTESIAN_POINT('Control Point',(4.77699130561,-0.412071503722,0.750321232955)) ;
#8618=CARTESIAN_POINT('Control Point',(4.77561158548,-0.419307707601,0.750878552686)) ;
#8619=CARTESIAN_POINT('Control Point',(4.77424119086,-0.4264972693,0.751866278868)) ;
#8620=CARTESIAN_POINT('Control Point',(4.77367924933,-0.429446409361,0.752363656986)) ;
#8621=CARTESIAN_POINT('Control Point',(4.77286475611,-0.433716386488,0.753223471245)) ;
#8622=CARTESIAN_POINT('Control Point',(4.77207039363,-0.437884517233,0.754475754006)) ;
#8623=CARTESIAN_POINT('Control Point',(4.77176758904,-0.439208017618,0.7548277516)) ;
#8624=CARTESIAN_POINT('Control Point',(4.77142574894,-0.441487187386,0.755908169087)) ;
#8625=CARTESIAN_POINT('Control Point',(4.77092648709,-0.443699316519,0.757062686767)) ;
#8626=CARTESIAN_POINT('Control Point',(4.77046889996,-0.445409020553,0.757682188762)) ;
#8627=CARTESIAN_POINT('Control Point',(4.77062335945,-0.445474799664,0.758841094381)) ;
#8628=CARTESIAN_POINT('Control Point',(4.77062335945,-0.445474799664,0.76)) ;
#8637=CARTESIAN_POINT('Axis2P3D Location',(4.76910541682,-3.5527136788E-015,0.76)) ;
#8642=CARTESIAN_POINT('Line Origine',(4.76910541682,-3.5527136788E-015,0.75)) ;
#8646=CARTESIAN_POINT('Vertex',(4.74747481999,0.836355016336,0.75)) ;
#8650=CARTESIAN_POINT('Control Point',(4.74747481999,0.836355016336,0.75)) ;
#8651=CARTESIAN_POINT('Control Point',(4.74310930036,0.831875135894,0.75)) ;
#8652=CARTESIAN_POINT('Control Point',(4.73773010545,0.826355016336,0.753685527706)) ;
#8653=CARTESIAN_POINT('Control Point',(4.73773010545,0.826355016336,0.76)) ;
#8662=CARTESIAN_POINT('Axis2P3D Location',(8.06182129318,0.836355016336,0.76)) ;
#8667=CARTESIAN_POINT('Line Origine',(8.06182129318,0.836355016336,0.75)) ;
#8671=CARTESIAN_POINT('Vertex',(4.48840839534,0.836355016336,0.75)) ;
#8675=CARTESIAN_POINT('Control Point',(4.48840839534,0.836355016336,0.75)) ;
#8676=CARTESIAN_POINT('Control Point',(4.49012170199,0.8342548922,0.75)) ;
#8677=CARTESIAN_POINT('Control Point',(4.4950346157,0.828189675517,0.751341550781)) ;
#8678=CARTESIAN_POINT('Control Point',(4.49652357745,0.826355016336,0.755491099891)) ;
#8679=CARTESIAN_POINT('Control Point',(4.49652357745,0.826355016336,0.76)) ;
#8688=CARTESIAN_POINT('Axis2P3D Location',(4.31246438045,-3.5527136788E-015,0.76)) ;
#8693=CARTESIAN_POINT('Line Origine',(4.31246438045,-3.5527136788E-015,0.75)) ;
#8697=CARTESIAN_POINT('Vertex',(4.1640581251,-0.705453471664,0.75)) ;
#8701=CARTESIAN_POINT('Control Point',(4.1640581251,-0.705453471664,0.75)) ;
#8702=CARTESIAN_POINT('Control Point',(4.169382755,-0.701132437529,0.75)) ;
#8703=CARTESIAN_POINT('Control Point',(4.17638070745,-0.695453471664,0.75314266673)) ;
#8704=CARTESIAN_POINT('Control Point',(4.17638070745,-0.695453471664,0.76)) ;
#8713=CARTESIAN_POINT('Axis2P3D Location',(8.06182129318,-0.705453471664,0.76)) ;
#8718=CARTESIAN_POINT('Line Origine',(8.06182129318,-0.705453471664,0.75)) ;
#8722=CARTESIAN_POINT('Vertex',(4.35989875725,-0.705453471664,0.75)) ;
#8726=CARTESIAN_POINT('Control Point',(4.35989875725,-0.705453471664,0.75)) ;
#8727=CARTESIAN_POINT('Control Point',(4.35818074697,-0.703332155999,0.75)) ;
#8728=CARTESIAN_POINT('Control Point',(4.3532895559,-0.697301878605,0.751343538774)) ;
#8729=CARTESIAN_POINT('Control Point',(4.35179996545,-0.695453471664,0.755493242496)) ;
#8730=CARTESIAN_POINT('Control Point',(4.35179996546,-0.695453471664,0.76)) ;
#8739=CARTESIAN_POINT('Axis2P3D Location',(4.50976278775,-3.5527136788E-015,0.76)) ;
#8744=CARTESIAN_POINT('Line Origine',(4.50976278775,-3.5527136788E-015,0.75)) ;
#8748=CARTESIAN_POINT('Vertex',(4.6127502855,0.484792031725,0.75)) ;
#8752=CARTESIAN_POINT('Control Point',(4.6127502855,0.484792031725,0.75)) ;
#8753=CARTESIAN_POINT('Control Point',(4.61355947453,0.493043548765,0.75)) ;
#8754=CARTESIAN_POINT('Control Point',(4.61436023427,0.501295886512,0.750106521964)) ;
#8755=CARTESIAN_POINT('Control Point',(4.61517760893,0.509544925592,0.750320886403)) ;
#8756=CARTESIAN_POINT('Control Point',(4.61664237661,0.524480054806,0.750914308139)) ;
#8757=CARTESIAN_POINT('Control Point',(4.61810407129,0.53938656199,0.752004819289)) ;
#8758=CARTESIAN_POINT('Control Point',(4.61875731127,0.546052045788,0.75264310949)) ;
#8759=CARTESIAN_POINT('Control Point',(4.6195653436,0.554285881637,0.753533145508)) ;
#8760=CARTESIAN_POINT('Control Point',(4.62036278456,0.56241898456,0.755024962584)) ;
#8761=CARTESIAN_POINT('Control Point',(4.62053687531,0.563972844158,0.755289419077)) ;
#8762=CARTESIAN_POINT('Control Point',(4.62071156485,0.56605577051,0.755822015013)) ;
#8763=CARTESIAN_POINT('Control Point',(4.62092576352,0.568130303684,0.75637182301)) ;
#8764=CARTESIAN_POINT('Control Point',(4.62098160796,0.568682822632,0.756527554304)) ;
#8765=CARTESIAN_POINT('Control Point',(4.62112548189,0.570286441395,0.757071969714)) ;
#8766=CARTESIAN_POINT('Control Point',(4.62130809165,0.571881831256,0.757629308274)) ;
#8767=CARTESIAN_POINT('Control Point',(4.62167050055,0.574145144599,0.757751532197)) ;
#8768=CARTESIAN_POINT('Control Point',(4.62151596146,0.574177974336,0.758875766099)) ;
#8769=CARTESIAN_POINT('Control Point',(4.62151596146,0.574177974336,0.76)) ;
#8778=CARTESIAN_POINT('Axis2P3D Location',(4.61944992253,-3.5527136788E-015,0.76)) ;
#8783=CARTESIAN_POINT('Line Origine',(4.61944992253,-3.5527136788E-015,0.75)) ;
#8787=CARTESIAN_POINT('Vertex',(4.6291990147,-0.705453471664,0.75)) ;
#8791=CARTESIAN_POINT('Control Point',(4.6291990147,-0.705453471664,0.75)) ;
#8792=CARTESIAN_POINT('Control Point',(4.63365481805,-0.700935403779,0.75)) ;
#8793=CARTESIAN_POINT('Control Point',(4.63906177346,-0.695453471664,0.753662270554)) ;
#8794=CARTESIAN_POINT('Control Point',(4.63906177346,-0.695453471664,0.76)) ;
#8803=CARTESIAN_POINT('Axis2P3D Location',(8.06182129318,-0.705453471664,0.76)) ;
#8808=CARTESIAN_POINT('Line Origine',(8.06182129318,-0.705453471664,0.75)) ;
#8812=CARTESIAN_POINT('Vertex',(4.80131393503,-0.705453471664,0.75)) ;
#8816=CARTESIAN_POINT('Control Point',(4.80131393503,-0.705453471664,0.75)) ;
#8817=CARTESIAN_POINT('Control Point',(4.79820130148,-0.700802973736,0.75)) ;
#8818=CARTESIAN_POINT('Control Point',(4.79474980346,-0.695453471664,0.754239909576)) ;
#8819=CARTESIAN_POINT('Control Point',(4.79474980346,-0.695453471664,0.76)) ;
#8828=CARTESIAN_POINT('Axis2P3D Location',(5.10713422599,-3.5527136788E-015,0.76)) ;
#8833=CARTESIAN_POINT('Line Origine',(5.10713422599,-3.5527136788E-015,0.75)) ;
#8837=CARTESIAN_POINT('Vertex',(5.31395434095,0.477084001358,0.75)) ;
#8841=CARTESIAN_POINT('Control Point',(5.31395434095,0.477084001358,0.75)) ;
#8842=CARTESIAN_POINT('Control Point',(5.31683359218,0.486046526476,0.75)) ;
#8843=CARTESIAN_POINT('Control Point',(5.31970476769,0.495011640491,0.750106508984)) ;
#8844=CARTESIAN_POINT('Control Point',(5.32259157608,0.503970195974,0.750320855653)) ;
#8845=CARTESIAN_POINT('Control Point',(5.32780189709,0.520188445998,0.750914004971)) ;
#8846=CARTESIAN_POINT('Control Point',(5.33300423614,0.536382614816,0.752004564877)) ;
#8847=CARTESIAN_POINT('Control Point',(5.33532986473,0.543623034429,0.752643545013)) ;
#8848=CARTESIAN_POINT('Control Point',(5.33820216633,0.552562244446,0.75353120963)) ;
#8849=CARTESIAN_POINT('Control Point',(5.34104628635,0.561415807708,0.755026897731)) ;
#8850=CARTESIAN_POINT('Control Point',(5.34158552113,0.563094560712,0.755339249375)) ;
#8851=CARTESIAN_POINT('Control Point',(5.34241449332,0.565674521087,0.755869541973)) ;
#8852=CARTESIAN_POINT('Control Point',(5.3432335121,0.56822421113,0.756537822585)) ;
#8853=CARTESIAN_POINT('Control Point',(5.34353894283,0.569127996473,0.756748438519)) ;
#8854=CARTESIAN_POINT('Control Point',(5.34405042238,0.570810379927,0.757383444269)) ;
#8855=CARTESIAN_POINT('Control Point',(5.34461090606,0.572471519661,0.758032761093)) ;
#8856=CARTESIAN_POINT('Control Point',(5.34523880735,0.574137834069,0.758202934698)) ;
#8857=CARTESIAN_POINT('Control Point',(5.34514621345,0.574177974336,0.759101467349)) ;
#8858=CARTESIAN_POINT('Control Point',(5.34514621345,0.574177974336,0.76)) ;
#8867=CARTESIAN_POINT('Axis2P3D Location',(5.21095731954,-3.5527136788E-015,0.76)) ;
#8872=CARTESIAN_POINT('Line Origine',(5.21095731954,-3.5527136788E-015,0.75)) ;
#8884=CARTESIAN_POINT('Line Origine',(10.5135864735,-0.695453471664,0.775)) ;
#8888=CARTESIAN_POINT('Vertex',(10.5135864735,-0.695453471664,0.76)) ;
#8891=CARTESIAN_POINT('Line Origine',(9.50270660545,-0.695453471664,0.775)) ;
#8895=CARTESIAN_POINT('Vertex',(9.50270660545,-0.695453471664,0.76)) ;
#8898=CARTESIAN_POINT('Line Origine',(10.0081465395,-0.695453471664,0.76)) ;
#8910=CARTESIAN_POINT('Axis2P3D Location',(9.82723326145,0.826355016336,0.75)) ;
#8915=CARTESIAN_POINT('Line Origine',(9.82723326145,0.826355016336,0.775)) ;
#8919=CARTESIAN_POINT('Vertex',(9.82723326145,0.826355016336,0.76)) ;
#8922=CARTESIAN_POINT('Line Origine',(9.66496993345,0.0654507723358,0.76)) ;
#8934=CARTESIAN_POINT('Axis2P3D Location',(10.5135864735,-0.695453471664,0.75)) ;
#8939=CARTESIAN_POINT('Line Origine',(10.5530611215,-0.513452819664,0.775)) ;
#8943=CARTESIAN_POINT('Vertex',(10.5530611215,-0.513452819664,0.76)) ;
#8946=CARTESIAN_POINT('Line Origine',(10.5333237975,-0.604453145664,0.76)) ;
#8958=CARTESIAN_POINT('Line Origine',(10.7876862555,0.826355016336,0.775)) ;
#8962=CARTESIAN_POINT('Vertex',(10.7876862555,0.826355016336,0.76)) ;
#8965=CARTESIAN_POINT('Line Origine',(10.3074597585,0.826355016336,0.76)) ;
#8977=CARTESIAN_POINT('Axis2P3D Location',(10.5530611215,-0.513452819664,0.75)) ;
#8982=CARTESIAN_POINT('Line Origine',(9.74391313345,-0.513452819664,0.775)) ;
#8986=CARTESIAN_POINT('Vertex',(9.74391313345,-0.513452819664,0.76)) ;
#8989=CARTESIAN_POINT('Line Origine',(10.1484871275,-0.513452819664,0.76)) ;
#9001=CARTESIAN_POINT('Axis2P3D Location',(9.74391313345,-0.513452819664,0.75)) ;
#9006=CARTESIAN_POINT('Line Origine',(9.85354588346,-0.00252496166419,0.775)) ;
#9010=CARTESIAN_POINT('Vertex',(9.85354588346,-0.00252496166419,0.76)) ;
#9013=CARTESIAN_POINT('Line Origine',(9.79872950845,-0.257988890664,0.76)) ;
#9025=CARTESIAN_POINT('Axis2P3D Location',(9.85354588346,-0.00252496166419,0.75)) ;
#9030=CARTESIAN_POINT('Line Origine',(10.5793737435,-0.00252496166419,0.775)) ;
#9034=CARTESIAN_POINT('Vertex',(10.5793737435,-0.00252496166419,0.76)) ;
#9037=CARTESIAN_POINT('Line Origine',(10.2164598135,-0.00252496166419,0.76)) ;
#9049=CARTESIAN_POINT('Axis2P3D Location',(10.5793737435,-0.00252496166419,0.75)) ;
#9054=CARTESIAN_POINT('Line Origine',(10.6166500215,0.181667202336,0.775)) ;
#9058=CARTESIAN_POINT('Vertex',(10.6166500215,0.181667202336,0.76)) ;
#9061=CARTESIAN_POINT('Line Origine',(10.5980118825,0.0895711203358,0.76)) ;
#9073=CARTESIAN_POINT('Axis2P3D Location',(10.6166500215,0.181667202336,0.75)) ;
#9078=CARTESIAN_POINT('Line Origine',(9.89301976945,0.181667202336,0.775)) ;
#9082=CARTESIAN_POINT('Vertex',(9.89301976945,0.181667202336,0.76)) ;
#9085=CARTESIAN_POINT('Line Origine',(10.2548348955,0.181667202336,0.76)) ;
#9097=CARTESIAN_POINT('Axis2P3D Location',(9.89301976945,0.181667202336,0.75)) ;
#9102=CARTESIAN_POINT('Line Origine',(9.99170029346,0.644348268336,0.775)) ;
#9106=CARTESIAN_POINT('Vertex',(9.99170029346,0.644348268336,0.76)) ;
#9109=CARTESIAN_POINT('Line Origine',(9.94236003145,0.413007735336,0.76)) ;
#9121=CARTESIAN_POINT('Axis2P3D Location',(6.03368560345,0.644348268336,0.75)) ;
#9126=CARTESIAN_POINT('Line Origine',(10.7482123695,0.644348268336,0.775)) ;
#9130=CARTESIAN_POINT('Vertex',(10.7482123695,0.644348268336,0.76)) ;
#9133=CARTESIAN_POINT('Line Origine',(10.3699563315,0.644348268336,0.76)) ;
#9145=CARTESIAN_POINT('Axis2P3D Location',(10.7482123695,0.644348268336,0.75)) ;
#9150=CARTESIAN_POINT('Line Origine',(10.7679493125,0.735351642336,0.76)) ;
#9162=CARTESIAN_POINT('Axis2P3D Location',(8.06182129318,0.836355016336,0.76)) ;
#9167=CARTESIAN_POINT('Line Origine',(8.06182129318,0.836355016336,0.75)) ;
#9171=CARTESIAN_POINT('Vertex',(9.8191409167,0.836355016336,0.75)) ;
#9173=CARTESIAN_POINT('Vertex',(10.8000875552,0.836355016336,0.75)) ;
#9177=CARTESIAN_POINT('Control Point',(9.8191409167,0.836355016336,0.75)) ;
#9178=CARTESIAN_POINT('Control Point',(9.8208581864,0.834232925812,0.75)) ;
#9179=CARTESIAN_POINT('Control Point',(9.82574557898,0.828202530484,0.751344321349)) ;
#9180=CARTESIAN_POINT('Control Point',(9.82723326146,0.826355016336,0.755494084465)) ;
#9181=CARTESIAN_POINT('Control Point',(9.82723326145,0.826355016336,0.76)) ;
#9184=CARTESIAN_POINT('Control Point',(10.8000875552,0.836355016336,0.75)) ;
#9185=CARTESIAN_POINT('Control Point',(10.7947357785,0.832039519694,0.75)) ;
#9186=CARTESIAN_POINT('Control Point',(10.7876862555,0.826355016336,0.753125043595)) ;
#9187=CARTESIAN_POINT('Control Point',(10.7876862555,0.826355016336,0.76)) ;
#9196=CARTESIAN_POINT('Axis2P3D Location',(9.64078766212,-3.5527136788E-015,0.76)) ;
#9201=CARTESIAN_POINT('Line Origine',(9.64078766212,-3.5527136788E-015,0.75)) ;
#9205=CARTESIAN_POINT('Vertex',(9.49034924761,-0.705453471664,0.75)) ;
#9209=CARTESIAN_POINT('Control Point',(9.49034924761,-0.705453471664,0.75)) ;
#9210=CARTESIAN_POINT('Control Point',(9.49568587562,-0.701134888295,0.75)) ;
#9211=CARTESIAN_POINT('Control Point',(9.50270660545,-0.695453471664,0.753134888142)) ;
#9212=CARTESIAN_POINT('Control Point',(9.50270660545,-0.695453471664,0.76)) ;
#9221=CARTESIAN_POINT('Axis2P3D Location',(8.06182129318,-0.705453471664,0.76)) ;
#9226=CARTESIAN_POINT('Line Origine',(8.06182129318,-0.705453471664,0.75)) ;
#9230=CARTESIAN_POINT('Vertex',(10.5216500541,-0.705453471664,0.75)) ;
#9234=CARTESIAN_POINT('Control Point',(10.5216500541,-0.705453471664,0.75)) ;
#9235=CARTESIAN_POINT('Control Point',(10.5199361012,-0.703327924604,0.75)) ;
#9236=CARTESIAN_POINT('Control Point',(10.5150656582,-0.697297003457,0.751347817029)) ;
#9237=CARTESIAN_POINT('Control Point',(10.5135864735,-0.695453471664,0.75549783538)) ;
#9238=CARTESIAN_POINT('Control Point',(10.5135864735,-0.695453471664,0.76)) ;
#9247=CARTESIAN_POINT('Axis2P3D Location',(10.6746578987,-4.4408920985E-015,0.76)) ;
#9252=CARTESIAN_POINT('Line Origine',(10.6746578987,-3.5527136788E-015,0.75)) ;
#9256=CARTESIAN_POINT('Vertex',(10.56546256,-0.503452819664,0.75)) ;
#9260=CARTESIAN_POINT('Control Point',(10.56546256,-0.503452819664,0.75)) ;
#9261=CARTESIAN_POINT('Control Point',(10.5601107354,-0.507768306575,0.75)) ;
#9262=CARTESIAN_POINT('Control Point',(10.5530611215,-0.513452819664,0.753125012475)) ;
#9263=CARTESIAN_POINT('Control Point',(10.5530611215,-0.513452819664,0.76)) ;
#9272=CARTESIAN_POINT('Axis2P3D Location',(8.06182129318,-0.503452819664,0.76)) ;
#9277=CARTESIAN_POINT('Line Origine',(8.06182129318,-0.503452819664,0.75)) ;
#9281=CARTESIAN_POINT('Vertex',(9.75628651462,-0.503452819664,0.75)) ;
#9285=CARTESIAN_POINT('Control Point',(9.75628651462,-0.503452819664,0.75)) ;
#9286=CARTESIAN_POINT('Control Point',(9.75094436112,-0.507770276169,0.75)) ;
#9287=CARTESIAN_POINT('Control Point',(9.74391313345,-0.513452819664,0.753131300366)) ;
#9288=CARTESIAN_POINT('Control Point',(9.74391313345,-0.513452819664,0.76)) ;
#9297=CARTESIAN_POINT('Axis2P3D Location',(9.86431530234,-3.5527136788E-015,0.76)) ;
#9302=CARTESIAN_POINT('Line Origine',(9.86431530234,-3.5527136788E-015,0.75)) ;
#9306=CARTESIAN_POINT('Vertex',(9.86162774877,-0.0125249616642,0.75)) ;
#9310=CARTESIAN_POINT('Control Point',(9.86162774877,-0.0125249616642,0.75)) ;
#9311=CARTESIAN_POINT('Control Point',(9.85991168614,-0.0104016108568,0.75)) ;
#9312=CARTESIAN_POINT('Control Point',(9.85503939503,-0.00436380941091,0.751345594126)) ;
#9313=CARTESIAN_POINT('Control Point',(9.85354588346,-0.00252496166419,0.755495452074)) ;
#9314=CARTESIAN_POINT('Control Point',(9.85354588346,-0.00252496166419,0.76)) ;
#9323=CARTESIAN_POINT('Axis2P3D Location',(8.06182129318,-0.0125249616642,0.76)) ;
#9328=CARTESIAN_POINT('Line Origine',(8.06182129318,-0.0125249616642,0.75)) ;
#9332=CARTESIAN_POINT('Vertex',(10.5875526999,-0.0125249616642,0.75)) ;
#9336=CARTESIAN_POINT('Control Point',(10.5875526999,-0.0125249616642,0.75)) ;
#9337=CARTESIAN_POINT('Control Point',(10.5858255675,-0.01041328454,0.75)) ;
#9338=CARTESIAN_POINT('Control Point',(10.5808871594,-0.0043844756783,0.751333836968)) ;
#9339=CARTESIAN_POINT('Control Point',(10.5793737435,-0.00252496166419,0.755482734909)) ;
#9340=CARTESIAN_POINT('Control Point',(10.5793737435,-0.00252496166419,0.76)) ;
#9349=CARTESIAN_POINT('Axis2P3D Location',(10.5900874655,-3.5527136788E-015,0.76)) ;
#9354=CARTESIAN_POINT('Line Origine',(10.5900874655,-3.5527136788E-015,0.75)) ;
#9358=CARTESIAN_POINT('Vertex',(10.6288765201,0.191667202336,0.75)) ;
#9362=CARTESIAN_POINT('Control Point',(10.6288765201,0.191667202336,0.75)) ;
#9363=CARTESIAN_POINT('Control Point',(10.6235850846,0.187339360277,0.75)) ;
#9364=CARTESIAN_POINT('Control Point',(10.6166500215,0.181667202336,0.753164101619)) ;
#9365=CARTESIAN_POINT('Control Point',(10.6166500215,0.181667202336,0.76)) ;
#9374=CARTESIAN_POINT('Axis2P3D Location',(8.06182129318,0.191667202336,0.76)) ;
#9379=CARTESIAN_POINT('Line Origine',(8.06182129318,0.191667202336,0.75)) ;
#9383=CARTESIAN_POINT('Vertex',(9.90537747952,0.191667202336,0.75)) ;
#9387=CARTESIAN_POINT('Control Point',(9.90537747952,0.191667202336,0.75)) ;
#9388=CARTESIAN_POINT('Control Point',(9.90004073003,0.187348643752,0.75)) ;
#9389=CARTESIAN_POINT('Control Point',(9.89301976945,0.181667202336,0.753134809303)) ;
#9390=CARTESIAN_POINT('Control Point',(9.89301976945,0.181667202336,0.76)) ;
#9399=CARTESIAN_POINT('Axis2P3D Location',(9.86449873744,-3.5527136788E-015,0.76)) ;
#9404=CARTESIAN_POINT('Line Origine',(9.86449873744,-3.5527136788E-015,0.75)) ;
#9408=CARTESIAN_POINT('Vertex',(9.99979240757,0.634348268336,0.75)) ;
#9412=CARTESIAN_POINT('Control Point',(9.99979240757,0.634348268336,0.75)) ;
#9413=CARTESIAN_POINT('Control Point',(9.99807516546,0.636470387455,0.75)) ;
#9414=CARTESIAN_POINT('Control Point',(9.99319683849,0.642508013024,0.751344349352)) ;
#9415=CARTESIAN_POINT('Control Point',(9.99170029346,0.644348268336,0.755494114578)) ;
#9416=CARTESIAN_POINT('Control Point',(9.99170029346,0.644348268336,0.76)) ;
#9425=CARTESIAN_POINT('Axis2P3D Location',(8.06182129318,0.634348268336,0.76)) ;
#9430=CARTESIAN_POINT('Line Origine',(8.06182129318,0.634348268336,0.75)) ;
#9434=CARTESIAN_POINT('Vertex',(10.7562760404,0.634348268336,0.75)) ;
#9438=CARTESIAN_POINT('Control Point',(10.7562760404,0.634348268336,0.75)) ;
#9439=CARTESIAN_POINT('Control Point',(10.754562077,0.636473804553,0.75)) ;
#9440=CARTESIAN_POINT('Control Point',(10.7496915808,0.642504724052,0.751347806052)) ;
#9441=CARTESIAN_POINT('Control Point',(10.7482123695,0.644348268336,0.755497823627)) ;
#9442=CARTESIAN_POINT('Control Point',(10.7482123695,0.644348268336,0.76)) ;
#9451=CARTESIAN_POINT('Axis2P3D Location',(10.6186976731,-3.5527136788E-015,0.76)) ;
#9456=CARTESIAN_POINT('Line Origine',(10.6186976731,-3.5527136788E-015,0.75)) ;
#9468=CARTESIAN_POINT('Line Origine',(11.4038577435,-0.695453471664,0.775)) ;
#9472=CARTESIAN_POINT('Vertex',(11.4038577435,-0.695453471664,0.76)) ;
#9475=CARTESIAN_POINT('Line Origine',(11.1999282555,-0.695453471664,0.775)) ;
#9479=CARTESIAN_POINT('Vertex',(11.1999282555,-0.695453471664,0.76)) ;
#9482=CARTESIAN_POINT('Line Origine',(11.3018929995,-0.695453471664,0.76)) ;
#9494=CARTESIAN_POINT('Axis2P3D Location',(11.4893876715,0.644348268336,0.75)) ;
#9499=CARTESIAN_POINT('Line Origine',(11.4893876715,0.644348268336,0.775)) ;
#9503=CARTESIAN_POINT('Vertex',(11.4893876715,0.644348268336,0.76)) ;
#9506=CARTESIAN_POINT('Line Origine',(11.3446579635,-0.0255526016642,0.76)) ;
#9518=CARTESIAN_POINT('Axis2P3D Location',(11.4038577435,-0.695453471664,0.75)) ;
#9523=CARTESIAN_POINT('Line Origine',(11.6889333735,0.644348268336,0.775)) ;
#9527=CARTESIAN_POINT('Vertex',(11.6889333735,0.644348268336,0.76)) ;
#9530=CARTESIAN_POINT('Line Origine',(11.5463955585,-0.0255526016642,0.76)) ;
#9542=CARTESIAN_POINT('Line Origine',(11.0267066055,0.644348268336,0.775)) ;
#9546=CARTESIAN_POINT('Vertex',(11.0267066055,0.644348268336,0.76)) ;
#9549=CARTESIAN_POINT('Line Origine',(11.2580471385,0.644348268336,0.76)) ;
#9561=CARTESIAN_POINT('Line Origine',(12.1099429455,0.644348268336,0.775)) ;
#9565=CARTESIAN_POINT('Vertex',(12.1099429455,0.644348268336,0.76)) ;
#9568=CARTESIAN_POINT('Line Origine',(11.8994381595,0.644348268336,0.76)) ;
#9580=CARTESIAN_POINT('Axis2P3D Location',(12.1099429455,0.644348268336,0.75)) ;
#9585=CARTESIAN_POINT('Line Origine',(12.1472314155,0.826355016336,0.775)) ;
#9589=CARTESIAN_POINT('Vertex',(12.1472314155,0.826355016336,0.76)) ;
#9592=CARTESIAN_POINT('Line Origine',(12.1285871805,0.735351642336,0.76)) ;
#9604=CARTESIAN_POINT('Line Origine',(11.0683666695,0.826355016336,0.775)) ;
#9608=CARTESIAN_POINT('Vertex',(11.0683666695,0.826355016336,0.76)) ;
#9611=CARTESIAN_POINT('Line Origine',(11.6077990425,0.826355016336,0.76)) ;
#9623=CARTESIAN_POINT('Axis2P3D Location',(11.0683666695,0.826355016336,0.75)) ;
#9628=CARTESIAN_POINT('Line Origine',(11.0475366375,0.735351642336,0.76)) ;
#9640=CARTESIAN_POINT('Axis2P3D Location',(-7.108,0.,0.75)) ;
#9662=CARTESIAN_POINT('Line Origine',(11.299745465,-0.705453471664,0.75)) ;
#9666=CARTESIAN_POINT('Vertex',(11.4119538578,-0.705453471664,0.75)) ;
#9668=CARTESIAN_POINT('Vertex',(11.1875370721,-0.705453471664,0.75)) ;
#9671=CARTESIAN_POINT('Line Origine',(11.3322667801,-0.0355526016642,0.75)) ;
#9675=CARTESIAN_POINT('Vertex',(11.4769964881,0.634348268336,0.75)) ;
#9678=CARTESIAN_POINT('Line Origine',(11.245577774,0.634348268336,0.75)) ;
#9682=CARTESIAN_POINT('Vertex',(11.01415906,0.634348268336,0.75)) ;
#9685=CARTESIAN_POINT('Line Origine',(11.0372780216,0.735351642336,0.75)) ;
#9689=CARTESIAN_POINT('Vertex',(11.0603969833,0.836355016336,0.75)) ;
#9692=CARTESIAN_POINT('Line Origine',(11.6099424248,0.836355016336,0.75)) ;
#9696=CARTESIAN_POINT('Vertex',(12.1594878664,0.836355016336,0.75)) ;
#9699=CARTESIAN_POINT('Line Origine',(12.1387948903,0.735351642336,0.75)) ;
#9703=CARTESIAN_POINT('Vertex',(12.1181019142,0.634348268336,0.75)) ;
#9706=CARTESIAN_POINT('Line Origine',(11.907565701,0.634348268336,0.75)) ;
#9710=CARTESIAN_POINT('Vertex',(11.6970294878,0.634348268336,0.75)) ;
#9713=CARTESIAN_POINT('Line Origine',(11.5544916728,-0.0355526016642,0.75)) ;
#9822=CARTESIAN_POINT('Axis2P3D Location',(8.06182129318,-0.705453471664,0.76)) ;
#9828=CARTESIAN_POINT('Control Point',(11.4119538578,-0.705453471664,0.75)) ;
#9829=CARTESIAN_POINT('Control Point',(11.410236155,-0.703331834201,0.75)) ;
#9830=CARTESIAN_POINT('Control Point',(11.4053465414,-0.697301507824,0.751343863731)) ;
#9831=CARTESIAN_POINT('Control Point',(11.4038577435,-0.695453471664,0.755493592217)) ;
#9832=CARTESIAN_POINT('Control Point',(11.4038577435,-0.695453471664,0.76)) ;
#9835=CARTESIAN_POINT('Control Point',(11.1875370721,-0.705453471664,0.75)) ;
#9836=CARTESIAN_POINT('Control Point',(11.1928853625,-0.70113726538,0.75)) ;
#9837=CARTESIAN_POINT('Control Point',(11.1999282555,-0.695453471664,0.75312731157)) ;
#9838=CARTESIAN_POINT('Control Point',(11.1999282555,-0.695453471664,0.76)) ;
#9847=CARTESIAN_POINT('Axis2P3D Location',(11.5620563595,-3.5527136788E-015,0.76)) ;
#9853=CARTESIAN_POINT('Control Point',(11.6970294878,0.634348268336,0.75)) ;
#9854=CARTESIAN_POINT('Control Point',(11.6950021186,0.636494655309,0.75)) ;
#9855=CARTESIAN_POINT('Control Point',(11.6906891595,0.642486839713,0.751343863731)) ;
#9856=CARTESIAN_POINT('Control Point',(11.6889333735,0.644348268336,0.755493592217)) ;
#9857=CARTESIAN_POINT('Control Point',(11.6889333735,0.644348268336,0.76)) ;
#9866=CARTESIAN_POINT('Axis2P3D Location',(8.06182129318,0.634348268336,0.76)) ;
#9872=CARTESIAN_POINT('Control Point',(12.1181019142,0.634348268336,0.75)) ;
#9873=CARTESIAN_POINT('Control Point',(12.1163770413,0.63646234928,0.75)) ;
#9874=CARTESIAN_POINT('Control Point',(12.1114504034,0.642491524639,0.751336250874)) ;
#9875=CARTESIAN_POINT('Control Point',(12.1099429455,0.644348268336,0.75548536141)) ;
#9876=CARTESIAN_POINT('Control Point',(12.1099429455,0.644348268336,0.76)) ;
#9885=CARTESIAN_POINT('Axis2P3D Location',(11.9881403791,-3.5527136788E-015,0.76)) ;
#9891=CARTESIAN_POINT('Control Point',(12.1594878664,0.836355016336,0.75)) ;
#9892=CARTESIAN_POINT('Control Point',(12.1541860762,0.832029302276,0.75)) ;
#9893=CARTESIAN_POINT('Control Point',(12.1472314155,0.826355016336,0.753157428741)) ;
#9894=CARTESIAN_POINT('Control Point',(12.1472314155,0.826355016336,0.76)) ;
#9903=CARTESIAN_POINT('Axis2P3D Location',(8.06182129318,0.836355016336,0.76)) ;
#9909=CARTESIAN_POINT('Control Point',(11.0603969833,0.836355016336,0.75)) ;
#9910=CARTESIAN_POINT('Control Point',(11.0619467274,0.832780978533,0.75)) ;
#9911=CARTESIAN_POINT('Control Point',(11.0670427532,0.82938323869,0.751359274145)) ;
#9912=CARTESIAN_POINT('Control Point',(11.0683666695,0.826355016336,0.755510015407)) ;
#9913=CARTESIAN_POINT('Control Point',(11.0683666695,0.826355016336,0.76)) ;
#9922=CARTESIAN_POINT('Axis2P3D Location',(10.8689612047,-3.5527136788E-015,0.76)) ;
#9928=CARTESIAN_POINT('Control Point',(11.01415906,0.634348268336,0.75)) ;
#9929=CARTESIAN_POINT('Control Point',(11.0195611597,0.638653572319,0.75)) ;
#9930=CARTESIAN_POINT('Control Point',(11.0267066055,0.644348268336,0.753092154886)) ;
#9931=CARTESIAN_POINT('Control Point',(11.0267066055,0.644348268336,0.76)) ;
#9940=CARTESIAN_POINT('Axis2P3D Location',(8.06182129318,0.634348268336,0.76)) ;
#9946=CARTESIAN_POINT('Control Point',(11.4769964881,0.634348268336,0.75)) ;
#9947=CARTESIAN_POINT('Control Point',(11.4823447785,0.63866447462,0.75)) ;
#9948=CARTESIAN_POINT('Control Point',(11.4893876715,0.644348268336,0.75312731157)) ;
#9949=CARTESIAN_POINT('Control Point',(11.4893876715,0.644348268336,0.76)) ;
#9958=CARTESIAN_POINT('Axis2P3D Location',(11.3399477937,-3.5527136788E-015,0.76)) ;
#9970=CARTESIAN_POINT('Line Origine',(6.27123190645,0.13565949529,0.75)) ;
#9974=CARTESIAN_POINT('Vertex',(6.35354969044,0.143240688244,0.75)) ;
#9976=CARTESIAN_POINT('Vertex',(6.18891412247,0.128078302336,0.75)) ;
#9979=CARTESIAN_POINT('Line Origine',(6.41081796372,0.16763208222,0.75)) ;
#9983=CARTESIAN_POINT('Vertex',(6.46808623699,0.192023476196,0.75)) ;
#9986=CARTESIAN_POINT('Line Origine',(6.50163127299,0.236051267632,0.75)) ;
#9990=CARTESIAN_POINT('Vertex',(6.53517630898,0.280079059068,0.75)) ;
#9993=CARTESIAN_POINT('Line Origine',(6.54687602415,0.347103894308,0.75)) ;
#9997=CARTESIAN_POINT('Vertex',(6.55857573932,0.414128729548,0.75)) ;
#10000=CARTESIAN_POINT('Line Origine',(6.55014709751,0.46367057989,0.75)) ;
#10004=CARTESIAN_POINT('Vertex',(6.54171845571,0.513212430232,0.75)) ;
#10007=CARTESIAN_POINT('Line Origine',(6.51787812618,0.546378984878,0.75)) ;
#10011=CARTESIAN_POINT('Vertex',(6.49403779665,0.579545539524,0.75)) ;
#10014=CARTESIAN_POINT('Line Origine',(6.45531341566,0.599429626849,0.75)) ;
#10018=CARTESIAN_POINT('Vertex',(6.41658903467,0.619313714173,0.75)) ;
#10021=CARTESIAN_POINT('Line Origine',(6.35966658979,0.626830991255,0.75)) ;
#10025=CARTESIAN_POINT('Vertex',(6.30274414492,0.634348268336,0.75)) ;
#10028=CARTESIAN_POINT('Line Origine',(6.1722640335,0.634348268336,0.75)) ;
#10032=CARTESIAN_POINT('Vertex',(6.04178392207,0.634348268336,0.75)) ;
#10035=CARTESIAN_POINT('Line Origine',(5.98799370488,0.381213285336,0.75)) ;
#10039=CARTESIAN_POINT('Vertex',(5.93420348769,0.128078302336,0.75)) ;
#10042=CARTESIAN_POINT('Line Origine',(6.06155880508,0.128078302336,0.75)) ;
#10061=CARTESIAN_POINT('Axis2P3D Location',(5.92185524545,0.118078302336,0.75)) ;
#10066=CARTESIAN_POINT('Line Origine',(6.03368560345,0.644348268336,0.775)) ;
#10070=CARTESIAN_POINT('Vertex',(6.03368560345,0.644348268336,0.76)) ;
#10073=CARTESIAN_POINT('Line Origine',(5.92185524545,0.118078302336,0.775)) ;
#10077=CARTESIAN_POINT('Vertex',(5.92185524545,0.118078302336,0.76)) ;
#10080=CARTESIAN_POINT('Line Origine',(5.97777042445,0.381213285336,0.76)) ;
#10092=CARTESIAN_POINT('Line Origine',(6.30340159945,0.644348268336,0.775)) ;
#10096=CARTESIAN_POINT('Vertex',(6.30340159945,0.644348268336,0.76)) ;
#10099=CARTESIAN_POINT('Line Origine',(6.16854360145,0.644348268336,0.76)) ;
#10111=CARTESIAN_POINT('Axis2P3D Location',(6.30340159945,0.644348268336,0.75)) ;
#10116=CARTESIAN_POINT('Line Origine',(6.41961574345,0.629000826336,0.775)) ;
#10120=CARTESIAN_POINT('Vertex',(6.41961574345,0.629000826336,0.76)) ;
#10123=CARTESIAN_POINT('Line Origine',(6.36150867145,0.636674547336,0.76)) ;
#10135=CARTESIAN_POINT('Axis2P3D Location',(6.41961574345,0.629000826336,0.75)) ;
#10140=CARTESIAN_POINT('Line Origine',(6.50075045545,0.587340000336,0.775)) ;
#10144=CARTESIAN_POINT('Vertex',(6.50075045545,0.587340000336,0.76)) ;
#10147=CARTESIAN_POINT('Line Origine',(6.46018309945,0.608170413336,0.76)) ;
#10159=CARTESIAN_POINT('Axis2P3D Location',(6.50075045545,0.587340000336,0.75)) ;
#10164=CARTESIAN_POINT('Line Origine',(6.55118875945,0.517170468336,0.775)) ;
#10168=CARTESIAN_POINT('Vertex',(6.55118875945,0.517170468336,0.76)) ;
#10171=CARTESIAN_POINT('Line Origine',(6.52596960745,0.552255234336,0.76)) ;
#10183=CARTESIAN_POINT('Axis2P3D Location',(6.55118875945,0.517170468336,0.75)) ;
#10188=CARTESIAN_POINT('Line Origine',(6.56872314146,0.414106920336,0.775)) ;
#10192=CARTESIAN_POINT('Vertex',(6.56872314146,0.414106920336,0.76)) ;
#10195=CARTESIAN_POINT('Line Origine',(6.55995595045,0.465638694336,0.76)) ;
#10207=CARTESIAN_POINT('Axis2P3D Location',(6.56872314146,0.414106920336,0.75)) ;
#10212=CARTESIAN_POINT('Line Origine',(6.54460812746,0.275957844336,0.775)) ;
#10216=CARTESIAN_POINT('Vertex',(6.54460812746,0.275957844336,0.76)) ;
#10219=CARTESIAN_POINT('Line Origine',(6.55666563446,0.345032382336,0.76)) ;
#10231=CARTESIAN_POINT('Axis2P3D Location',(6.54460812746,0.275957844336,0.75)) ;
#10236=CARTESIAN_POINT('Line Origine',(6.47443783345,0.183859476336,0.775)) ;
#10240=CARTESIAN_POINT('Vertex',(6.47443783345,0.183859476336,0.76)) ;
#10243=CARTESIAN_POINT('Line Origine',(6.50952298046,0.229908660336,0.76)) ;
#10255=CARTESIAN_POINT('Axis2P3D Location',(6.47443783345,0.183859476336,0.75)) ;
#10260=CARTESIAN_POINT('Line Origine',(6.35602684345,0.133426506336,0.775)) ;
#10264=CARTESIAN_POINT('Vertex',(6.35602684345,0.133426506336,0.76)) ;
#10267=CARTESIAN_POINT('Line Origine',(6.41523233845,0.158642991336,0.76)) ;
#10279=CARTESIAN_POINT('Axis2P3D Location',(6.35602684345,0.133426506336,0.75)) ;
#10284=CARTESIAN_POINT('Line Origine',(6.18937363346,0.118078302336,0.775)) ;
#10288=CARTESIAN_POINT('Vertex',(6.18937363346,0.118078302336,0.76)) ;
#10291=CARTESIAN_POINT('Line Origine',(6.27270023845,0.125752404336,0.76)) ;
#10303=CARTESIAN_POINT('Axis2P3D Location',(6.18937363346,0.118078302336,0.75)) ;
#10308=CARTESIAN_POINT('Line Origine',(6.05561443945,0.118078302336,0.76)) ;
#10320=CARTESIAN_POINT('Axis2P3D Location',(6.24528919345,0.128078302336,0.76)) ;
#10326=CARTESIAN_POINT('Control Point',(6.18891412247,0.128078302336,0.75)) ;
#10327=CARTESIAN_POINT('Control Point',(6.18915457106,0.12284559621,0.75)) ;
#10328=CARTESIAN_POINT('Control Point',(6.18937363346,0.118078302336,0.754761772348)) ;
#10329=CARTESIAN_POINT('Control Point',(6.18937363346,0.118078302336,0.76)) ;
#10332=CARTESIAN_POINT('Control Point',(5.93420348769,0.128078302336,0.75)) ;
#10333=CARTESIAN_POINT('Control Point',(5.92887000391,0.123759077232,0.75)) ;
#10334=CARTESIAN_POINT('Control Point',(5.92185524545,0.118078302336,0.753136928181)) ;
#10335=CARTESIAN_POINT('Control Point',(5.92185524545,0.118078302336,0.76)) ;
#10344=CARTESIAN_POINT('Axis2P3D Location',(6.24528919345,0.133270258074,0.76)) ;
#10350=CARTESIAN_POINT('Control Point',(6.35602684345,0.133426506336,0.76)) ;
#10351=CARTESIAN_POINT('Control Point',(6.35602684345,0.133426506336,0.754732818282)) ;
#10352=CARTESIAN_POINT('Control Point',(6.35425149138,0.138419902653,0.75)) ;
#10353=CARTESIAN_POINT('Control Point',(6.35354969044,0.143240688244,0.75)) ;
#10362=CARTESIAN_POINT('Axis2P3D Location',(6.37272164755,0.15140630478,0.76)) ;
#10368=CARTESIAN_POINT('Control Point',(6.47443783345,0.183859476336,0.76)) ;
#10369=CARTESIAN_POINT('Control Point',(6.47443783345,0.183859476336,0.754673936217)) ;
#10370=CARTESIAN_POINT('Control Point',(6.47147822747,0.188034976739,0.75)) ;
#10371=CARTESIAN_POINT('Control Point',(6.46808623699,0.192023476196,0.75)) ;
#10380=CARTESIAN_POINT('Axis2P3D Location',(6.51482502356,0.253368038404,0.76)) ;
#10386=CARTESIAN_POINT('Control Point',(6.54460812746,0.275957844336,0.76)) ;
#10387=CARTESIAN_POINT('Control Point',(6.54460812746,0.275957844336,0.756015617694)) ;
#10388=CARTESIAN_POINT('Control Point',(6.5434637385,0.276461100459,0.751999333854)) ;
#10389=CARTESIAN_POINT('Control Point',(6.53772020986,0.2789675327,0.75)) ;
#10390=CARTESIAN_POINT('Control Point',(6.53517630898,0.280079059068,0.75)) ;
#10399=CARTESIAN_POINT('Axis2P3D Location',(6.55283008816,0.381213285336,0.76)) ;
#10405=CARTESIAN_POINT('Control Point',(6.56872314146,0.414106920336,0.76)) ;
#10406=CARTESIAN_POINT('Control Point',(6.56872314146,0.414106920336,0.75472629364)) ;
#10407=CARTESIAN_POINT('Control Point',(6.56384939105,0.414117139737,0.75)) ;
#10408=CARTESIAN_POINT('Control Point',(6.55857573932,0.414128729548,0.75)) ;
#10417=CARTESIAN_POINT('Axis2P3D Location',(6.56417570151,0.381213285336,0.76)) ;
#10423=CARTESIAN_POINT('Control Point',(6.55118875945,0.517170468336,0.76)) ;
#10424=CARTESIAN_POINT('Control Point',(6.55118875945,0.517170468336,0.756021269387)) ;
#10425=CARTESIAN_POINT('Control Point',(6.55004459659,0.516695311092,0.752008579499)) ;
#10426=CARTESIAN_POINT('Control Point',(6.54427996779,0.51428302082,0.75)) ;
#10427=CARTESIAN_POINT('Control Point',(6.54171845571,0.513212430232,0.75)) ;
#10436=CARTESIAN_POINT('Axis2P3D Location',(6.53494833426,0.522630991449,0.76)) ;
#10442=CARTESIAN_POINT('Control Point',(6.50075045545,0.587340000336,0.76)) ;
#10443=CARTESIAN_POINT('Control Point',(6.50075045545,0.587340000336,0.75601686204)) ;
#10444=CARTESIAN_POINT('Control Point',(6.49992618859,0.586402677546,0.752001364983)) ;
#10445=CARTESIAN_POINT('Control Point',(6.4958588452,0.58164172825,0.75)) ;
#10446=CARTESIAN_POINT('Control Point',(6.49403779665,0.579545539524,0.75)) ;
#10455=CARTESIAN_POINT('Axis2P3D Location',(6.43047400848,0.61218409648,0.76)) ;
#10461=CARTESIAN_POINT('Control Point',(6.41961574345,0.629000826336,0.76)) ;
#10462=CARTESIAN_POINT('Control Point',(6.41961574345,0.629000826336,0.756044427696)) ;
#10463=CARTESIAN_POINT('Control Point',(6.41925835426,0.627862563432,0.752046571359)) ;
#10464=CARTESIAN_POINT('Control Point',(6.41741694558,0.621963582542,0.75)) ;
#10465=CARTESIAN_POINT('Control Point',(6.41658903467,0.619313714173,0.75)) ;
#10474=CARTESIAN_POINT('Axis2P3D Location',(6.24528919345,0.641935869164,0.76)) ;
#10480=CARTESIAN_POINT('Control Point',(6.30340159945,0.644348268336,0.76)) ;
#10481=CARTESIAN_POINT('Control Point',(6.30340159945,0.644348268336,0.756068941787)) ;
#10482=CARTESIAN_POINT('Control Point',(6.30335913955,0.643080162378,0.752088188728)) ;
#10483=CARTESIAN_POINT('Control Point',(6.30288529197,0.6372693214,0.75)) ;
#10484=CARTESIAN_POINT('Control Point',(6.30274414492,0.634348268336,0.75)) ;
#10493=CARTESIAN_POINT('Axis2P3D Location',(6.24528919345,0.634348268336,0.76)) ;
#10499=CARTESIAN_POINT('Control Point',(6.03368560345,0.644348268336,0.76)) ;
#10500=CARTESIAN_POINT('Control Point',(6.03368560345,0.644348268336,0.753991072411)) ;
#10501=CARTESIAN_POINT('Control Point',(6.0383045522,0.638648697415,0.75)) ;
#10502=CARTESIAN_POINT('Control Point',(6.04178392207,0.634348268336,0.75)) ;
#10511=CARTESIAN_POINT('Axis2P3D Location',(5.98777286272,0.380174009427,0.76)) ;
#10527=CARTESIAN_POINT('Axis2P3D Location',(-4.19941119385,5.5,0.7)) ;
#10532=CARTESIAN_POINT('Axis2P3D Location',(-4.19941119385,5.5,0.75)) ;
#10536=CARTESIAN_POINT('Vertex',(-5.24941119385,5.5,0.75)) ;
#10538=CARTESIAN_POINT('Vertex',(-3.14941119385,5.5,0.75)) ;
#10541=CARTESIAN_POINT('Axis2P3D Location',(-3.14941119385,5.5,0.7)) ;
#10545=CARTESIAN_POINT('Vertex',(-3.19941119385,5.5,0.7)) ;
#10548=CARTESIAN_POINT('Axis2P3D Location',(-4.19941119385,5.5,0.7)) ;
#10552=CARTESIAN_POINT('Vertex',(-5.19941119385,5.5,0.7)) ;
#10555=CARTESIAN_POINT('Axis2P3D Location',(-5.24941119385,5.5,0.7)) ;
#10567=CARTESIAN_POINT('Axis2P3D Location',(-4.19941119385,5.5,0.7)) ;
#10572=CARTESIAN_POINT('Axis2P3D Location',(-4.19941119385,5.5,0.75)) ;
#10577=CARTESIAN_POINT('Axis2P3D Location',(-4.19941119385,5.5,0.7)) ;
#10589=CARTESIAN_POINT('Axis2P3D Location',(7.108,9.18485099361E-017,0.75)) ;
#10594=CARTESIAN_POINT('Line Origine',(-1.02423139251,5.725,0.75)) ;
#10598=CARTESIAN_POINT('Vertex',(-1.02423139251,4.05,0.75)) ;
#10600=CARTESIAN_POINT('Vertex',(-1.02423138542,7.4,0.75)) ;
#10603=CARTESIAN_POINT('Line Origine',(-7.61182129318,7.4,0.75)) ;
#10607=CARTESIAN_POINT('Vertex',(-14.1994111938,7.4,0.75)) ;
#10610=CARTESIAN_POINT('Axis2P3D Location',(-14.1994111938,6.5,0.75)) ;
#10614=CARTESIAN_POINT('Vertex',(-15.0994111938,6.5,0.75)) ;
#10617=CARTESIAN_POINT('Line Origine',(-15.0994111938,8.881784197E-016,0.75)) ;
#10621=CARTESIAN_POINT('Vertex',(-15.0994111938,-6.5,0.75)) ;
#10624=CARTESIAN_POINT('Axis2P3D Location',(-14.1994111938,-6.5,0.75)) ;
#10628=CARTESIAN_POINT('Vertex',(-14.1994111938,-7.4,0.75)) ;
#10631=CARTESIAN_POINT('Line Origine',(-7.97441119385,-7.4,0.75)) ;
#10635=CARTESIAN_POINT('Vertex',(-1.74941119385,-7.4,0.75)) ;
#10638=CARTESIAN_POINT('Line Origine',(-1.74941119385,-5.725,0.75)) ;
#10642=CARTESIAN_POINT('Vertex',(-1.74941119385,-4.05,0.75)) ;
#10645=CARTESIAN_POINT('Axis2P3D Location',(-1.64941119385,-4.05,0.75)) ;
#10649=CARTESIAN_POINT('Vertex',(-1.64941119385,-3.95,0.75)) ;
#10652=CARTESIAN_POINT('Line Origine',(-1.33682129318,-3.95,0.75)) ;
#10656=CARTESIAN_POINT('Vertex',(-1.02423139251,-3.95,0.75)) ;
#10659=CARTESIAN_POINT('Line Origine',(-1.02423139251,-2.,0.75)) ;
#10663=CARTESIAN_POINT('Vertex',(-1.02423139251,-0.05,0.75)) ;
#10666=CARTESIAN_POINT('Line Origine',(-1.33682129318,-0.05,0.75)) ;
#10670=CARTESIAN_POINT('Vertex',(-1.64941119385,-0.05,0.75)) ;
#10673=CARTESIAN_POINT('Axis2P3D Location',(-1.64941119385,0.05,0.75)) ;
#10677=CARTESIAN_POINT('Vertex',(-1.74941119385,0.05,0.75)) ;
#10680=CARTESIAN_POINT('Line Origine',(-1.74941119385,2.,0.75)) ;
#10684=CARTESIAN_POINT('Vertex',(-1.74941119385,3.95,0.75)) ;
#10687=CARTESIAN_POINT('Axis2P3D Location',(-1.64941119385,3.95,0.75)) ;
#10691=CARTESIAN_POINT('Vertex',(-1.64941119385,4.05,0.75)) ;
#10694=CARTESIAN_POINT('Line Origine',(-1.33682129318,4.05,0.75)) ;
#10720=CARTESIAN_POINT('Axis2P3D Location',(-8.69941119385,5.5,0.75)) ;
#10724=CARTESIAN_POINT('Vertex',(-9.74941119385,5.5,0.75)) ;
#10726=CARTESIAN_POINT('Vertex',(-7.64941119385,5.5,0.75)) ;
#10729=CARTESIAN_POINT('Axis2P3D Location',(-8.69941119385,5.5,0.75)) ;
#10738=CARTESIAN_POINT('Axis2P3D Location',(-13.1994111938,5.5,0.75)) ;
#10742=CARTESIAN_POINT('Vertex',(-12.1494111938,5.5,0.75)) ;
#10744=CARTESIAN_POINT('Vertex',(-14.2494111938,5.5,0.75)) ;
#10747=CARTESIAN_POINT('Axis2P3D Location',(-13.1994111938,5.5,0.75)) ;
#10756=CARTESIAN_POINT('Axis2P3D Location',(-13.1994111938,-5.5,0.75)) ;
#10760=CARTESIAN_POINT('Vertex',(-14.2494111938,-5.5,0.75)) ;
#10762=CARTESIAN_POINT('Vertex',(-12.1494111938,-5.5,0.75)) ;
#10765=CARTESIAN_POINT('Axis2P3D Location',(-13.1994111938,-5.5,0.75)) ;
#10774=CARTESIAN_POINT('Axis2P3D Location',(-8.69941119385,-5.5,0.75)) ;
#10778=CARTESIAN_POINT('Vertex',(-9.74941119385,-5.5,0.75)) ;
#10780=CARTESIAN_POINT('Vertex',(-7.64941119385,-5.5,0.75)) ;
#10783=CARTESIAN_POINT('Axis2P3D Location',(-8.69941119385,-5.5,0.75)) ;
#10792=CARTESIAN_POINT('Axis2P3D Location',(-4.19941119385,-5.5,0.75)) ;
#10796=CARTESIAN_POINT('Vertex',(-5.24941119385,-5.5,0.75)) ;
#10798=CARTESIAN_POINT('Vertex',(-3.14941119385,-5.5,0.75)) ;
#10801=CARTESIAN_POINT('Axis2P3D Location',(-4.19941119385,-5.5,0.75)) ;
#10811=CARTESIAN_POINT('Axis2P3D Location',(-4.19941119385,5.5,0.25)) ;
#10816=CARTESIAN_POINT('Line Origine',(-3.19941119385,5.5,0.25)) ;
#10820=CARTESIAN_POINT('Vertex',(-3.19941119385,5.5,-0.7)) ;
#10823=CARTESIAN_POINT('Axis2P3D Location',(-4.19941119385,5.5,-0.7)) ;
#10827=CARTESIAN_POINT('Vertex',(-5.19941119385,5.5,-0.7)) ;
#10830=CARTESIAN_POINT('Line Origine',(-5.19941119385,5.5,0.25)) ;
#10842=CARTESIAN_POINT('Axis2P3D Location',(-4.19941119385,5.5,-0.7)) ;
#10854=CARTESIAN_POINT('Axis2P3D Location',(-8.69941119385,5.5,0.7)) ;
#10859=CARTESIAN_POINT('Axis2P3D Location',(-7.64941119385,5.5,0.7)) ;
#10863=CARTESIAN_POINT('Vertex',(-7.69941119385,5.5,0.7)) ;
#10866=CARTESIAN_POINT('Axis2P3D Location',(-8.69941119385,5.5,0.7)) ;
#10870=CARTESIAN_POINT('Vertex',(-9.69941119385,5.5,0.7)) ;
#10873=CARTESIAN_POINT('Axis2P3D Location',(-9.74941119385,5.5,0.7)) ;
#10885=CARTESIAN_POINT('Axis2P3D Location',(-8.69941119385,5.5,0.7)) ;
#10890=CARTESIAN_POINT('Axis2P3D Location',(-8.69941119385,5.5,0.7)) ;
#10902=CARTESIAN_POINT('Axis2P3D Location',(-8.69941119385,5.5,0.25)) ;
#10907=CARTESIAN_POINT('Line Origine',(-7.69941119385,5.5,0.25)) ;
#10911=CARTESIAN_POINT('Vertex',(-7.69941119385,5.5,-0.7)) ;
#10914=CARTESIAN_POINT('Axis2P3D Location',(-8.69941119385,5.5,-0.7)) ;
#10918=CARTESIAN_POINT('Vertex',(-9.69941119385,5.5,-0.7)) ;
#10921=CARTESIAN_POINT('Line Origine',(-9.69941119385,5.5,0.25)) ;
#10933=CARTESIAN_POINT('Axis2P3D Location',(-8.69941119385,5.5,-0.7)) ;
#10945=CARTESIAN_POINT('Axis2P3D Location',(-13.1994111938,5.5,0.7)) ;
#10950=CARTESIAN_POINT('Axis2P3D Location',(-14.2494111938,5.5,0.7)) ;
#10954=CARTESIAN_POINT('Vertex',(-14.1994111938,5.5,0.7)) ;
#10957=CARTESIAN_POINT('Axis2P3D Location',(-13.1994111938,5.5,0.7)) ;
#10961=CARTESIAN_POINT('Vertex',(-12.1994111938,5.5,0.7)) ;
#10964=CARTESIAN_POINT('Axis2P3D Location',(-12.1494111938,5.5,0.7)) ;
#10976=CARTESIAN_POINT('Axis2P3D Location',(-13.1994111938,5.5,0.7)) ;
#10981=CARTESIAN_POINT('Axis2P3D Location',(-13.1994111938,5.5,0.7)) ;
#10993=CARTESIAN_POINT('Axis2P3D Location',(-13.1994111938,5.5,0.25)) ;
#10998=CARTESIAN_POINT('Line Origine',(-12.1994111938,5.5,0.25)) ;
#11002=CARTESIAN_POINT('Vertex',(-12.1994111938,5.5,-0.7)) ;
#11005=CARTESIAN_POINT('Axis2P3D Location',(-13.1994111938,5.5,-0.7)) ;
#11009=CARTESIAN_POINT('Vertex',(-14.1994111938,5.5,-0.7)) ;
#11012=CARTESIAN_POINT('Line Origine',(-14.1994111938,5.5,0.25)) ;
#11024=CARTESIAN_POINT('Axis2P3D Location',(-13.1994111938,5.5,-0.7)) ;
#11036=CARTESIAN_POINT('Axis2P3D Location',(-13.1994111938,-5.5,0.7)) ;
#11041=CARTESIAN_POINT('Axis2P3D Location',(-12.1494111938,-5.5,0.7)) ;
#11045=CARTESIAN_POINT('Vertex',(-12.1994111938,-5.5,0.7)) ;
#11048=CARTESIAN_POINT('Axis2P3D Location',(-13.1994111938,-5.5,0.7)) ;
#11052=CARTESIAN_POINT('Vertex',(-14.1994111938,-5.5,0.7)) ;
#11055=CARTESIAN_POINT('Axis2P3D Location',(-14.2494111938,-5.5,0.7)) ;
#11067=CARTESIAN_POINT('Axis2P3D Location',(-13.1994111938,-5.5,0.7)) ;
#11072=CARTESIAN_POINT('Axis2P3D Location',(-13.1994111938,-5.5,0.7)) ;
#11084=CARTESIAN_POINT('Axis2P3D Location',(-13.1994111938,-5.5,0.25)) ;
#11089=CARTESIAN_POINT('Line Origine',(-12.1994111938,-5.5,0.25)) ;
#11093=CARTESIAN_POINT('Vertex',(-12.1994111938,-5.5,-0.7)) ;
#11096=CARTESIAN_POINT('Axis2P3D Location',(-13.1994111938,-5.5,-0.7)) ;
#11100=CARTESIAN_POINT('Vertex',(-14.1994111938,-5.5,-0.7)) ;
#11103=CARTESIAN_POINT('Line Origine',(-14.1994111938,-5.5,0.25)) ;
#11115=CARTESIAN_POINT('Axis2P3D Location',(-13.1994111938,-5.5,-0.7)) ;
#11127=CARTESIAN_POINT('Axis2P3D Location',(-8.69941119385,-5.5,0.7)) ;
#11132=CARTESIAN_POINT('Axis2P3D Location',(-7.64941119385,-5.5,0.7)) ;
#11136=CARTESIAN_POINT('Vertex',(-7.69941119385,-5.5,0.7)) ;
#11139=CARTESIAN_POINT('Axis2P3D Location',(-8.69941119385,-5.5,0.7)) ;
#11143=CARTESIAN_POINT('Vertex',(-9.69941119385,-5.5,0.7)) ;
#11146=CARTESIAN_POINT('Axis2P3D Location',(-9.74941119385,-5.5,0.7)) ;
#11158=CARTESIAN_POINT('Axis2P3D Location',(-8.69941119385,-5.5,0.7)) ;
#11163=CARTESIAN_POINT('Axis2P3D Location',(-8.69941119385,-5.5,0.7)) ;
#11175=CARTESIAN_POINT('Axis2P3D Location',(-8.69941119385,-5.5,0.25)) ;
#11180=CARTESIAN_POINT('Line Origine',(-7.69941119385,-5.5,0.25)) ;
#11184=CARTESIAN_POINT('Vertex',(-7.69941119385,-5.5,-0.7)) ;
#11187=CARTESIAN_POINT('Axis2P3D Location',(-8.69941119385,-5.5,-0.7)) ;
#11191=CARTESIAN_POINT('Vertex',(-9.69941119385,-5.5,-0.7)) ;
#11194=CARTESIAN_POINT('Line Origine',(-9.69941119385,-5.5,0.25)) ;
#11206=CARTESIAN_POINT('Axis2P3D Location',(-8.69941119385,-5.5,-0.7)) ;
#11218=CARTESIAN_POINT('Axis2P3D Location',(-4.19941119385,-5.5,0.7)) ;
#11223=CARTESIAN_POINT('Axis2P3D Location',(-3.14941119385,-5.5,0.7)) ;
#11227=CARTESIAN_POINT('Vertex',(-3.19941119385,-5.5,0.7)) ;
#11230=CARTESIAN_POINT('Axis2P3D Location',(-4.19941119385,-5.5,0.7)) ;
#11234=CARTESIAN_POINT('Vertex',(-5.19941119385,-5.5,0.7)) ;
#11237=CARTESIAN_POINT('Axis2P3D Location',(-5.24941119385,-5.5,0.7)) ;
#11249=CARTESIAN_POINT('Axis2P3D Location',(-4.19941119385,-5.5,0.7)) ;
#11254=CARTESIAN_POINT('Axis2P3D Location',(-4.19941119385,-5.5,0.7)) ;
#11266=CARTESIAN_POINT('Axis2P3D Location',(-4.19941119385,-5.5,0.25)) ;
#11271=CARTESIAN_POINT('Line Origine',(-3.19941119385,-5.5,0.25)) ;
#11275=CARTESIAN_POINT('Vertex',(-3.19941119385,-5.5,-0.7)) ;
#11278=CARTESIAN_POINT('Axis2P3D Location',(-4.19941119385,-5.5,-0.7)) ;
#11282=CARTESIAN_POINT('Vertex',(-5.19941119385,-5.5,-0.7)) ;
#11285=CARTESIAN_POINT('Line Origine',(-5.19941119385,-5.5,0.25)) ;
#11297=CARTESIAN_POINT('Axis2P3D Location',(-4.19941119385,-5.5,-0.7)) ;
#11309=CARTESIAN_POINT('Axis2P3D Location',(-13.1994111938,5.5,-0.7)) ;
#11314=CARTESIAN_POINT('Axis2P3D Location',(-14.2494111938,5.5,-0.7)) ;
#11318=CARTESIAN_POINT('Vertex',(-14.2494111938,5.5,-0.75)) ;
#11321=CARTESIAN_POINT('Axis2P3D Location',(-13.1994111938,5.5,-0.75)) ;
#11325=CARTESIAN_POINT('Vertex',(-12.1494111938,5.5,-0.75)) ;
#11328=CARTESIAN_POINT('Axis2P3D Location',(-12.1494111938,5.5,-0.7)) ;
#11340=CARTESIAN_POINT('Axis2P3D Location',(-13.1994111938,5.5,-0.7)) ;
#11345=CARTESIAN_POINT('Axis2P3D Location',(-13.1994111938,5.5,-0.75)) ;
#11357=CARTESIAN_POINT('Axis2P3D Location',(-8.69941119385,5.5,-0.7)) ;
#11362=CARTESIAN_POINT('Axis2P3D Location',(-9.74941119385,5.5,-0.7)) ;
#11366=CARTESIAN_POINT('Vertex',(-9.74941119385,5.5,-0.75)) ;
#11369=CARTESIAN_POINT('Axis2P3D Location',(-8.69941119385,5.5,-0.75)) ;
#11373=CARTESIAN_POINT('Vertex',(-7.64941119385,5.5,-0.75)) ;
#11376=CARTESIAN_POINT('Axis2P3D Location',(-7.64941119385,5.5,-0.7)) ;
#11388=CARTESIAN_POINT('Axis2P3D Location',(-8.69941119385,5.5,-0.7)) ;
#11393=CARTESIAN_POINT('Axis2P3D Location',(-8.69941119385,5.5,-0.75)) ;
#11405=CARTESIAN_POINT('Axis2P3D Location',(-4.19941119385,5.5,-0.7)) ;
#11410=CARTESIAN_POINT('Axis2P3D Location',(-5.24941119385,5.5,-0.7)) ;
#11414=CARTESIAN_POINT('Vertex',(-5.24941119385,5.5,-0.75)) ;
#11417=CARTESIAN_POINT('Axis2P3D Location',(-4.19941119385,5.5,-0.75)) ;
#11421=CARTESIAN_POINT('Vertex',(-3.14941119385,5.5,-0.75)) ;
#11424=CARTESIAN_POINT('Axis2P3D Location',(-3.14941119385,5.5,-0.7)) ;
#11436=CARTESIAN_POINT('Axis2P3D Location',(-4.19941119385,5.5,-0.7)) ;
#11441=CARTESIAN_POINT('Axis2P3D Location',(-4.19941119385,5.5,-0.75)) ;
#11453=CARTESIAN_POINT('Axis2P3D Location',(-13.1994111938,-5.5,-0.7)) ;
#11458=CARTESIAN_POINT('Axis2P3D Location',(-14.2494111938,-5.5,-0.7)) ;
#11462=CARTESIAN_POINT('Vertex',(-14.2494111938,-5.5,-0.75)) ;
#11465=CARTESIAN_POINT('Axis2P3D Location',(-13.1994111938,-5.5,-0.75)) ;
#11469=CARTESIAN_POINT('Vertex',(-12.1494111938,-5.5,-0.75)) ;
#11472=CARTESIAN_POINT('Axis2P3D Location',(-12.1494111938,-5.5,-0.7)) ;
#11484=CARTESIAN_POINT('Axis2P3D Location',(-13.1994111938,-5.5,-0.7)) ;
#11489=CARTESIAN_POINT('Axis2P3D Location',(-13.1994111938,-5.5,-0.75)) ;
#11501=CARTESIAN_POINT('Axis2P3D Location',(-8.69941119385,-5.5,-0.7)) ;
#11506=CARTESIAN_POINT('Axis2P3D Location',(-9.74941119385,-5.5,-0.7)) ;
#11510=CARTESIAN_POINT('Vertex',(-9.74941119385,-5.5,-0.75)) ;
#11513=CARTESIAN_POINT('Axis2P3D Location',(-8.69941119385,-5.5,-0.75)) ;
#11517=CARTESIAN_POINT('Vertex',(-7.64941119385,-5.5,-0.75)) ;
#11520=CARTESIAN_POINT('Axis2P3D Location',(-7.64941119385,-5.5,-0.7)) ;
#11532=CARTESIAN_POINT('Axis2P3D Location',(-8.69941119385,-5.5,-0.7)) ;
#11537=CARTESIAN_POINT('Axis2P3D Location',(-8.69941119385,-5.5,-0.75)) ;
#11549=CARTESIAN_POINT('Axis2P3D Location',(-4.19941119385,-5.5,-0.7)) ;
#11554=CARTESIAN_POINT('Axis2P3D Location',(-3.14941119385,-5.5,-0.7)) ;
#11558=CARTESIAN_POINT('Vertex',(-3.14941119385,-5.5,-0.75)) ;
#11561=CARTESIAN_POINT('Axis2P3D Location',(-4.19941119385,-5.5,-0.75)) ;
#11565=CARTESIAN_POINT('Vertex',(-5.24941119385,-5.5,-0.75)) ;
#11568=CARTESIAN_POINT('Axis2P3D Location',(-5.24941119385,-5.5,-0.7)) ;
#11580=CARTESIAN_POINT('Axis2P3D Location',(-4.19941119385,-5.5,-0.7)) ;
#11585=CARTESIAN_POINT('Axis2P3D Location',(-4.19941119385,-5.5,-0.75)) ;
#11597=CARTESIAN_POINT('Axis2P3D Location',(0.000463684082031,7.95,-1.27890553709E-015)) ;
#11602=CARTESIAN_POINT('Axis2P3D Location',(0.000463684082031,7.95,-1.27890553709E-015)) ;
#11606=CARTESIAN_POINT('Vertex',(0.500463684082,7.95,-5.6396914762E-016)) ;
#11608=CARTESIAN_POINT('Vertex',(-0.499536315918,7.95,-8.24361337598E-016)) ;
#11611=CARTESIAN_POINT('Axis2P3D Location',(-0.549536315918,7.95,-7.29345139905E-016)) ;
#11615=CARTESIAN_POINT('Vertex',(-0.549536315918,8.,-7.69255379577E-016)) ;
#11618=CARTESIAN_POINT('Axis2P3D Location',(0.000463684082031,8.,-1.28502877109E-015)) ;
#11622=CARTESIAN_POINT('Vertex',(0.550463684082,8.,-1.10306447944E-015)) ;
#11625=CARTESIAN_POINT('Axis2P3D Location',(0.550463684082,7.95,2.17119988588E-016)) ;
#11637=CARTESIAN_POINT('Axis2P3D Location',(0.000463684082031,7.95,-9.18083054091E-016)) ;
#11642=CARTESIAN_POINT('Axis2P3D Location',(0.000463684082031,7.95,-9.18083054091E-016)) ;
#11647=CARTESIAN_POINT('Axis2P3D Location',(0.000463684082031,8.,-9.24206288087E-016)) ;
#11659=CARTESIAN_POINT('Axis2P3D Location',(0.000463684082031,1.7763568394E-015,2.67681878094E-017)) ;
#11664=CARTESIAN_POINT('Line Origine',(0.500463684082,1.7763568394E-015,4.09625057702E-016)) ;
#11668=CARTESIAN_POINT('Vertex',(0.500463684082,4.05,-8.63568959526E-017)) ;
#11671=CARTESIAN_POINT('Axis2P3D Location',(0.000463684082031,4.05,-4.69213765845E-016)) ;
#11675=CARTESIAN_POINT('Vertex',(-0.499536315918,4.05,-6.9125837077E-016)) ;
#11678=CARTESIAN_POINT('Line Origine',(-0.499536315918,1.7763568394E-015,-2.94856342126E-016)) ;
#11690=CARTESIAN_POINT('Axis2P3D Location',(0.000463684082031,4.05,-4.69213765845E-016)) ;
#11702=CARTESIAN_POINT('Axis2P3D Location',(-15.6994111938,8.,-9.79717439318E-016)) ;
#11707=CARTESIAN_POINT('Line Origine',(-7.69476779987,8.,-0.15)) ;
#11711=CARTESIAN_POINT('Vertex',(-14.1994111938,8.,-0.15)) ;
#11713=CARTESIAN_POINT('Vertex',(-1.1901244059,8.,-0.15)) ;
#11716=CARTESIAN_POINT('Line Origine',(-14.1994111938,8.,-9.71445146547E-016)) ;
#11720=CARTESIAN_POINT('Vertex',(-14.1994111938,8.,0.15)) ;
#11723=CARTESIAN_POINT('Line Origine',(-7.69476779987,8.,0.15)) ;
#11727=CARTESIAN_POINT('Vertex',(-1.1901244059,8.,0.15)) ;
#11730=CARTESIAN_POINT('Axis2P3D Location',(0.000463684082014,8.,-6.85337966341E-016)) ;
#11734=CARTESIAN_POINT('Vertex',(1.20046368408,8.,-3.91422734545E-016)) ;
#11737=CARTESIAN_POINT('Axis2P3D Location',(0.000463684082014,8.,-6.85337966341E-016)) ;
#11754=CARTESIAN_POINT('Axis2P3D Location',(0.000463684082031,-0.05,2.28167838921E-016)) ;
#11759=CARTESIAN_POINT('Axis2P3D Location',(0.000463684082031,-0.05,2.28167838921E-016)) ;
#11763=CARTESIAN_POINT('Vertex',(-0.499536315918,-0.05,1.5535610172E-016)) ;
#11765=CARTESIAN_POINT('Vertex',(0.500463684082,-0.05,4.15748291698E-016)) ;
#11768=CARTESIAN_POINT('Axis2P3D Location',(0.550463684082,-0.05,1.67105572566E-016)) ;
#11772=CARTESIAN_POINT('Vertex',(0.550463684082,-1.7763568394E-015,3.14273194863E-016)) ;
#11775=CARTESIAN_POINT('Axis2P3D Location',(0.000463684082031,-1.7763568394E-015,2.22044604925E-016)) ;
#11779=CARTESIAN_POINT('Vertex',(-0.549536315918,-1.7763568394E-015,2.72090851304E-016)) ;
#11782=CARTESIAN_POINT('Axis2P3D Location',(-0.549536315918,-0.05,1.44499066804E-017)) ;
#11794=CARTESIAN_POINT('Axis2P3D Location',(0.000463684082031,-0.05,1.7265668769E-016)) ;
#11799=CARTESIAN_POINT('Axis2P3D Location',(0.000463684082031,-0.05,1.7265668769E-016)) ;
#11804=CARTESIAN_POINT('Axis2P3D Location',(0.000463684082031,-1.7763568394E-015,1.66533453694E-016)) ;
#11816=CARTESIAN_POINT('Line Origine',(-0.499536315918,1.7763568394E-015,2.67681878094E-017)) ;
#11820=CARTESIAN_POINT('Vertex',(-0.499536315918,-3.95,2.88459068548E-016)) ;
#11823=CARTESIAN_POINT('Axis2P3D Location',(0.000463684082031,-3.95,5.10503673473E-016)) ;
#11827=CARTESIAN_POINT('Vertex',(0.500463684082,-3.95,8.93360543365E-016)) ;
#11830=CARTESIAN_POINT('Line Origine',(0.500463684082,1.7763568394E-015,4.09625057702E-016)) ;
#11842=CARTESIAN_POINT('Axis2P3D Location',(0.000463684082031,-3.95,5.10503673473E-016)) ;
#11854=CARTESIAN_POINT('Axis2P3D Location',(-0.699411193848,-1.7763568394E-015,2.17540971752E-031)) ;
#11859=CARTESIAN_POINT('Line Origine',(-1.33682129318,-1.69063156346E-015,0.7)) ;
#11863=CARTESIAN_POINT('Vertex',(-1.02423139251,-1.69063156346E-015,0.7)) ;
#11865=CARTESIAN_POINT('Vertex',(-1.64941119385,-1.69063156346E-015,0.7)) ;
#11868=CARTESIAN_POINT('Axis2P3D Location',(-1.02423139251,-1.67838509547E-015,0.8)) ;
#11872=CARTESIAN_POINT('Vertex',(-0.945408694314,-1.68592138346E-015,0.738461538462)) ;
#11875=CARTESIAN_POINT('Axis2P3D Location',(0.000463684082031,-1.7763568394E-015,6.0537714201E-017)) ;
#11879=CARTESIAN_POINT('Vertex',(1.20046368408,-1.7763568394E-015,-8.64199016967E-017)) ;
#11882=CARTESIAN_POINT('Axis2P3D Location',(0.000463684082031,-1.7763568394E-015,6.0537714201E-017)) ;
#11886=CARTESIAN_POINT('Vertex',(-0.945408694314,-1.86679229534E-015,-0.738461538462)) ;
#11889=CARTESIAN_POINT('Axis2P3D Location',(-1.02423139251,-1.87432858333E-015,-0.8)) ;
#11893=CARTESIAN_POINT('Vertex',(-1.02423139251,-1.86208211534E-015,-0.7)) ;
#11896=CARTESIAN_POINT('Line Origine',(-1.33682129318,-1.86208211534E-015,-0.7)) ;
#11900=CARTESIAN_POINT('Vertex',(-1.64941119385,-1.86208211534E-015,-0.7)) ;
#11903=CARTESIAN_POINT('Line Origine',(-1.64941119385,-1.7763568394E-015,-1.11022302463E-016)) ;
#11922=CARTESIAN_POINT('Axis2P3D Location',(0.000463684082031,-3.95,5.39246636894E-016)) ;
#11927=CARTESIAN_POINT('Axis2P3D Location',(-0.549536315918,-3.95,8.12796392366E-017)) ;
#11931=CARTESIAN_POINT('Vertex',(-0.549536315918,-4.,3.38097620996E-016)) ;
#11934=CARTESIAN_POINT('Axis2P3D Location',(0.000463684082031,-4.,5.4536987089E-016)) ;
#11938=CARTESIAN_POINT('Vertex',(0.550463684082,-4.,1.83408590024E-016)) ;
#11941=CARTESIAN_POINT('Axis2P3D Location',(0.550463684082,-3.95,1.30252496632E-015)) ;
#11953=CARTESIAN_POINT('Axis2P3D Location',(0.000463684082031,-3.95,4.28224334432E-016)) ;
#11958=CARTESIAN_POINT('Axis2P3D Location',(0.000463684082031,-4.,4.34347568428E-016)) ;
#11970=CARTESIAN_POINT('Axis2P3D Location',(-1.69941119385,-4.,4.89858719659E-016)) ;
#11975=CARTESIAN_POINT('Line Origine',(-1.33682129318,-4.,-0.7)) ;
#11979=CARTESIAN_POINT('Vertex',(-1.02423139251,-4.,-0.7)) ;
#11981=CARTESIAN_POINT('Vertex',(-1.64941119385,-4.,-0.7)) ;
#11984=CARTESIAN_POINT('Axis2P3D Location',(-1.02423139251,-4.,-0.8)) ;
#11988=CARTESIAN_POINT('Vertex',(-0.945408694314,-4.,-0.738461538462)) ;
#11991=CARTESIAN_POINT('Axis2P3D Location',(0.000463684082031,-4.,5.48022405852E-016)) ;
#11995=CARTESIAN_POINT('Vertex',(1.20046368408,-4.,8.41937637647E-016)) ;
#11998=CARTESIAN_POINT('Axis2P3D Location',(0.000463684082031,-4.,5.48022405852E-016)) ;
#12002=CARTESIAN_POINT('Vertex',(-0.974215750399,-4.,0.7)) ;
#12005=CARTESIAN_POINT('Line Origine',(-1.31181347212,-4.,0.7)) ;
#12009=CARTESIAN_POINT('Vertex',(-1.64941119385,-4.,0.7)) ;
#12012=CARTESIAN_POINT('Line Origine',(-1.64941119385,-4.,4.4408920985E-016)) ;
#12030=CARTESIAN_POINT('Axis2P3D Location',(0.000463684082031,4.05,-4.40470802423E-016)) ;
#12035=CARTESIAN_POINT('Axis2P3D Location',(-0.549536315918,4.05,-8.98437800081E-016)) ;
#12039=CARTESIAN_POINT('Vertex',(-0.549536315918,4.,-6.41619818322E-016)) ;
#12042=CARTESIAN_POINT('Axis2P3D Location',(0.000463684082031,4.,-4.34347568428E-016)) ;
#12046=CARTESIAN_POINT('Vertex',(0.550463684082,4.,-7.96308849294E-016)) ;
#12049=CARTESIAN_POINT('Axis2P3D Location',(0.550463684082,4.05,3.22807527006E-016)) ;
#12061=CARTESIAN_POINT('Axis2P3D Location',(0.000463684082031,4.05,-5.51493104886E-016)) ;
#12066=CARTESIAN_POINT('Axis2P3D Location',(0.000463684082031,4.,-5.4536987089E-016)) ;
#12078=CARTESIAN_POINT('Axis2P3D Location',(-1.69941119385,4.,-4.89858719659E-016)) ;
#12083=CARTESIAN_POINT('Line Origine',(-1.33682129318,4.,-0.7)) ;
#12087=CARTESIAN_POINT('Vertex',(-1.02423139251,4.,-0.7)) ;
#12089=CARTESIAN_POINT('Vertex',(-1.64941119385,4.,-0.7)) ;
#12092=CARTESIAN_POINT('Axis2P3D Location',(-1.02423139251,4.,-0.8)) ;
#12096=CARTESIAN_POINT('Vertex',(-0.945408694314,4.,-0.738461538462)) ;
#12099=CARTESIAN_POINT('Axis2P3D Location',(0.000463684082031,4.,-4.31695033466E-016)) ;
#12103=CARTESIAN_POINT('Vertex',(1.20046368408,4.,-1.3777980167E-016)) ;
#12106=CARTESIAN_POINT('Axis2P3D Location',(0.000463684082031,4.,-4.31695033466E-016)) ;
#12110=CARTESIAN_POINT('Vertex',(-0.945408694314,4.,0.738461538462)) ;
#12113=CARTESIAN_POINT('Axis2P3D Location',(-1.02423139251,4.,0.8)) ;
#12117=CARTESIAN_POINT('Vertex',(-1.02423139251,4.,0.7)) ;
#12120=CARTESIAN_POINT('Line Origine',(-1.33682129318,4.,0.7)) ;
#12124=CARTESIAN_POINT('Vertex',(-1.64941119385,4.,0.7)) ;
#12127=CARTESIAN_POINT('Line Origine',(-1.64941119385,4.,-3.33066907388E-016)) ;
#12146=CARTESIAN_POINT('Axis2P3D Location',(-1.64941119385,0.05,0.7)) ;
#12151=CARTESIAN_POINT('Axis2P3D Location',(-1.64941119385,0.05,0.7)) ;
#12155=CARTESIAN_POINT('Vertex',(-1.69941119385,0.05,0.7)) ;
#12158=CARTESIAN_POINT('Axis2P3D Location',(-1.74941119385,0.05,0.7)) ;
#12163=CARTESIAN_POINT('Axis2P3D Location',(-1.64941119385,-0.05,0.7)) ;
#12175=CARTESIAN_POINT('Axis2P3D Location',(-8.04200424722,-0.05,0.7)) ;
#12180=CARTESIAN_POINT('Axis2P3D Location',(-1.02423139251,-0.05,0.7)) ;
#12192=CARTESIAN_POINT('Axis2P3D Location',(-1.02423139251,-0.05,0.8)) ;
#12197=CARTESIAN_POINT('Axis2P3D Location',(-1.02423139251,-0.05,0.8)) ;
#12201=CARTESIAN_POINT('Vertex',(-0.984820043414,-0.05,0.769230769231)) ;
#12204=CARTESIAN_POINT('Axis2P3D Location',(-0.945408694314,-0.05,0.738461538462)) ;
#12216=CARTESIAN_POINT('Axis2P3D Location',(0.000463684082033,-0.05,1.67145777093E-015)) ;
#12221=CARTESIAN_POINT('Axis2P3D Location',(0.000463684082033,-0.05,1.67145777093E-015)) ;
#12225=CARTESIAN_POINT('Vertex',(1.25046368408,-0.05,-1.7702336054E-015)) ;
#12228=CARTESIAN_POINT('Axis2P3D Location',(1.20046368408,-0.05,7.27366154732E-017)) ;
#12240=CARTESIAN_POINT('Axis2P3D Location',(0.000463684082033,-0.05,-1.7702336054E-015)) ;
#12245=CARTESIAN_POINT('Axis2P3D Location',(0.000463684082033,-0.05,-1.7702336054E-015)) ;
#12249=CARTESIAN_POINT('Vertex',(-0.984820043414,-0.05,-0.769230769231)) ;
#12252=CARTESIAN_POINT('Axis2P3D Location',(-0.945408694314,-0.05,-0.738461538462)) ;
#12264=CARTESIAN_POINT('Axis2P3D Location',(-1.02423139251,-0.05,-0.8)) ;
#12269=CARTESIAN_POINT('Axis2P3D Location',(-1.02423139251,-0.05,-0.8)) ;
#12273=CARTESIAN_POINT('Vertex',(-1.02423139251,-0.05,-0.75)) ;
#12276=CARTESIAN_POINT('Axis2P3D Location',(-1.02423139251,-0.05,-0.7)) ;
#12288=CARTESIAN_POINT('Axis2P3D Location',(-8.04200424722,-0.05,-0.7)) ;
#12293=CARTESIAN_POINT('Line Origine',(-8.04200424722,-0.05,-0.75)) ;
#12297=CARTESIAN_POINT('Vertex',(-1.64941119385,-0.05,-0.75)) ;
#12300=CARTESIAN_POINT('Axis2P3D Location',(-1.64941119385,-0.05,-0.7)) ;
#12312=CARTESIAN_POINT('Axis2P3D Location',(-1.64941119385,0.05,-0.7)) ;
#12317=CARTESIAN_POINT('Axis2P3D Location',(-1.64941119385,0.05,-0.7)) ;
#12321=CARTESIAN_POINT('Vertex',(-1.69941119385,0.05,-0.7)) ;
#12324=CARTESIAN_POINT('Axis2P3D Location',(-1.64941119385,0.05,-0.75)) ;
#12328=CARTESIAN_POINT('Vertex',(-1.74941119385,0.05,-0.75)) ;
#12331=CARTESIAN_POINT('Axis2P3D Location',(-1.74941119385,0.05,-0.7)) ;
#12343=CARTESIAN_POINT('Axis2P3D Location',(-1.74941119385,3.46698840286E-015,-0.7)) ;
#12348=CARTESIAN_POINT('Line Origine',(-1.69941119385,3.5527136788E-015,-0.7)) ;
#12352=CARTESIAN_POINT('Vertex',(-1.69941119385,3.95,-0.7)) ;
#12355=CARTESIAN_POINT('Line Origine',(-1.74941119385,3.5527136788E-015,-0.75)) ;
#12359=CARTESIAN_POINT('Vertex',(-1.74941119385,3.95,-0.75)) ;
#12362=CARTESIAN_POINT('Axis2P3D Location',(-1.74941119385,3.95,-0.7)) ;
#12374=CARTESIAN_POINT('Axis2P3D Location',(-1.64941119385,3.95,-0.7)) ;
#12379=CARTESIAN_POINT('Axis2P3D Location',(-1.64941119385,3.95,-0.7)) ;
#12384=CARTESIAN_POINT('Axis2P3D Location',(-1.64941119385,3.95,-0.75)) ;
#12388=CARTESIAN_POINT('Vertex',(-1.64941119385,4.05,-0.75)) ;
#12391=CARTESIAN_POINT('Axis2P3D Location',(-1.64941119385,4.05,-0.7)) ;
#12403=CARTESIAN_POINT('Axis2P3D Location',(-8.04200424722,4.05,-0.7)) ;
#12408=CARTESIAN_POINT('Line Origine',(-8.04200424722,4.05,-0.75)) ;
#12412=CARTESIAN_POINT('Vertex',(-1.02423139251,4.05,-0.75)) ;
#12415=CARTESIAN_POINT('Axis2P3D Location',(-1.02423139251,4.05,-0.7)) ;
#12427=CARTESIAN_POINT('Axis2P3D Location',(-1.02423139251,4.05,-0.8)) ;
#12432=CARTESIAN_POINT('Axis2P3D Location',(-1.02423139251,4.05,-0.8)) ;
#12436=CARTESIAN_POINT('Vertex',(-0.984820043414,4.05,-0.769230769231)) ;
#12439=CARTESIAN_POINT('Axis2P3D Location',(-0.945408694314,4.05,-0.738461538462)) ;
#12451=CARTESIAN_POINT('Axis2P3D Location',(0.000463684082034,4.05,-4.71482944723E-015)) ;
#12456=CARTESIAN_POINT('Axis2P3D Location',(0.000463684082034,4.05,-4.71482944723E-015)) ;
#12460=CARTESIAN_POINT('Vertex',(1.25046368408,4.05,9.20402770757E-016)) ;
#12463=CARTESIAN_POINT('Axis2P3D Location',(1.20046368408,4.05,-4.5157303267E-016)) ;
#12475=CARTESIAN_POINT('Axis2P3D Location',(0.000463684082031,4.05,-1.27313807089E-015)) ;
#12480=CARTESIAN_POINT('Axis2P3D Location',(0.000463684082031,4.05,-1.27313807089E-015)) ;
#12484=CARTESIAN_POINT('Vertex',(-0.984820043414,4.05,0.769230769231)) ;
#12487=CARTESIAN_POINT('Axis2P3D Location',(-0.945408694314,4.05,0.738461538462)) ;
#12499=CARTESIAN_POINT('Axis2P3D Location',(-1.02423139251,4.05,0.8)) ;
#12504=CARTESIAN_POINT('Axis2P3D Location',(-1.02423139251,4.05,0.8)) ;
#12509=CARTESIAN_POINT('Axis2P3D Location',(-1.02423139251,4.05,0.7)) ;
#12521=CARTESIAN_POINT('Axis2P3D Location',(-8.04200424722,4.05,0.7)) ;
#12526=CARTESIAN_POINT('Axis2P3D Location',(-1.64941119385,4.05,0.7)) ;
#12538=CARTESIAN_POINT('Axis2P3D Location',(-1.64941119385,3.95,0.7)) ;
#12543=CARTESIAN_POINT('Axis2P3D Location',(-1.64941119385,3.95,0.7)) ;
#12547=CARTESIAN_POINT('Vertex',(-1.69941119385,3.95,0.7)) ;
#12550=CARTESIAN_POINT('Axis2P3D Location',(-1.74941119385,3.95,0.7)) ;
#12562=CARTESIAN_POINT('Axis2P3D Location',(-1.74941119385,3.63843895474E-015,0.7)) ;
#12567=CARTESIAN_POINT('Line Origine',(-1.69941119385,3.5527136788E-015,0.7)) ;
#12579=CARTESIAN_POINT('Axis2P3D Location',(-1.64941119385,3.95,-5.94757788126E-016)) ;
#12584=CARTESIAN_POINT('Line Origine',(-1.69941119385,3.95,-6.66133814775E-016)) ;
#12596=CARTESIAN_POINT('Axis2P3D Location',(-1.69941119385,-8.,9.79717439318E-016)) ;
#12601=CARTESIAN_POINT('Line Origine',(-1.69941119385,0.05,-1.11022302463E-016)) ;
#12613=CARTESIAN_POINT('Axis2P3D Location',(-1.64941119385,0.05,-6.12323399574E-018)) ;
#12625=CARTESIAN_POINT('Axis2P3D Location',(-1.02423139251,3.65068542273E-015,0.8)) ;
#12630=CARTESIAN_POINT('Axis2P3D Location',(-1.02423139251,-3.95,0.8)) ;
#12634=CARTESIAN_POINT('Vertex',(-0.984820043414,-3.95,0.769230769231)) ;
#12637=CARTESIAN_POINT('Line Origine',(-0.984820043414,3.5527136788E-015,0.769230769231)) ;
#12649=CARTESIAN_POINT('Axis2P3D Location',(0.000463684082031,-1.7763568394E-015,2.17540971752E-031)) ;
#12654=CARTESIAN_POINT('Axis2P3D Location',(0.000463684082031,-3.95,4.83735485663E-016)) ;
#12658=CARTESIAN_POINT('Vertex',(1.25046368408,-3.95,1.90012021008E-015)) ;
#12661=CARTESIAN_POINT('Line Origine',(1.25046368408,-1.7763568394E-015,3.06161699787E-016)) ;
#12673=CARTESIAN_POINT('Axis2P3D Location',(-1.02423139251,3.45474193487E-015,-0.8)) ;
#12678=CARTESIAN_POINT('Line Origine',(-0.984820043414,3.5527136788E-015,-0.769230769231)) ;
#12682=CARTESIAN_POINT('Vertex',(-0.984820043414,-3.95,-0.769230769231)) ;
#12685=CARTESIAN_POINT('Axis2P3D Location',(-1.02423139251,-3.95,-0.8)) ;
#12689=CARTESIAN_POINT('Vertex',(-1.02423139251,-3.95,-0.75)) ;
#12692=CARTESIAN_POINT('Line Origine',(-1.02423139251,3.5527136788E-015,-0.75)) ;
#12704=CARTESIAN_POINT('Axis2P3D Location',(0.000463684082031,-3.95,4.83735485663E-016)) ;
#12716=CARTESIAN_POINT('Axis2P3D Location',(-1.02423139251,2.76250700303E-015,0.8)) ;
#12721=CARTESIAN_POINT('Line Origine',(-0.984820043414,3.5527136788E-015,0.769230769231)) ;
#12725=CARTESIAN_POINT('Vertex',(-0.984820035579,7.40000001344,0.769230779266)) ;
#12728=CARTESIAN_POINT('Axis2P3D Location',(-1.02423139251,7.4,0.8)) ;
#12740=CARTESIAN_POINT('Line Origine',(1.25046368408,-1.7763568394E-015,3.06161699787E-016)) ;
#12744=CARTESIAN_POINT('Vertex',(1.25046368408,7.95,4.4279051909E-016)) ;
#12747=CARTESIAN_POINT('Axis2P3D Location',(0.000463684082031,7.95,-9.73594205322E-016)) ;
#12751=CARTESIAN_POINT('Vertex',(-1.15481465497,7.95,0.477317461777)) ;
#12755=CARTESIAN_POINT('Control Point',(-1.15481465497,7.95,0.477317461777)) ;
#12756=CARTESIAN_POINT('Control Point',(-1.10023050474,7.86346198668,0.609430555195)) ;
#12757=CARTESIAN_POINT('Control Point',(-1.03380814193,7.73726013192,0.709683147655)) ;
#12758=CARTESIAN_POINT('Control Point',(-0.984820000912,7.57012888189,0.76923082367)) ;
#12759=CARTESIAN_POINT('Control Point',(-0.984820035579,7.40000001344,0.769230779266)) ;
#12769=CARTESIAN_POINT('Axis2P3D Location',(-1.02423139251,3.45474193487E-015,-0.8)) ;
#12774=CARTESIAN_POINT('Line Origine',(-1.02423139251,3.5527136788E-015,-0.75)) ;
#12778=CARTESIAN_POINT('Vertex',(-1.02423139251,7.4,-0.75)) ;
#12781=CARTESIAN_POINT('Axis2P3D Location',(-1.02423139251,7.4,-0.8)) ;
#12785=CARTESIAN_POINT('Vertex',(-0.984820043414,7.4,-0.769230769231)) ;
#12788=CARTESIAN_POINT('Line Origine',(-0.984820043414,3.5527136788E-015,-0.769230769231)) ;
#12801=CARTESIAN_POINT('Control Point',(-1.1548146542,7.95,-0.477317463644)) ;
#12802=CARTESIAN_POINT('Control Point',(-1.10023061603,7.86346212088,-0.609430285225)) ;
#12803=CARTESIAN_POINT('Control Point',(-1.03380453805,7.73724324423,-0.709688718869)) ;
#12804=CARTESIAN_POINT('Control Point',(-0.984820043414,7.57013603984,-0.769230769231)) ;
#12805=CARTESIAN_POINT('Control Point',(-0.984820043414,7.4,-0.769230769231)) ;
#12806=CARTESIAN_POINT('Vertex',(-1.1548146542,7.95,-0.477317463644)) ;
#12809=CARTESIAN_POINT('Axis2P3D Location',(0.000463684082031,7.95,-9.73594205322E-016)) ;
#12823=CARTESIAN_POINT('Control Point',(-0.984820043414,-3.95,0.769230769231)) ;
#12824=CARTESIAN_POINT('Control Point',(-0.990407258818,-3.95,0.762074279085)) ;
#12825=CARTESIAN_POINT('Control Point',(-0.997618858834,-3.95,0.756185978589)) ;
#12826=CARTESIAN_POINT('Control Point',(-1.00607294245,-3.95,0.752060808179)) ;
#12827=CARTESIAN_POINT('Control Point',(-1.01515216748,-3.95,0.75)) ;
#12828=CARTESIAN_POINT('Control Point',(-1.02423139251,-3.95,0.75)) ;
#12829=CARTESIAN_POINT('Control Point',(-0.984296853189,-3.98753011228,0.765928348642)) ;
#12830=CARTESIAN_POINT('Control Point',(-0.990365971869,-3.98372752183,0.76022389742)) ;
#12831=CARTESIAN_POINT('Control Point',(-0.997493556291,-3.98172261221,0.755326470638)) ;
#12832=CARTESIAN_POINT('Control Point',(-1.00536753608,-3.98172261752,0.751466449545)) ;
#12833=CARTESIAN_POINT('Control Point',(-1.01361462657,-3.98372753776,0.748828728153)) ;
#12834=CARTESIAN_POINT('Control Point',(-1.02186171706,-3.98753013882,0.747521983142)) ;
#12835=CARTESIAN_POINT('Control Point',(-0.978542226131,-3.99960807326,0.728754363562)) ;
#12836=CARTESIAN_POINT('Control Point',(-0.982363665555,-3.99992600461,0.727792490249)) ;
#12837=CARTESIAN_POINT('Control Point',(-0.985815950138,-4.00012499979,0.726540866454)) ;
#12838=CARTESIAN_POINT('Control Point',(-0.988989574545,-4.00012499241,0.724893587704)) ;
#12839=CARTESIAN_POINT('Control Point',(-0.992023436782,-3.99992598245,0.722783024586)) ;
#12840=CARTESIAN_POINT('Control Point',(-0.995057299,-3.99960803634,0.720203240873)) ;
#12841=CARTESIAN_POINT('Control Point',(-0.974215750399,-4.,0.7)) ;
#12842=CARTESIAN_POINT('Control Point',(-0.974215750399,-4.,0.7)) ;
#12843=CARTESIAN_POINT('Control Point',(-0.974215750399,-4.,0.7)) ;
#12844=CARTESIAN_POINT('Control Point',(-0.974215750399,-4.,0.7)) ;
#12845=CARTESIAN_POINT('Control Point',(-0.974215750399,-4.,0.7)) ;
#12846=CARTESIAN_POINT('Control Point',(-0.974215750399,-4.,0.7)) ;
#12848=CARTESIAN_POINT('Control Point',(-0.984820043414,-3.95,0.769230769231)) ;
#12849=CARTESIAN_POINT('Control Point',(-0.984820043414,-3.95022319507,0.769230769231)) ;
#12850=CARTESIAN_POINT('Control Point',(-0.984819780918,-3.95044638937,0.769229081677)) ;
#12851=CARTESIAN_POINT('Control Point',(-0.984818347584,-3.95093765891,0.769219867148)) ;
#12852=CARTESIAN_POINT('Control Point',(-0.984816257141,-3.95138633572,0.769206427262)) ;
#12853=CARTESIAN_POINT('Control Point',(-0.984813106732,-3.9518347474,0.769186173802)) ;
#12854=CARTESIAN_POINT('Control Point',(-0.984808898362,-3.95231541274,0.769159118163)) ;
#12855=CARTESIAN_POINT('Control Point',(-0.984804132637,-3.95276992494,0.769128477542)) ;
#12856=CARTESIAN_POINT('Control Point',(-0.984798280624,-3.95322389669,0.769090854508)) ;
#12857=CARTESIAN_POINT('Control Point',(-0.984791527378,-3.95368642432,0.769047435656)) ;
#12858=CARTESIAN_POINT('Control Point',(-0.984783989071,-3.95414856627,0.768998966537)) ;
#12859=CARTESIAN_POINT('Control Point',(-0.984775329807,-3.95460987264,0.768943292)) ;
#12860=CARTESIAN_POINT('Control Point',(-0.984766309943,-3.95505074462,0.768885296167)) ;
#12861=CARTESIAN_POINT('Control Point',(-0.984755904047,-3.95552057173,0.768818384193)) ;
#12862=CARTESIAN_POINT('Control Point',(-0.984744342394,-3.95598924994,0.768744042423)) ;
#12863=CARTESIAN_POINT('Control Point',(-0.984733316111,-3.95640793136,0.768673139091)) ;
#12864=CARTESIAN_POINT('Control Point',(-0.984719973648,-3.95688437367,0.768587335918)) ;
#12865=CARTESIAN_POINT('Control Point',(-0.984705446105,-3.95735934197,0.768493913173)) ;
#12866=CARTESIAN_POINT('Control Point',(-0.984692628487,-3.95775696094,0.768411481276)) ;
#12867=CARTESIAN_POINT('Control Point',(-0.984676313458,-3.9582384106,0.768306549298)) ;
#12868=CARTESIAN_POINT('Control Point',(-0.984658792358,-3.95871805727,0.768193860909)) ;
#12869=CARTESIAN_POINT('Control Point',(-0.984644352855,-3.95909639744,0.768100985585)) ;
#12870=CARTESIAN_POINT('Control Point',(-0.984625060718,-3.95958108035,0.76797688822)) ;
#12871=CARTESIAN_POINT('Control Point',(-0.984604550818,-3.9600636349,0.767844956748)) ;
#12872=CARTESIAN_POINT('Control Point',(-0.984588620774,-3.96042461533,0.767742477807)) ;
#12873=CARTESIAN_POINT('Control Point',(-0.984566036453,-3.96091816093,0.767597179404)) ;
#12874=CARTESIAN_POINT('Control Point',(-0.984542194544,-3.96140918807,0.767443787477)) ;
#12875=CARTESIAN_POINT('Control Point',(-0.984524334603,-3.96176477874,0.767328872229)) ;
#12876=CARTESIAN_POINT('Control Point',(-0.984498351133,-3.9622654269,0.767161673074)) ;
#12877=CARTESIAN_POINT('Control Point',(-0.984471079577,-3.96276315423,0.766986180049)) ;
#12878=CARTESIAN_POINT('Control Point',(-0.984451837313,-3.96310395289,0.766862344708)) ;
#12879=CARTESIAN_POINT('Control Point',(-0.984422829162,-3.96360293021,0.766675642402)) ;
#12880=CARTESIAN_POINT('Control Point',(-0.984392547461,-3.96409867851,0.766480735077)) ;
#12881=CARTESIAN_POINT('Control Point',(-0.984371997933,-3.96442612931,0.76634845623)) ;
#12882=CARTESIAN_POINT('Control Point',(-0.984340042847,-3.96492207633,0.7661427386)) ;
#12883=CARTESIAN_POINT('Control Point',(-0.984306835637,-3.96541450909,0.765928948595)) ;
#12884=CARTESIAN_POINT('Control Point',(-0.984285043481,-3.96572981094,0.765788635604)) ;
#12885=CARTESIAN_POINT('Control Point',(-0.984250229985,-3.96622153503,0.765564459155)) ;
#12886=CARTESIAN_POINT('Control Point',(-0.984214191523,-3.9667094843,0.765332379419)) ;
#12887=CARTESIAN_POINT('Control Point',(-0.98419121633,-3.96701359975,0.765184409072)) ;
#12888=CARTESIAN_POINT('Control Point',(-0.984153639211,-3.96750008553,0.764942370119)) ;
#12889=CARTESIAN_POINT('Control Point',(-0.984114868816,-3.96798256105,0.76469262577)) ;
#12890=CARTESIAN_POINT('Control Point',(-0.984090763032,-3.96827631266,0.764537328778)) ;
#12891=CARTESIAN_POINT('Control Point',(-0.984050520588,-3.96875670188,0.764278045874)) ;
#12892=CARTESIAN_POINT('Control Point',(-0.984009120025,-3.96923287029,0.764011277478)) ;
#12893=CARTESIAN_POINT('Control Point',(-0.983983934704,-3.96951691391,0.763848975579)) ;
#12894=CARTESIAN_POINT('Control Point',(-0.983941129084,-3.9699904613,0.76357309186)) ;
#12895=CARTESIAN_POINT('Control Point',(-0.983897203153,-3.97045960187,0.763289959406)) ;
#12896=CARTESIAN_POINT('Control Point',(-0.983870986989,-3.97073448168,0.763120959157)) ;
#12897=CARTESIAN_POINT('Control Point',(-0.983824559842,-3.97121251694,0.762821635723)) ;
#12898=CARTESIAN_POINT('Control Point',(-0.983776995887,-3.97168574533,0.762514948334)) ;
#12899=CARTESIAN_POINT('Control Point',(-0.983748364431,-3.97196543836,0.762330312928)) ;
#12900=CARTESIAN_POINT('Control Point',(-0.983698211232,-3.97244660964,0.76200684986)) ;
#12901=CARTESIAN_POINT('Control Point',(-0.983646911598,-3.97292257015,0.761675950614)) ;
#12902=CARTESIAN_POINT('Control Point',(-0.983617245825,-3.97319307113,0.761484572504)) ;
#12903=CARTESIAN_POINT('Control Point',(-0.983564611507,-3.97366485266,0.761144977388)) ;
#12904=CARTESIAN_POINT('Control Point',(-0.983510879147,-3.97413128699,0.760798249674)) ;
#12905=CARTESIAN_POINT('Control Point',(-0.983480231349,-3.97439296283,0.760600457816)) ;
#12906=CARTESIAN_POINT('Control Point',(-0.983425234326,-3.9748549211,0.760245476598)) ;
#12907=CARTESIAN_POINT('Control Point',(-0.983369187891,-3.97531141938,0.759883667925)) ;
#12908=CARTESIAN_POINT('Control Point',(-0.983337608468,-3.97556458789,0.75967977932)) ;
#12909=CARTESIAN_POINT('Control Point',(-0.983280366208,-3.97601635564,0.75931015224)) ;
#12910=CARTESIAN_POINT('Control Point',(-0.983222122976,-3.97646257254,0.758934001762)) ;
#12911=CARTESIAN_POINT('Control Point',(-0.983189662969,-3.9767074942,0.75872433781)) ;
#12912=CARTESIAN_POINT('Control Point',(-0.983130288767,-3.97714878384,0.758340778723)) ;
#12913=CARTESIAN_POINT('Control Point',(-0.983069961412,-3.97758445139,0.757950996444)) ;
#12914=CARTESIAN_POINT('Control Point',(-0.983036666591,-3.97782138327,0.757735844822)) ;
#12915=CARTESIAN_POINT('Control Point',(-0.98297526876,-3.97825197627,0.757339035971)) ;
#12916=CARTESIAN_POINT('Control Point',(-0.982912964628,-3.97867689338,0.756936298121)) ;
#12917=CARTESIAN_POINT('Control Point',(-0.982878881119,-3.97890605117,0.756715949118)) ;
#12918=CARTESIAN_POINT('Control Point',(-0.982815565766,-3.97932576808,0.756306559166)) ;
#12919=CARTESIAN_POINT('Control Point',(-0.982751389822,-3.97973977106,0.755891527279)) ;
#12920=CARTESIAN_POINT('Control Point',(-0.982716561645,-3.97996135328,0.755666257924)) ;
#12921=CARTESIAN_POINT('Control Point',(-0.982649204443,-3.98038403063,0.755230527692)) ;
#12922=CARTESIAN_POINT('Control Point',(-0.982580974284,-3.98080057099,0.754789061422)) ;
#12923=CARTESIAN_POINT('Control Point',(-0.982542966643,-3.98102927332,0.754543104247)) ;
#12924=CARTESIAN_POINT('Control Point',(-0.982471461406,-3.98145340858,0.754080303609)) ;
#12925=CARTESIAN_POINT('Control Point',(-0.98239907703,-3.98187098187,0.75361171124)) ;
#12926=CARTESIAN_POINT('Control Point',(-0.982360316577,-3.98209144515,0.753360749433)) ;
#12927=CARTESIAN_POINT('Control Point',(-0.982286968419,-3.98250282013,0.75288576821)) ;
#12928=CARTESIAN_POINT('Control Point',(-0.982212791446,-3.98290763332,0.752405311511)) ;
#12929=CARTESIAN_POINT('Control Point',(-0.982173325566,-3.98312004765,0.752149643579)) ;
#12930=CARTESIAN_POINT('Control Point',(-0.982098243934,-3.98351862096,0.751663172005)) ;
#12931=CARTESIAN_POINT('Control Point',(-0.982022381757,-3.98391064462,0.751171528379)) ;
#12932=CARTESIAN_POINT('Control Point',(-0.98198225509,-3.98411519102,0.750911435561)) ;
#12933=CARTESIAN_POINT('Control Point',(-0.981905545543,-3.98450094519,0.750414139766)) ;
#12934=CARTESIAN_POINT('Control Point',(-0.981828101665,-3.98488017228,0.749911962521)) ;
#12935=CARTESIAN_POINT('Control Point',(-0.981787358341,-3.98507701346,0.749647723273)) ;
#12936=CARTESIAN_POINT('Control Point',(-0.981709120168,-3.98544996399,0.749140229849)) ;
#12937=CARTESIAN_POINT('Control Point',(-0.981630191794,-3.9858164186,0.748628132587)) ;
#12938=CARTESIAN_POINT('Control Point',(-0.981588870473,-3.98600572484,0.748359990393)) ;
#12939=CARTESIAN_POINT('Control Point',(-0.981509196594,-3.98636591476,0.747842885727)) ;
#12940=CARTESIAN_POINT('Control Point',(-0.981428874572,-3.98671964685,0.747321441886)) ;
#12941=CARTESIAN_POINT('Control Point',(-0.98138701345,-3.98690157213,0.747049637729)) ;
#12942=CARTESIAN_POINT('Control Point',(-0.981305993369,-3.98724905541,0.746523487109)) ;
#12943=CARTESIAN_POINT('Control Point',(-0.9812243652,-3.98759012486,0.745993249495)) ;
#12944=CARTESIAN_POINT('Control Point',(-0.98118200004,-3.98776481784,0.745718009047)) ;
#12945=CARTESIAN_POINT('Control Point',(-0.981096795072,-3.98811156083,0.745164351642)) ;
#12946=CARTESIAN_POINT('Control Point',(-0.981010978904,-3.98845147844,0.744606569088)) ;
#12947=CARTESIAN_POINT('Control Point',(-0.980965052945,-3.98863083701,0.744308008281)) ;
#12948=CARTESIAN_POINT('Control Point',(-0.980875597565,-3.988975297,0.743726361113)) ;
#12949=CARTESIAN_POINT('Control Point',(-0.980785532832,-3.98931252067,0.743140581445)) ;
#12950=CARTESIAN_POINT('Control Point',(-0.980739106143,-3.98948390671,0.742838567782)) ;
#12951=CARTESIAN_POINT('Control Point',(-0.980648391602,-3.98981407315,0.742248346373)) ;
#12952=CARTESIAN_POINT('Control Point',(-0.980557109799,-3.9901370718,0.74165425796)) ;
#12953=CARTESIAN_POINT('Control Point',(-0.980510219299,-3.99030064433,0.741349024865)) ;
#12954=CARTESIAN_POINT('Control Point',(-0.980418334063,-3.99061663824,0.740750789344)) ;
#12955=CARTESIAN_POINT('Control Point',(-0.980325921413,-3.99092553566,0.740148938375)) ;
#12956=CARTESIAN_POINT('Control Point',(-0.980278601508,-3.99108144753,0.739840703498)) ;
#12957=CARTESIAN_POINT('Control Point',(-0.980185630087,-3.99138339418,0.739234989558)) ;
#12958=CARTESIAN_POINT('Control Point',(-0.980092168985,-3.9916783176,0.738625898589)) ;
#12959=CARTESIAN_POINT('Control Point',(-0.980044453232,-3.9918267109,0.738314874626)) ;
#12960=CARTESIAN_POINT('Control Point',(-0.979950474651,-3.99211474427,0.737702183509)) ;
#12961=CARTESIAN_POINT('Control Point',(-0.97985604211,-3.99239582871,0.73708634131)) ;
#12962=CARTESIAN_POINT('Control Point',(-0.979807959858,-3.99253684604,0.736772714073)) ;
#12963=CARTESIAN_POINT('Control Point',(-0.979712920495,-3.99281147412,0.736152682912)) ;
#12964=CARTESIAN_POINT('Control Point',(-0.979617459865,-3.99307920935,0.73552970694)) ;
#12965=CARTESIAN_POINT('Control Point',(-0.979569552458,-3.99321156649,0.735217004667)) ;
#12966=CARTESIAN_POINT('Control Point',(-0.979473541308,-3.99347284572,0.734590201414)) ;
#12967=CARTESIAN_POINT('Control Point',(-0.979377140143,-3.99372729125,0.733960650863)) ;
#12968=CARTESIAN_POINT('Control Point',(-0.979328845294,-3.99385281358,0.733645200632)) ;
#12969=CARTESIAN_POINT('Control Point',(-0.979229028701,-3.99410825916,0.732993100445)) ;
#12970=CARTESIAN_POINT('Control Point',(-0.979128829942,-3.99435651854,0.732338285672)) ;
#12971=CARTESIAN_POINT('Control Point',(-0.979077103924,-3.99448253756,0.732000180067)) ;
#12972=CARTESIAN_POINT('Control Point',(-0.978973464916,-3.99473078692,0.731322611004)) ;
#12973=CARTESIAN_POINT('Control Point',(-0.978869455056,-3.99497149811,0.730642381862)) ;
#12974=CARTESIAN_POINT('Control Point',(-0.978817360979,-3.99508997788,0.730301615626)) ;
#12975=CARTESIAN_POINT('Control Point',(-0.978713002575,-3.99532319501,0.729618832273)) ;
#12976=CARTESIAN_POINT('Control Point',(-0.978608306385,-3.99554896476,0.728933599622)) ;
#12977=CARTESIAN_POINT('Control Point',(-0.978555877343,-3.99565999596,0.728590384175)) ;
#12978=CARTESIAN_POINT('Control Point',(-0.978450864656,-3.99587836116,0.727902802622)) ;
#12979=CARTESIAN_POINT('Control Point',(-0.978345545463,-3.99608936687,0.727212971534)) ;
#12980=CARTESIAN_POINT('Control Point',(-0.978292812591,-3.99619303768,0.7268675061)) ;
#12981=CARTESIAN_POINT('Control Point',(-0.978187207818,-3.9963967242,0.726175524624)) ;
#12982=CARTESIAN_POINT('Control Point',(-0.978081326178,-3.99659313607,0.725481483254)) ;
#12983=CARTESIAN_POINT('Control Point',(-0.978028319733,-3.99668953013,0.725133961915)) ;
#12984=CARTESIAN_POINT('Control Point',(-0.977922181287,-3.99687870621,0.724437955187)) ;
#12985=CARTESIAN_POINT('Control Point',(-0.977815794095,-3.99706068911,0.723740068877)) ;
#12986=CARTESIAN_POINT('Control Point',(-0.977762541478,-3.99714988923,0.72339066758)) ;
#12987=CARTESIAN_POINT('Control Point',(-0.977655924186,-3.99732471719,0.722690987921)) ;
#12988=CARTESIAN_POINT('Control Point',(-0.977549084873,-3.99749242978,0.721989600416)) ;
#12989=CARTESIAN_POINT('Control Point',(-0.977495612824,-3.99757451376,0.721638491326)) ;
#12990=CARTESIAN_POINT('Control Point',(-0.977388569399,-3.99773514752,0.720935478296)) ;
#12991=CARTESIAN_POINT('Control Point',(-0.9772813294,-3.99788874004,0.720230921324)) ;
#12992=CARTESIAN_POINT('Control Point',(-0.977227663263,-3.99796378215,0.719878267975)) ;
#12993=CARTESIAN_POINT('Control Point',(-0.977061420857,-3.998190639,0.718785626516)) ;
#12994=CARTESIAN_POINT('Control Point',(-0.976894765782,-3.99840079996,0.717689662657)) ;
#12995=CARTESIAN_POINT('Control Point',(-0.976781786028,-3.99853546541,0.716946363421)) ;
#12996=CARTESIAN_POINT('Control Point',(-0.976555533794,-3.99878969222,0.715457205987)) ;
#12997=CARTESIAN_POINT('Control Point',(-0.976328733731,-3.99901390813,0.713963311391)) ;
#12998=CARTESIAN_POINT('Control Point',(-0.976215217059,-3.99911855985,0.713215277037)) ;
#12999=CARTESIAN_POINT('Control Point',(-0.975748743893,-3.99951778583,0.710140079467)) ;
#13000=CARTESIAN_POINT('Control Point',(-0.975280769697,-3.99979269786,0.707050188797)) ;
#13001=CARTESIAN_POINT('Control Point',(-0.974952345399,-3.99993083362,0.704672161329)) ;
#13002=CARTESIAN_POINT('Control Point',(-0.974586939109,-4.,0.702334574019)) ;
#13003=CARTESIAN_POINT('Control Point',(-0.974215750399,-4.,0.7)) ;
#13006=CARTESIAN_POINT('Control Point',(-1.02423139251,-3.95,0.75)) ;
#13007=CARTESIAN_POINT('Control Point',(-1.02423139251,-3.95022319507,0.75)) ;
#13008=CARTESIAN_POINT('Control Point',(-1.02423017713,-3.95044638937,0.749998754599)) ;
#13009=CARTESIAN_POINT('Control Point',(-1.0242235408,-3.95093765891,0.74999195434)) ;
#13010=CARTESIAN_POINT('Control Point',(-1.02421386124,-3.95138633572,0.749982035964)) ;
#13011=CARTESIAN_POINT('Control Point',(-1.02419927459,-3.9518347474,0.749967089329)) ;
#13012=CARTESIAN_POINT('Control Point',(-1.02417978888,-3.95231541274,0.749947123129)) ;
#13013=CARTESIAN_POINT('Control Point',(-1.02415772101,-3.95276992494,0.749924511832)) ;
#13014=CARTESIAN_POINT('Control Point',(-1.02413062446,-3.95322389669,0.74989674826)) ;
#13015=CARTESIAN_POINT('Control Point',(-1.02409935345,-3.95368642432,0.749864708522)) ;
#13016=CARTESIAN_POINT('Control Point',(-1.02406444476,-3.95414856627,0.749828943166)) ;
#13017=CARTESIAN_POINT('Control Point',(-1.02402434671,-3.95460987264,0.749787862083)) ;
#13018=CARTESIAN_POINT('Control Point',(-1.0239825764,-3.95505074462,0.749745069617)) ;
#13019=CARTESIAN_POINT('Control Point',(-1.02393438383,-3.95552057173,0.749695700245)) ;
#13020=CARTESIAN_POINT('Control Point',(-1.02388084011,-3.95598924994,0.749640851264)) ;
#13021=CARTESIAN_POINT('Control Point',(-1.0238297723,-3.95640793136,0.749588541357)) ;
#13022=CARTESIAN_POINT('Control Point',(-1.02376797211,-3.95688437367,0.749525241836)) ;
#13023=CARTESIAN_POINT('Control Point',(-1.02370068381,-3.95735934197,0.749456324973)) ;
#13024=CARTESIAN_POINT('Control Point',(-1.02364131097,-3.95775696094,0.749395518982)) ;
#13025=CARTESIAN_POINT('Control Point',(-1.02356573097,-3.9582384106,0.749318119974)) ;
#13026=CARTESIAN_POINT('Control Point',(-1.02348456393,-3.95871805727,0.749235005574)) ;
#13027=CARTESIAN_POINT('Control Point',(-1.02341766686,-3.95909639744,0.749166508444)) ;
#13028=CARTESIAN_POINT('Control Point',(-1.02332827945,-3.95958108035,0.749074990164)) ;
#13029=CARTESIAN_POINT('Control Point',(-1.02323324856,-3.9600636349,0.748977702672)) ;
#13030=CARTESIAN_POINT('Control Point',(-1.02315943131,-3.96042461533,0.748902138661)) ;
#13031=CARTESIAN_POINT('Control Point',(-1.0230547687,-3.96091816093,0.74879500859)) ;
#13032=CARTESIAN_POINT('Control Point',(-1.02294427512,-3.96140918807,0.748681922416)) ;
#13033=CARTESIAN_POINT('Control Point',(-1.02286149619,-3.96176477874,0.748597208953)) ;
#13034=CARTESIAN_POINT('Control Point',(-1.02274105241,-3.9622654269,0.748473962334)) ;
#13035=CARTESIAN_POINT('Control Point',(-1.02261463258,-3.96276315423,0.748344617224)) ;
#13036=CARTESIAN_POINT('Control Point',(-1.02252542369,-3.96310395289,0.748253353241)) ;
#13037=CARTESIAN_POINT('Control Point',(-1.02239092384,-3.96360293021,0.74811576934)) ;
#13038=CARTESIAN_POINT('Control Point',(-1.0222505111,-3.96409867851,0.74797215796)) ;
#13039=CARTESIAN_POINT('Control Point',(-1.02215521451,-3.96442612931,0.747874701023)) ;
#13040=CARTESIAN_POINT('Control Point',(-1.02200700791,-3.96492207633,0.747723151682)) ;
#13041=CARTESIAN_POINT('Control Point',(-1.02185298306,-3.96541450909,0.747565678586)) ;
#13042=CARTESIAN_POINT('Control Point',(-1.02175189255,-3.96572981094,0.747462336884)) ;
#13043=CARTESIAN_POINT('Control Point',(-1.02159037791,-3.96622153503,0.747297245249)) ;
#13044=CARTESIAN_POINT('Control Point',(-1.02142316583,-3.9667094843,0.747126360795)) ;
#13045=CARTESIAN_POINT('Control Point',(-1.02131655174,-3.96701359975,0.747017418632)) ;
#13046=CARTESIAN_POINT('Control Point',(-1.02114215635,-3.96750008553,0.746839237716)) ;
#13047=CARTESIAN_POINT('Control Point',(-1.02096220506,-3.96798256105,0.746655416415)) ;
#13048=CARTESIAN_POINT('Control Point',(-1.02085030451,-3.96827631266,0.746541124246)) ;
#13049=CARTESIAN_POINT('Control Point',(-1.02066347167,-3.96875670188,0.746350323838)) ;
#13050=CARTESIAN_POINT('Control Point',(-1.02047124028,-3.96923287029,0.746154051905)) ;
#13051=CARTESIAN_POINT('Control Point',(-1.02035428394,-3.96951691391,0.746034653618)) ;
#13052=CARTESIAN_POINT('Control Point',(-1.02015547462,-3.9699904613,0.745831721867)) ;
#13053=CARTESIAN_POINT('Control Point',(-1.01995143624,-3.97045960187,0.745623499996)) ;
#13054=CARTESIAN_POINT('Control Point',(-1.01982964385,-3.97073448168,0.745499228308)) ;
#13055=CARTESIAN_POINT('Control Point',(-1.01961392689,-3.97121251694,0.745279152368)) ;
#13056=CARTESIAN_POINT('Control Point',(-1.01939289633,-3.97168574533,0.745053711455)) ;
#13057=CARTESIAN_POINT('Control Point',(-1.01925982552,-3.97196543836,0.744918006805)) ;
#13058=CARTESIAN_POINT('Control Point',(-1.0190266923,-3.97244660964,0.744680297519)) ;
#13059=CARTESIAN_POINT('Control Point',(-1.01878819176,-3.97292257015,0.744437181291)) ;
#13060=CARTESIAN_POINT('Control Point',(-1.01865024942,-3.97319307113,0.744296592466)) ;
#13061=CARTESIAN_POINT('Control Point',(-1.01840546789,-3.97366485266,0.744047156442)) ;
#13062=CARTESIAN_POINT('Control Point',(-1.0181555365,-3.97413128699,0.743792545292)) ;
#13063=CARTESIAN_POINT('Control Point',(-1.01801295844,-3.97439296283,0.743647322366)) ;
#13064=CARTESIAN_POINT('Control Point',(-1.01775706345,-3.9748549211,0.743386725641)) ;
#13065=CARTESIAN_POINT('Control Point',(-1.01749623721,-3.97531141938,0.743121186659)) ;
#13066=CARTESIAN_POINT('Control Point',(-1.01734925069,-3.97556458789,0.742971570733)) ;
#13067=CARTESIAN_POINT('Control Point',(-1.01708277308,-3.97601635564,0.742700374812)) ;
#13068=CARTESIAN_POINT('Control Point',(-1.01681158211,-3.97646257254,0.74242446855)) ;
#13069=CARTESIAN_POINT('Control Point',(-1.01666041759,-3.9767074942,0.742270703721)) ;
#13070=CARTESIAN_POINT('Control Point',(-1.01638386933,-3.97714878384,0.741989450295)) ;
#13071=CARTESIAN_POINT('Control Point',(-1.01610282284,-3.97758445139,0.741703715427)) ;
#13072=CARTESIAN_POINT('Control Point',(-1.01594768655,-3.97782138327,0.741546020794)) ;
#13073=CARTESIAN_POINT('Control Point',(-1.01566155692,-3.97825197627,0.741255227873)) ;
#13074=CARTESIAN_POINT('Control Point',(-1.01537113992,-3.97867689338,0.740960177769)) ;
#13075=CARTESIAN_POINT('Control Point',(-1.01521224006,-3.97890605117,0.740798774071)) ;
#13076=CARTESIAN_POINT('Control Point',(-1.01491700869,-3.97932576808,0.740498949143)) ;
#13077=CARTESIAN_POINT('Control Point',(-1.01461769574,-3.97973977106,0.740195085806)) ;
#13078=CARTESIAN_POINT('Control Point',(-1.01445523099,-3.97996135328,0.740030183762)) ;
#13079=CARTESIAN_POINT('Control Point',(-1.01414097198,-3.98038403063,0.739711273978)) ;
#13080=CARTESIAN_POINT('Control Point',(-1.01382256139,-3.98080057099,0.739388272195)) ;
#13081=CARTESIAN_POINT('Control Point',(-1.01364515735,-3.98102927332,0.739208349104)) ;
#13082=CARTESIAN_POINT('Control Point',(-1.01331133763,-3.98145340858,0.738869863314)) ;
#13083=CARTESIAN_POINT('Control Point',(-1.01297332382,-3.98187098187,0.738527261704)) ;
#13084=CARTESIAN_POINT('Control Point',(-1.01279228947,-3.98209144515,0.73834381084)) ;
#13085=CARTESIAN_POINT('Control Point',(-1.01244964484,-3.98250282013,0.737996670064)) ;
#13086=CARTESIAN_POINT('Control Point',(-1.01210303294,-3.98290763332,0.737645654339)) ;
#13087=CARTESIAN_POINT('Control Point',(-1.0119185825,-3.98312004765,0.73745890265)) ;
#13088=CARTESIAN_POINT('Control Point',(-1.01156760836,-3.98351862096,0.737103630738)) ;
#13089=CARTESIAN_POINT('Control Point',(-1.01121288463,-3.98391064462,0.736744714932)) ;
#13090=CARTESIAN_POINT('Control Point',(-1.01102521997,-3.98411519102,0.736554876296)) ;
#13091=CARTESIAN_POINT('Control Point',(-1.01066639457,-3.98450094519,0.736191978522)) ;
#13092=CARTESIAN_POINT('Control Point',(-1.01030402809,-3.98488017228,0.735825658085)) ;
#13093=CARTESIAN_POINT('Control Point',(-1.01011334919,-3.98507701346,0.735632943887)) ;
#13094=CARTESIAN_POINT('Control Point',(-1.00974712245,-3.98544996399,0.735262895672)) ;
#13095=CARTESIAN_POINT('Control Point',(-1.00937755388,-3.9858164186,0.734889636084)) ;
#13096=CARTESIAN_POINT('Control Point',(-1.00918403555,-3.98600572484,0.734694231739)) ;
#13097=CARTESIAN_POINT('Control Point',(-1.0088108286,-3.98636591476,0.734317478208)) ;
#13098=CARTESIAN_POINT('Control Point',(-1.00843446983,-3.98671964685,0.733937714698)) ;
#13099=CARTESIAN_POINT('Control Point',(-1.00823828519,-3.98690157213,0.733739803362)) ;
#13100=CARTESIAN_POINT('Control Point',(-1.00785850413,-3.98724905541,0.733356773297)) ;
#13101=CARTESIAN_POINT('Control Point',(-1.00747575234,-3.98759012486,0.732970925088)) ;
#13102=CARTESIAN_POINT('Control Point',(-1.00727706357,-3.98776481784,0.73277067832)) ;
#13103=CARTESIAN_POINT('Control Point',(-1.00687737981,-3.98811156083,0.732367960336)) ;
#13104=CARTESIAN_POINT('Control Point',(-1.00647469538,-3.98845147844,0.731962416154)) ;
#13105=CARTESIAN_POINT('Control Point',(-1.00625914535,-3.98863083701,0.731745393493)) ;
#13106=CARTESIAN_POINT('Control Point',(-1.00583920249,-3.988975297,0.731322695456)) ;
#13107=CARTESIAN_POINT('Control Point',(-1.00541625114,-3.98931252067,0.7308971872)) ;
#13108=CARTESIAN_POINT('Control Point',(-1.00519818008,-3.98948390671,0.730677857389)) ;
#13109=CARTESIAN_POINT('Control Point',(-1.00477199165,-3.98981407315,0.730249325905)) ;
#13110=CARTESIAN_POINT('Control Point',(-1.00434298557,-3.9901370718,0.729818185916)) ;
#13111=CARTESIAN_POINT('Control Point',(-1.00412256138,-3.99030064433,0.729596726252)) ;
#13112=CARTESIAN_POINT('Control Point',(-1.0036905303,-3.99061663824,0.729162785575)) ;
#13113=CARTESIAN_POINT('Control Point',(-1.00325586246,-3.99092553566,0.728726427405)) ;
#13114=CARTESIAN_POINT('Control Point',(-1.00303324178,-3.99108144753,0.728503003211)) ;
#13115=CARTESIAN_POINT('Control Point',(-1.00259575355,-3.99138339418,0.728064058665)) ;
#13116=CARTESIAN_POINT('Control Point',(-1.00215580009,-3.9916783176,0.727622877543)) ;
#13117=CARTESIAN_POINT('Control Point',(-1.00193113608,-3.9918267109,0.72739765003)) ;
#13118=CARTESIAN_POINT('Control Point',(-1.00148855156,-3.99211474427,0.726954080791)) ;
#13119=CARTESIAN_POINT('Control Point',(-1.00104366443,-3.99239582871,0.726508446299)) ;
#13120=CARTESIAN_POINT('Control Point',(-1.00081709092,-3.99253684604,0.72628155671)) ;
#13121=CARTESIAN_POINT('Control Point',(-1.0003691469,-3.99281147412,0.725833115826)) ;
#13122=CARTESIAN_POINT('Control Point',(-0.999919048725,-3.99307920935,0.725382766835)) ;
#13123=CARTESIAN_POINT('Control Point',(-0.999693114617,-3.99321156649,0.725156771569)) ;
#13124=CARTESIAN_POINT('Control Point',(-0.999240220469,-3.99347284572,0.724703885025)) ;
#13125=CARTESIAN_POINT('Control Point',(-0.998785314397,-3.99372729125,0.724249240602)) ;
#13126=CARTESIAN_POINT('Control Point',(-0.998557365947,-3.99385281358,0.724021489126)) ;
#13127=CARTESIAN_POINT('Control Point',(-0.998086134039,-3.99410825916,0.723550800981)) ;
#13128=CARTESIAN_POINT('Control Point',(-0.997612911801,-3.99435651854,0.723078399847)) ;
#13129=CARTESIAN_POINT('Control Point',(-0.997368560597,-3.99448253756,0.722834548265)) ;
#13130=CARTESIAN_POINT('Control Point',(-0.996878859586,-3.99473078692,0.722346000557)) ;
#13131=CARTESIAN_POINT('Control Point',(-0.996387205582,-3.99497149811,0.721855801637)) ;
#13132=CARTESIAN_POINT('Control Point',(-0.996140898919,-3.99508997788,0.721610300752)) ;
#13133=CARTESIAN_POINT('Control Point',(-0.995647364254,-3.99532319501,0.721118534975)) ;
#13134=CARTESIAN_POINT('Control Point',(-0.995152028746,-3.99554896476,0.720625276693)) ;
#13135=CARTESIAN_POINT('Control Point',(-0.994903919301,-3.99565999596,0.720378285623)) ;
#13136=CARTESIAN_POINT('Control Point',(-0.994406851503,-3.99587836116,0.719883614854)) ;
#13137=CARTESIAN_POINT('Control Point',(-0.993908127154,-3.99608936687,0.719387601768)) ;
#13138=CARTESIAN_POINT('Control Point',(-0.993658358886,-3.99619303768,0.719139270262)) ;
#13139=CARTESIAN_POINT('Control Point',(-0.9931580458,-3.9963967242,0.718641993594)) ;
#13140=CARTESIAN_POINT('Control Point',(-0.992656213235,-3.99659313607,0.718143516949)) ;
#13141=CARTESIAN_POINT('Control Point',(-0.992404926483,-3.99668953013,0.717893990489)) ;
#13142=CARTESIAN_POINT('Control Point',(-0.991901639078,-3.99687870621,0.717394388915)) ;
#13143=CARTESIAN_POINT('Control Point',(-0.991396962614,-3.99706068911,0.716893722448)) ;
#13144=CARTESIAN_POINT('Control Point',(-0.991144284697,-3.99714988923,0.716643132943)) ;
#13145=CARTESIAN_POINT('Control Point',(-0.990638277957,-3.99732471719,0.716141470327)) ;
#13146=CARTESIAN_POINT('Control Point',(-0.990131006465,-3.99749242978,0.71563887122)) ;
#13147=CARTESIAN_POINT('Control Point',(-0.98987706205,-3.99757451376,0.715387347342)) ;
#13148=CARTESIAN_POINT('Control Point',(-0.989368581898,-3.99773514752,0.714883877348)) ;
#13149=CARTESIAN_POINT('Control Point',(-0.988858955721,-3.99788874004,0.71437959314)) ;
#13150=CARTESIAN_POINT('Control Point',(-0.988603863312,-3.99796378215,0.71412725686)) ;
#13151=CARTESIAN_POINT('Control Point',(-0.987813474139,-3.998190639,0.713345662498)) ;
#13152=CARTESIAN_POINT('Control Point',(-0.987020612319,-3.99840079996,0.712562397436)) ;
#13153=CARTESIAN_POINT('Control Point',(-0.986482846228,-3.99853546541,0.712031505531)) ;
#13154=CARTESIAN_POINT('Control Point',(-0.985405393472,-3.99878969222,0.710968558943)) ;
#13155=CARTESIAN_POINT('Control Point',(-0.984324390177,-3.99901390813,0.709903552371)) ;
#13156=CARTESIAN_POINT('Control Point',(-0.983783067965,-3.99911855985,0.709370610517)) ;
#13157=CARTESIAN_POINT('Control Point',(-0.981557535137,-3.99951778583,0.707181055034)) ;
#13158=CARTESIAN_POINT('Control Point',(-0.979320870799,-3.99979269786,0.704986698525)) ;
#13159=CARTESIAN_POINT('Control Point',(-0.97760969366,-3.99993036654,0.703337866531)) ;
#13160=CARTESIAN_POINT('Control Point',(-0.97591272203,-4.,0.701668933265)) ;
#13161=CARTESIAN_POINT('Control Point',(-0.974215750399,-4.,0.7)) ;
#13169=CARTESIAN_POINT('Axis2P3D Location',(0.000463684082032,-3.95,1.56620293467E-015)) ;
#13174=CARTESIAN_POINT('Axis2P3D Location',(1.20046368408,-3.95,1.43297617172E-015)) ;
#13186=CARTESIAN_POINT('Axis2P3D Location',(-8.04447375488,-3.95,0.7)) ;
#13191=CARTESIAN_POINT('Axis2P3D Location',(-1.64941119385,-3.95,0.7)) ;
#13203=CARTESIAN_POINT('Axis2P3D Location',(-1.64941119385,-4.05,0.7)) ;
#13208=CARTESIAN_POINT('Axis2P3D Location',(-1.64941119385,-4.05,0.7)) ;
#13212=CARTESIAN_POINT('Vertex',(-1.69941119385,-4.05,0.7)) ;
#13215=CARTESIAN_POINT('Axis2P3D Location',(-1.74941119385,-4.05,0.7)) ;
#13227=CARTESIAN_POINT('Axis2P3D Location',(-1.74941119385,3.63843895474E-015,0.7)) ;
#13232=CARTESIAN_POINT('Line Origine',(-1.69941119385,3.5527136788E-015,0.7)) ;
#13236=CARTESIAN_POINT('Vertex',(-1.69941119385,-7.4,0.7)) ;
#13239=CARTESIAN_POINT('Axis2P3D Location',(-1.74941119385,-7.4,0.7)) ;
#13251=CARTESIAN_POINT('Axis2P3D Location',(-1.74941119385,-7.4,0.15)) ;
#13256=CARTESIAN_POINT('Axis2P3D Location',(-1.69941119385,-7.4,0.15)) ;
#13260=CARTESIAN_POINT('Vertex',(-1.69941119385,-7.95,0.15)) ;
#13263=CARTESIAN_POINT('Axis2P3D Location',(-1.74941119385,-7.4,0.15)) ;
#13267=CARTESIAN_POINT('Vertex',(-1.74941119385,-8.,0.15)) ;
#13270=CARTESIAN_POINT('Axis2P3D Location',(-1.74941119385,-7.95,0.15)) ;
#13282=CARTESIAN_POINT('Axis2P3D Location',(-1.74941119385,-7.95,9.73594205322E-016)) ;
#13287=CARTESIAN_POINT('Line Origine',(-1.69941119385,-7.95,8.881784197E-016)) ;
#13291=CARTESIAN_POINT('Vertex',(-1.69941119385,-7.95,-0.15)) ;
#13294=CARTESIAN_POINT('Line Origine',(-1.74941119385,-8.,8.881784197E-016)) ;
#13298=CARTESIAN_POINT('Vertex',(-1.74941119385,-8.,-0.15)) ;
#13301=CARTESIAN_POINT('Axis2P3D Location',(-1.74941119385,-7.95,-0.15)) ;
#13313=CARTESIAN_POINT('Axis2P3D Location',(-1.74941119385,-7.4,-0.15)) ;
#13318=CARTESIAN_POINT('Axis2P3D Location',(-1.69941119385,-7.4,-0.15)) ;
#13322=CARTESIAN_POINT('Vertex',(-1.69941119385,-7.4,-0.7)) ;
#13325=CARTESIAN_POINT('Axis2P3D Location',(-1.74941119385,-7.4,-0.15)) ;
#13329=CARTESIAN_POINT('Vertex',(-1.74941119385,-7.4,-0.75)) ;
#13332=CARTESIAN_POINT('Axis2P3D Location',(-1.74941119385,-7.4,-0.7)) ;
#13344=CARTESIAN_POINT('Axis2P3D Location',(-1.74941119385,3.46698840286E-015,-0.7)) ;
#13349=CARTESIAN_POINT('Line Origine',(-1.69941119385,3.5527136788E-015,-0.7)) ;
#13353=CARTESIAN_POINT('Vertex',(-1.69941119385,-4.05,-0.7)) ;
#13356=CARTESIAN_POINT('Line Origine',(-1.74941119385,3.5527136788E-015,-0.75)) ;
#13360=CARTESIAN_POINT('Vertex',(-1.74941119385,-4.05,-0.75)) ;
#13363=CARTESIAN_POINT('Axis2P3D Location',(-1.74941119385,-4.05,-0.7)) ;
#13375=CARTESIAN_POINT('Axis2P3D Location',(-1.64941119385,-4.05,-0.7)) ;
#13380=CARTESIAN_POINT('Axis2P3D Location',(-1.64941119385,-4.05,-0.7)) ;
#13385=CARTESIAN_POINT('Axis2P3D Location',(-1.64941119385,-4.05,-0.75)) ;
#13389=CARTESIAN_POINT('Vertex',(-1.64941119385,-3.95,-0.75)) ;
#13392=CARTESIAN_POINT('Axis2P3D Location',(-1.64941119385,-3.95,-0.7)) ;
#13404=CARTESIAN_POINT('Axis2P3D Location',(-8.04200424722,-3.95,-0.7)) ;
#13409=CARTESIAN_POINT('Line Origine',(-8.04200424722,-3.95,-0.75)) ;
#13414=CARTESIAN_POINT('Axis2P3D Location',(-1.02423139251,-3.95,-0.7)) ;
#13426=CARTESIAN_POINT('Axis2P3D Location',(-1.02423139251,-3.95,-0.8)) ;
#13431=CARTESIAN_POINT('Axis2P3D Location',(-0.945408694314,-3.95,-0.738461538462)) ;
#13443=CARTESIAN_POINT('Axis2P3D Location',(0.000463684082034,-3.95,-3.73511200791E-015)) ;
#13455=CARTESIAN_POINT('Axis2P3D Location',(-1.64941119385,-4.05,3.84959651192E-016)) ;
#13460=CARTESIAN_POINT('Line Origine',(-1.69941119385,-4.05,4.4408920985E-016)) ;
#13481=CARTESIAN_POINT('Axis2P3D Location',(-8.34947375488,-7.4,0.15)) ;
#13486=CARTESIAN_POINT('Axis2P3D Location',(-14.1994111938,-7.4,0.15)) ;
#13490=CARTESIAN_POINT('Vertex',(-14.1994111938,-8.,0.15)) ;
#13493=CARTESIAN_POINT('Line Origine',(-8.34947375488,-8.,0.15)) ;
#13505=CARTESIAN_POINT('Axis2P3D Location',(-1.69941119385,-8.,9.79717439318E-016)) ;
#13510=CARTESIAN_POINT('Line Origine',(-14.1994111938,-8.,1.02695629778E-015)) ;
#13514=CARTESIAN_POINT('Vertex',(-14.1994111938,-8.,-0.15)) ;
#13517=CARTESIAN_POINT('Line Origine',(-7.97441119385,-8.,-0.15)) ;
#13529=CARTESIAN_POINT('Axis2P3D Location',(-8.34947375488,-7.4,-0.15)) ;
#13534=CARTESIAN_POINT('Axis2P3D Location',(-14.1994111938,-7.4,-0.15)) ;
#13538=CARTESIAN_POINT('Vertex',(-14.1994111938,-7.4,-0.75)) ;
#13541=CARTESIAN_POINT('Line Origine',(-8.34947375488,-7.4,-0.75)) ;
#13554=CARTESIAN_POINT('Control Point',(-1.1901244059,8.,0.15)) ;
#13555=CARTESIAN_POINT('Control Point',(-1.1901244059,8.,0.15)) ;
#13556=CARTESIAN_POINT('Control Point',(-1.1901244059,8.,0.15)) ;
#13557=CARTESIAN_POINT('Control Point',(-1.1901244059,8.,0.15)) ;
#13558=CARTESIAN_POINT('Control Point',(-1.1901244059,8.,0.15)) ;
#13559=CARTESIAN_POINT('Control Point',(-1.1901244059,8.,0.15)) ;
#13560=CARTESIAN_POINT('Control Point',(-1.19837501723,8.00059725617,0.262112819318)) ;
#13561=CARTESIAN_POINT('Control Point',(-1.20318062104,8.00120638068,0.260749733613)) ;
#13562=CARTESIAN_POINT('Control Point',(-1.20761657124,8.0015170132,0.259327130427)) ;
#13563=CARTESIAN_POINT('Control Point',(-1.21191299229,8.00149543713,0.257983943921)) ;
#13564=CARTESIAN_POINT('Control Point',(-1.21615530474,8.00132090836,0.256742204561)) ;
#13565=CARTESIAN_POINT('Control Point',(-1.22039761706,8.00110261379,0.255471033219)) ;
#13566=CARTESIAN_POINT('Control Point',(-1.19471871875,7.98294887346,0.379133821831)) ;
#13567=CARTESIAN_POINT('Control Point',(-1.20305832554,7.97504433537,0.378554583677)) ;
#13568=CARTESIAN_POINT('Control Point',(-1.21249591049,7.96991987415,0.378020203849)) ;
#13569=CARTESIAN_POINT('Control Point',(-1.22228295744,7.96746723115,0.377156387755)) ;
#13570=CARTESIAN_POINT('Control Point',(-1.23220305079,7.96709719419,0.375940572942)) ;
#13571=CARTESIAN_POINT('Control Point',(-1.24212314485,7.96852103667,0.374804018565)) ;
#13572=CARTESIAN_POINT('Control Point',(-1.15481465447,7.95,0.477317462994)) ;
#13573=CARTESIAN_POINT('Control Point',(-1.15743852197,7.9381957054,0.47096676869)) ;
#13574=CARTESIAN_POINT('Control Point',(-1.16437290325,7.92639141079,0.466397016197)) ;
#13575=CARTESIAN_POINT('Control Point',(-1.17523899584,7.91644317393,0.464620711825)) ;
#13576=CARTESIAN_POINT('Control Point',(-1.18813239193,7.91009453786,0.465949173368)) ;
#13577=CARTESIAN_POINT('Control Point',(-1.20102578801,7.90769230769,0.469763226013)) ;
#13579=CARTESIAN_POINT('Control Point',(-1.15481465447,7.95,0.477317462994)) ;
#13580=CARTESIAN_POINT('Control Point',(-1.15918776698,7.93032617566,0.466732972488)) ;
#13581=CARTESIAN_POINT('Control Point',(-1.17953679454,7.91169602464,0.463406471605)) ;
#13582=CARTESIAN_POINT('Control Point',(-1.20102578801,7.90769230769,0.469763226013)) ;
#13583=CARTESIAN_POINT('Vertex',(-1.20102578903,7.90769230735,0.469763226564)) ;
#13587=CARTESIAN_POINT('Control Point',(-1.1901244059,8.,0.15)) ;
#13588=CARTESIAN_POINT('Control Point',(-1.19043433722,8.,0.15398209408)) ;
#13589=CARTESIAN_POINT('Control Point',(-1.19074426854,8.,0.15796418816)) ;
#13590=CARTESIAN_POINT('Control Point',(-1.19099958264,7.99995132775,0.162005632491)) ;
#13591=CARTESIAN_POINT('Control Point',(-1.19161662858,7.99983591013,0.171458734295)) ;
#13592=CARTESIAN_POINT('Control Point',(-1.19214614978,7.99962820517,0.180916000507)) ;
#13593=CARTESIAN_POINT('Control Point',(-1.1924217853,7.9994772886,0.18637424474)) ;
#13594=CARTESIAN_POINT('Control Point',(-1.19309122242,7.99897894903,0.201295782267)) ;
#13595=CARTESIAN_POINT('Control Point',(-1.19352463744,7.99824362313,0.216215944642)) ;
#13596=CARTESIAN_POINT('Control Point',(-1.19370014,7.99768027833,0.225674682748)) ;
#13597=CARTESIAN_POINT('Control Point',(-1.19387083863,7.99609693277,0.24828116557)) ;
#13598=CARTESIAN_POINT('Control Point',(-1.19341612808,7.99394092742,0.270826264907)) ;
#13599=CARTESIAN_POINT('Control Point',(-1.1929256925,7.99248855894,0.28391416681)) ;
#13600=CARTESIAN_POINT('Control Point',(-1.19146161567,7.98918193008,0.310003306442)) ;
#13601=CARTESIAN_POINT('Control Point',(-1.18896052054,7.98506883876,0.335853162714)) ;
#13602=CARTESIAN_POINT('Control Point',(-1.18743280386,7.98280969651,0.34870418948)) ;
#13603=CARTESIAN_POINT('Control Point',(-1.18404990252,7.97824867993,0.372357942266)) ;
#13604=CARTESIAN_POINT('Control Point',(-1.17957458036,7.97302163624,0.395606969169)) ;
#13605=CARTESIAN_POINT('Control Point',(-1.17726758959,7.97047628562,0.406218500406)) ;
#13606=CARTESIAN_POINT('Control Point',(-1.17213538733,7.96512536446,0.427209806695)) ;
#13607=CARTESIAN_POINT('Control Point',(-1.16591368795,7.95930199468,0.447657535153)) ;
#13608=CARTESIAN_POINT('Control Point',(-1.16251640718,7.95628349616,0.457728218074)) ;
#13609=CARTESIAN_POINT('Control Point',(-1.15882027349,7.95317526681,0.467622437684)) ;
#13610=CARTESIAN_POINT('Control Point',(-1.15481465447,7.95,0.477317462994)) ;
#13613=CARTESIAN_POINT('Control Point',(-1.1901244059,8.,0.15)) ;
#13614=CARTESIAN_POINT('Control Point',(-1.19119979196,8.,0.153801456705)) ;
#13615=CARTESIAN_POINT('Control Point',(-1.19227517803,8.,0.157602913411)) ;
#13616=CARTESIAN_POINT('Control Point',(-1.19339543129,7.99991014316,0.161379158812)) ;
#13617=CARTESIAN_POINT('Control Point',(-1.19589907816,7.99969706498,0.170367967643)) ;
#13618=CARTESIAN_POINT('Control Point',(-1.19831301105,7.9993136099,0.179394559761)) ;
#13619=CARTESIAN_POINT('Control Point',(-1.19967432838,7.99903499505,0.184615380707)) ;
#13620=CARTESIAN_POINT('Control Point',(-1.20330412675,7.9981149816,0.198917849874)) ;
#13621=CARTESIAN_POINT('Control Point',(-1.20666949409,7.9967574602,0.213299440547)) ;
#13622=CARTESIAN_POINT('Control Point',(-1.20868749921,7.99571744181,0.222448023516)) ;
#13623=CARTESIAN_POINT('Control Point',(-1.21321035777,7.99279433062,0.244384540107)) ;
#13624=CARTESIAN_POINT('Control Point',(-1.21694004778,7.98881402931,0.266420726589)) ;
#13625=CARTESIAN_POINT('Control Point',(-1.21881050025,7.98613274472,0.279261946922)) ;
#13626=CARTESIAN_POINT('Control Point',(-1.22188182107,7.98002815809,0.304942777755)) ;
#13627=CARTESIAN_POINT('Control Point',(-1.22345619669,7.97243479977,0.330516432877)) ;
#13628=CARTESIAN_POINT('Control Point',(-1.22383006569,7.96826409352,0.343252910461)) ;
#13629=CARTESIAN_POINT('Control Point',(-1.2236760201,7.95984368396,0.366715761331)) ;
#13630=CARTESIAN_POINT('Control Point',(-1.22178942068,7.95019381802,0.389761608463)) ;
#13631=CARTESIAN_POINT('Control Point',(-1.22052332701,7.94549472627,0.400267555814)) ;
#13632=CARTESIAN_POINT('Control Point',(-1.21713524136,7.93561601233,0.421001721113)) ;
#13633=CARTESIAN_POINT('Control Point',(-1.21191281855,7.9248652661,0.441049652873)) ;
#13634=CARTESIAN_POINT('Control Point',(-1.20881194152,7.91929267751,0.450872206598)) ;
#13635=CARTESIAN_POINT('Control Point',(-1.20519163179,7.91355433873,0.460456001715)) ;
#13636=CARTESIAN_POINT('Control Point',(-1.20102578801,7.90769230769,0.469763226013)) ;
#13645=CARTESIAN_POINT('Control Point',(-1.15481465454,7.95,0.4773174616)) ;
#13646=CARTESIAN_POINT('Control Point',(-1.15743852199,7.93819570488,0.470966767461)) ;
#13647=CARTESIAN_POINT('Control Point',(-1.16437290339,7.92639140976,0.4663970152)) ;
#13648=CARTESIAN_POINT('Control Point',(-1.17523899628,7.91644317254,0.464620711142)) ;
#13649=CARTESIAN_POINT('Control Point',(-1.1881323927,7.91009453641,0.465949173041)) ;
#13650=CARTESIAN_POINT('Control Point',(-1.20102578903,7.90769230645,0.469763226007)) ;
#13651=CARTESIAN_POINT('Control Point',(-1.11114734994,7.88076958934,0.583007942727)) ;
#13652=CARTESIAN_POINT('Control Point',(-1.11493156005,7.87114416404,0.575495056706)) ;
#13653=CARTESIAN_POINT('Control Point',(-1.12215657269,7.86151873875,0.569865443516)) ;
#13654=CARTESIAN_POINT('Control Point',(-1.13231358005,7.85309588941,0.567143822949)) ;
#13655=CARTESIAN_POINT('Control Point',(-1.14396267377,7.84704032735,0.567751573014)) ;
#13656=CARTESIAN_POINT('Control Point',(-1.15561176941,7.84378734197,0.571226055708)) ;
#13657=CARTESIAN_POINT('Control Point',(-1.06124120209,7.78572860196,0.669550909263)) ;
#13658=CARTESIAN_POINT('Control Point',(-1.0660552632,7.77859375472,0.661879979656)) ;
#13659=CARTESIAN_POINT('Control Point',(-1.07343340693,7.77145890748,0.655940689205)) ;
#13660=CARTESIAN_POINT('Control Point',(-1.08284330873,7.76494922492,0.652523355061)) ;
#13661=CARTESIAN_POINT('Control Point',(-1.09327637688,7.7596877005,0.652039105589)) ;
#13662=CARTESIAN_POINT('Control Point',(-1.10370944043,7.75605711209,0.654307401677)) ;
#13663=CARTESIAN_POINT('Control Point',(-1.01156269226,7.67218670873,0.734976753414)) ;
#13664=CARTESIAN_POINT('Control Point',(-1.016885505,7.66736350238,0.727646022875)) ;
#13665=CARTESIAN_POINT('Control Point',(-1.02415430167,7.66254029604,0.721743666983)) ;
#13666=CARTESIAN_POINT('Control Point',(-1.03294083674,7.65804919673,0.717862181438)) ;
#13667=CARTESIAN_POINT('Control Point',(-1.04249230942,7.65421813395,0.716339237631)) ;
#13668=CARTESIAN_POINT('Control Point',(-1.05204378079,7.65125000783,0.717116222125)) ;
#13669=CARTESIAN_POINT('Control Point',(-0.984820013316,7.5361031082,0.769230820349)) ;
#13670=CARTESIAN_POINT('Control Point',(-0.990407228596,7.53369123657,0.762074330314)) ;
#13671=CARTESIAN_POINT('Control Point',(-0.997618828948,7.53127936495,0.756186030409)) ;
#13672=CARTESIAN_POINT('Control Point',(-1.00607291326,7.52903356331,0.752060861225)) ;
#13673=CARTESIAN_POINT('Control Point',(-1.01515213908,7.52711781835,0.750000054914)) ;
#13674=CARTESIAN_POINT('Control Point',(-1.02423136477,7.52563358964,0.750000057256)) ;
#13675=CARTESIAN_POINT('Control Point',(-0.984820036597,7.40000001344,0.7692307803)) ;
#13676=CARTESIAN_POINT('Control Point',(-0.990407252029,7.40000001034,0.76207429011)) ;
#13677=CARTESIAN_POINT('Control Point',(-0.997618852016,7.40000000724,0.756185989552)) ;
#13678=CARTESIAN_POINT('Control Point',(-1.00607293556,7.40000000435,0.752060819053)) ;
#13679=CARTESIAN_POINT('Control Point',(-1.01515216049,7.40000000188,0.750000010755)) ;
#13680=CARTESIAN_POINT('Control Point',(-1.02423138542,7.39999999997,0.750000010616)) ;
#13682=CARTESIAN_POINT('Control Point',(-1.20102578903,7.90769230645,0.469763226007)) ;
#13683=CARTESIAN_POINT('Control Point',(-1.20044008376,7.90686812319,0.471071793595)) ;
#13684=CARTESIAN_POINT('Control Point',(-1.19985329927,7.90603997701,0.472377303735)) ;
#13685=CARTESIAN_POINT('Control Point',(-1.19926545668,7.90520788095,0.473679747081)) ;
#13686=CARTESIAN_POINT('Control Point',(-1.19380039296,7.89744912307,0.485738454722)) ;
#13687=CARTESIAN_POINT('Control Point',(-1.18824767431,7.8893521436,0.4975318775)) ;
#13688=CARTESIAN_POINT('Control Point',(-1.18323526522,7.88186528872,0.507838610419)) ;
#13689=CARTESIAN_POINT('Control Point',(-1.173120534,7.8663824688,0.528008089458)) ;
#13690=CARTESIAN_POINT('Control Point',(-1.16287571013,7.84990412196,0.547274478506)) ;
#13691=CARTESIAN_POINT('Control Point',(-1.1577333763,7.84142207165,0.556677609195)) ;
#13692=CARTESIAN_POINT('Control Point',(-1.14228593493,7.81526406604,0.584183895811)) ;
#13693=CARTESIAN_POINT('Control Point',(-1.12690044434,7.78701700828,0.609540086515)) ;
#13694=CARTESIAN_POINT('Control Point',(-1.11677874293,7.76729637622,0.625454707403)) ;
#13695=CARTESIAN_POINT('Control Point',(-1.10434159628,7.74136359184,0.644215228466)) ;
#13696=CARTESIAN_POINT('Control Point',(-1.09251485934,7.71413012904,0.661261566314)) ;
#13697=CARTESIAN_POINT('Control Point',(-1.09010030195,7.70845001936,0.664708581917)) ;
#13698=CARTESIAN_POINT('Control Point',(-1.08533173022,7.69697941679,0.671453908148)) ;
#13699=CARTESIAN_POINT('Control Point',(-1.08069571874,7.68529513117,0.677895348611)) ;
#13700=CARTESIAN_POINT('Control Point',(-1.07841371443,7.67940150146,0.681038483386)) ;
#13701=CARTESIAN_POINT('Control Point',(-1.07392462407,7.66750762991,0.687170286397)) ;
#13702=CARTESIAN_POINT('Control Point',(-1.06959771396,7.65540984863,0.692985676521)) ;
#13703=CARTESIAN_POINT('Control Point',(-1.06747773577,7.64931212615,0.695812602262)) ;
#13704=CARTESIAN_POINT('Control Point',(-1.06436546498,7.64008988822,0.699931921647)) ;
#13705=CARTESIAN_POINT('Control Point',(-1.06136160596,7.63075968627,0.70386556392)) ;
#13706=CARTESIAN_POINT('Control Point',(-1.06037260787,7.62763752203,0.705156098603)) ;
#13707=CARTESIAN_POINT('Control Point',(-1.0584202166,7.62137050977,0.707695008575)) ;
#13708=CARTESIAN_POINT('Control Point',(-1.05651986603,7.61505728395,0.710149605062)) ;
#13709=CARTESIAN_POINT('Control Point',(-1.05558290354,7.61188887636,0.711355823127)) ;
#13710=CARTESIAN_POINT('Control Point',(-1.05374910008,7.60557371985,0.713709041197)) ;
#13711=CARTESIAN_POINT('Control Point',(-1.05197043497,7.59921493043,0.715977278199)) ;
#13712=CARTESIAN_POINT('Control Point',(-1.05110099395,7.59604635035,0.717082653581)) ;
#13713=CARTESIAN_POINT('Control Point',(-1.04939075176,7.58968917796,0.719250612952)) ;
#13714=CARTESIAN_POINT('Control Point',(-1.04773856004,7.58329109499,0.721332968562)) ;
#13715=CARTESIAN_POINT('Control Point',(-1.04692716702,7.58008157301,0.722352734785)) ;
#13716=CARTESIAN_POINT('Control Point',(-1.04533482399,7.57364368874,0.724348597161)) ;
#13717=CARTESIAN_POINT('Control Point',(-1.04380412771,7.5671672628,0.726257070058)) ;
#13718=CARTESIAN_POINT('Control Point',(-1.04305437336,7.56391913687,0.727189448909)) ;
#13719=CARTESIAN_POINT('Control Point',(-1.04158707529,7.55740540482,0.729009649305)) ;
#13720=CARTESIAN_POINT('Control Point',(-1.0401849093,7.55085575931,0.730740699043)) ;
#13721=CARTESIAN_POINT('Control Point',(-1.03950028806,7.54757168711,0.731583918541)) ;
#13722=CARTESIAN_POINT('Control Point',(-1.038164889,7.54098726165,0.733225013762)) ;
#13723=CARTESIAN_POINT('Control Point',(-1.03689795628,7.53436981839,0.734775242972)) ;
#13724=CARTESIAN_POINT('Control Point',(-1.03628175214,7.53105242949,0.735527650175)) ;
#13725=CARTESIAN_POINT('Control Point',(-1.03508483637,7.52440323453,0.73698623413)) ;
#13726=CARTESIAN_POINT('Control Point',(-1.03395951749,7.51772419196,0.738352319014)) ;
#13727=CARTESIAN_POINT('Control Point',(-1.03341491568,7.51437692356,0.739012214505)) ;
#13728=CARTESIAN_POINT('Control Point',(-1.03236266769,7.50766967775,0.740285022658)) ;
#13729=CARTESIAN_POINT('Control Point',(-1.03138488701,7.50093602731,0.741463819997)) ;
#13730=CARTESIAN_POINT('Control Point',(-1.03091475625,7.49756229685,0.742029694917)) ;
#13731=CARTESIAN_POINT('Control Point',(-1.03001277441,7.4908040173,0.743113770534)) ;
#13732=CARTESIAN_POINT('Control Point',(-1.02918782409,7.48402303451,0.744102470916)) ;
#13733=CARTESIAN_POINT('Control Point',(-1.02879473509,7.48062657296,0.744572953862)) ;
#13734=CARTESIAN_POINT('Control Point',(-1.0280547669,7.47388660632,0.745457538024)) ;
#13735=CARTESIAN_POINT('Control Point',(-1.02739260484,7.4671282147,0.746247308947)) ;
#13736=CARTESIAN_POINT('Control Point',(-1.02708375936,7.46377519723,0.746615281951)) ;
#13737=CARTESIAN_POINT('Control Point',(-1.02650497671,7.45706260503,0.747304226085)) ;
#13738=CARTESIAN_POINT('Control Point',(-1.02600429355,7.45033584666,0.74789916192)) ;
#13739=CARTESIAN_POINT('Control Point',(-1.02577356114,7.44696864374,0.7481731078)) ;
#13740=CARTESIAN_POINT('Control Point',(-1.0250605458,7.43557869556,0.749019089664)) ;
#13741=CARTESIAN_POINT('Control Point',(-1.02457436332,7.42415993406,0.749594494878)) ;
#13742=CARTESIAN_POINT('Control Point',(-1.02434571075,7.41610981671,0.749864841542)) ;
#13743=CARTESIAN_POINT('Control Point',(-1.0242313841,7.40805494364,0.750000013606)) ;
#13744=CARTESIAN_POINT('Control Point',(-1.02423138542,7.39999999997,0.750000010616)) ;
#13753=CARTESIAN_POINT('Axis2P3D Location',(-7.14947375488,7.4,0.15)) ;
#13758=CARTESIAN_POINT('Axis2P3D Location',(-14.1994111938,7.4,0.15)) ;
#13771=CARTESIAN_POINT('Axis2P3D Location',(0.000463684082031,7.95,-4.1848269301E-016)) ;
#13776=CARTESIAN_POINT('Axis2P3D Location',(1.20046368408,7.95,-8.5415785622E-017)) ;
#13789=CARTESIAN_POINT('Control Point',(-1.1901244059,8.,-0.15)) ;
#13790=CARTESIAN_POINT('Control Point',(-1.1901244059,8.,-0.15)) ;
#13791=CARTESIAN_POINT('Control Point',(-1.1901244059,8.,-0.15)) ;
#13792=CARTESIAN_POINT('Control Point',(-1.1901244059,8.,-0.15)) ;
#13793=CARTESIAN_POINT('Control Point',(-1.1901244059,8.,-0.15)) ;
#13794=CARTESIAN_POINT('Control Point',(-1.1901244059,8.,-0.15)) ;
#13795=CARTESIAN_POINT('Control Point',(-1.22039743458,8.00110254037,-0.255470754293)) ;
#13796=CARTESIAN_POINT('Control Point',(-1.21615513477,8.00132084534,-0.256741911903)) ;
#13797=CARTESIAN_POINT('Control Point',(-1.21191283495,8.00149538492,-0.257983642319)) ;
#13798=CARTESIAN_POINT('Control Point',(-1.20761643033,8.00151697121,-0.259326826685)) ;
#13799=CARTESIAN_POINT('Control Point',(-1.20318050367,8.00120634418,-0.260749434107)) ;
#13800=CARTESIAN_POINT('Control Point',(-1.19837492976,8.0005972164,-0.262112528057)) ;
#13801=CARTESIAN_POINT('Control Point',(-1.24212328632,7.96852148459,-0.374803090347)) ;
#13802=CARTESIAN_POINT('Control Point',(-1.23220323172,7.96709762673,-0.375939674946)) ;
#13803=CARTESIAN_POINT('Control Point',(-1.22228317713,7.96746763062,-0.377155505415)) ;
#13804=CARTESIAN_POINT('Control Point',(-1.21249615645,7.96992022446,-0.378019319135)) ;
#13805=CARTESIAN_POINT('Control Point',(-1.20305857424,7.97504462977,-0.378553680068)) ;
#13806=CARTESIAN_POINT('Control Point',(-1.19471894439,7.98294911608,-0.379132888143)) ;
#13807=CARTESIAN_POINT('Control Point',(-1.20102578801,7.90769230769,-0.469763226013)) ;
#13808=CARTESIAN_POINT('Control Point',(-1.18813239193,7.91009453786,-0.465949173368)) ;
#13809=CARTESIAN_POINT('Control Point',(-1.17523899584,7.91644317393,-0.464620711825)) ;
#13810=CARTESIAN_POINT('Control Point',(-1.16437290325,7.92639141079,-0.466397016197)) ;
#13811=CARTESIAN_POINT('Control Point',(-1.15743852197,7.9381957054,-0.47096676869)) ;
#13812=CARTESIAN_POINT('Control Point',(-1.15481465447,7.95,-0.477317462994)) ;
#13814=CARTESIAN_POINT('Control Point',(-1.20102578801,7.90769230769,-0.469763226013)) ;
#13815=CARTESIAN_POINT('Control Point',(-1.17953679454,7.91169602464,-0.463406471605)) ;
#13816=CARTESIAN_POINT('Control Point',(-1.15918776698,7.93032617566,-0.466732972488)) ;
#13817=CARTESIAN_POINT('Control Point',(-1.15481465447,7.95,-0.477317462994)) ;
#13818=CARTESIAN_POINT('Vertex',(-1.2010257904,7.9076923045,-0.469763231084)) ;
#13822=CARTESIAN_POINT('Control Point',(-1.1901244059,8.,-0.15)) ;
#13823=CARTESIAN_POINT('Control Point',(-1.19119979196,8.,-0.153801456705)) ;
#13824=CARTESIAN_POINT('Control Point',(-1.19227517803,8.,-0.15760291341)) ;
#13825=CARTESIAN_POINT('Control Point',(-1.19339543125,7.99991014315,-0.161379158728)) ;
#13826=CARTESIAN_POINT('Control Point',(-1.19589907795,7.99969706501,-0.170367966872)) ;
#13827=CARTESIAN_POINT('Control Point',(-1.19831301053,7.99931360999,-0.17939455782)) ;
#13828=CARTESIAN_POINT('Control Point',(-1.19967432838,7.99903499505,-0.184615380707)) ;
#13829=CARTESIAN_POINT('Control Point',(-1.20330412909,7.99811498101,-0.198917859128)) ;
#13830=CARTESIAN_POINT('Control Point',(-1.20666949844,7.99675745844,-0.213299459157)) ;
#13831=CARTESIAN_POINT('Control Point',(-1.20868749535,7.99571744431,-0.222448004801)) ;
#13832=CARTESIAN_POINT('Control Point',(-1.2132103591,7.99279433043,-0.244384544853)) ;
#13833=CARTESIAN_POINT('Control Point',(-1.21694005259,7.98881402418,-0.26642075501)) ;
#13834=CARTESIAN_POINT('Control Point',(-1.21881049685,7.98613275149,-0.279261918464)) ;
#13835=CARTESIAN_POINT('Control Point',(-1.22188181816,7.98002816634,-0.30494274658)) ;
#13836=CARTESIAN_POINT('Control Point',(-1.2234561946,7.97243480983,-0.330516399009)) ;
#13837=CARTESIAN_POINT('Control Point',(-1.22383006547,7.96826408149,-0.343252943971)) ;
#13838=CARTESIAN_POINT('Control Point',(-1.2236760192,7.95984370144,-0.36671570988)) ;
#13839=CARTESIAN_POINT('Control Point',(-1.2217894316,7.95019387388,-0.389761475061)) ;
#13840=CARTESIAN_POINT('Control Point',(-1.22052330573,7.94549466422,-0.400267686048)) ;
#13841=CARTESIAN_POINT('Control Point',(-1.21713523842,7.93561601784,-0.421001701645)) ;
#13842=CARTESIAN_POINT('Control Point',(-1.21191286007,7.92486535158,-0.441049493469)) ;
#13843=CARTESIAN_POINT('Control Point',(-1.20881188396,7.91929258626,-0.450872358983)) ;
#13844=CARTESIAN_POINT('Control Point',(-1.20519159867,7.91355429213,-0.460456075709)) ;
#13845=CARTESIAN_POINT('Control Point',(-1.20102578801,7.90769230769,-0.469763226013)) ;
#13848=CARTESIAN_POINT('Control Point',(-1.1901244059,8.,-0.15)) ;
#13849=CARTESIAN_POINT('Control Point',(-1.19043433722,8.,-0.153982094081)) ;
#13850=CARTESIAN_POINT('Control Point',(-1.19074426854,8.,-0.157964188161)) ;
#13851=CARTESIAN_POINT('Control Point',(-1.19099958263,7.99995132774,-0.162005632399)) ;
#13852=CARTESIAN_POINT('Control Point',(-1.19161662853,7.99983591015,-0.171458733486)) ;
#13853=CARTESIAN_POINT('Control Point',(-1.19214614966,7.99962820521,-0.180915998472)) ;
#13854=CARTESIAN_POINT('Control Point',(-1.1924217853,7.9994772886,-0.186374244739)) ;
#13855=CARTESIAN_POINT('Control Point',(-1.19309122286,7.99897894871,-0.201295791922)) ;
#13856=CARTESIAN_POINT('Control Point',(-1.193524638,7.99824362217,-0.21621596395)) ;
#13857=CARTESIAN_POINT('Control Point',(-1.19370013986,7.99768027969,-0.225674663461)) ;
#13858=CARTESIAN_POINT('Control Point',(-1.19387083894,7.99609693267,-0.248281170531)) ;
#13859=CARTESIAN_POINT('Control Point',(-1.1934161275,7.99394092464,-0.270826293984)) ;
#13860=CARTESIAN_POINT('Control Point',(-1.19292569412,7.99248856261,-0.2839141379)) ;
#13861=CARTESIAN_POINT('Control Point',(-1.19146161803,7.98918193455,-0.310003274845)) ;
#13862=CARTESIAN_POINT('Control Point',(-1.18896052385,7.98506884421,-0.33585312848)) ;
#13863=CARTESIAN_POINT('Control Point',(-1.18743279903,7.98280968999,-0.348704223263)) ;
#13864=CARTESIAN_POINT('Control Point',(-1.18404990911,7.97824868939,-0.372357890407)) ;
#13865=CARTESIAN_POINT('Control Point',(-1.17957460626,7.97302166649,-0.395606834591)) ;
#13866=CARTESIAN_POINT('Control Point',(-1.17726755736,7.97047625201,-0.406218632255)) ;
#13867=CARTESIAN_POINT('Control Point',(-1.17213538819,7.96512536744,-0.42720978746)) ;
#13868=CARTESIAN_POINT('Control Point',(-1.16591373741,7.95930204099,-0.44765737257)) ;
#13869=CARTESIAN_POINT('Control Point',(-1.16251634842,7.95628344674,-0.457728375394)) ;
#13870=CARTESIAN_POINT('Control Point',(-1.15882024164,7.95317524157,-0.467622514761)) ;
#13871=CARTESIAN_POINT('Control Point',(-1.15481465447,7.95,-0.477317462994)) ;
#13880=CARTESIAN_POINT('Control Point',(-1.2010257904,7.90769230396,-0.469763230502)) ;
#13881=CARTESIAN_POINT('Control Point',(-1.1881323934,7.91009453496,-0.46594917655)) ;
#13882=CARTESIAN_POINT('Control Point',(-1.1752389964,7.91644317198,-0.464620713775)) ;
#13883=CARTESIAN_POINT('Control Point',(-1.16437290309,7.92639140977,-0.466397017214)) ;
#13884=CARTESIAN_POINT('Control Point',(-1.15743852148,7.93819570506,-0.470966769229)) ;
#13885=CARTESIAN_POINT('Control Point',(-1.15481465403,7.95,-0.477317463483)) ;
#13886=CARTESIAN_POINT('Control Point',(-1.1556118316,7.8437874652,-0.571225819755)) ;
#13887=CARTESIAN_POINT('Control Point',(-1.14396274139,7.84704043268,-0.567751348122)) ;
#13888=CARTESIAN_POINT('Control Point',(-1.13231365119,7.85309598319,-0.567143606428)) ;
#13889=CARTESIAN_POINT('Control Point',(-1.12215664604,7.86151883005,-0.569865231383)) ;
#13890=CARTESIAN_POINT('Control Point',(-1.11493163549,7.87114426091,-0.575494843935)) ;
#13891=CARTESIAN_POINT('Control Point',(-1.11114742732,7.88076969671,-0.58300772442)) ;
#13892=CARTESIAN_POINT('Control Point',(-1.10369664398,7.75603920571,-0.654336919913)) ;
#13893=CARTESIAN_POINT('Control Point',(-1.09326390157,7.75967007227,-0.652068662968)) ;
#13894=CARTESIAN_POINT('Control Point',(-1.08283115916,7.76493154742,-0.652553075764)) ;
#13895=CARTESIAN_POINT('Control Point',(-1.0734214439,7.77144081726,-0.655970668519)) ;
#13896=CARTESIAN_POINT('Control Point',(-1.06604321959,7.77857505889,-0.66191027111)) ;
#13897=CARTESIAN_POINT('Control Point',(-1.06122884401,7.78570928606,-0.669581563383)) ;
#13898=CARTESIAN_POINT('Control Point',(-1.05204546645,7.65127894507,-0.717114294473)) ;
#13899=CARTESIAN_POINT('Control Point',(-1.04249397427,7.65424797912,-0.716337284164)) ;
#13900=CARTESIAN_POINT('Control Point',(-1.03294248209,7.65808008807,-0.717860215426)) ;
#13901=CARTESIAN_POINT('Control Point',(-1.02415593454,7.66257230013,-0.721741702368)) ;
#13902=CARTESIAN_POINT('Control Point',(-1.01688714011,7.66739662379,-0.727644073492)) ;
#13903=CARTESIAN_POINT('Control Point',(-1.01156434527,7.67222087087,-0.734974826176)) ;
#13904=CARTESIAN_POINT('Control Point',(-1.02423139251,7.52563892173,-0.75)) ;
#13905=CARTESIAN_POINT('Control Point',(-1.01515216748,7.52712320594,-0.75)) ;
#13906=CARTESIAN_POINT('Control Point',(-1.00607294245,7.52903902251,-0.752060808175)) ;
#13907=CARTESIAN_POINT('Control Point',(-0.99761885883,7.5312849082,-0.756185978588)) ;
#13908=CARTESIAN_POINT('Control Point',(-0.990407258818,7.53369687003,-0.762074279085)) ;
#13909=CARTESIAN_POINT('Control Point',(-0.984820043414,7.53610883187,-0.769230769231)) ;
#13910=CARTESIAN_POINT('Control Point',(-1.02423139251,7.4,-0.75)) ;
#13911=CARTESIAN_POINT('Control Point',(-1.01515216748,7.4,-0.75)) ;
#13912=CARTESIAN_POINT('Control Point',(-1.00607294245,7.4,-0.752060808179)) ;
#13913=CARTESIAN_POINT('Control Point',(-0.997618858834,7.4,-0.756185978589)) ;
#13914=CARTESIAN_POINT('Control Point',(-0.990407258818,7.4,-0.762074279085)) ;
#13915=CARTESIAN_POINT('Control Point',(-0.984820043414,7.4,-0.769230769231)) ;
#13917=CARTESIAN_POINT('Control Point',(-1.2010257904,7.90769230396,-0.469763230502)) ;
#13918=CARTESIAN_POINT('Control Point',(-1.20004539803,7.90631273216,-0.471953595573)) ;
#13919=CARTESIAN_POINT('Control Point',(-1.19906197583,7.90492204843,-0.474135408156)) ;
#13920=CARTESIAN_POINT('Control Point',(-1.19807562344,7.9035203149,-0.476308622762)) ;
#13921=CARTESIAN_POINT('Control Point',(-1.1872202617,7.88801699761,-0.500062800392)) ;
#13922=CARTESIAN_POINT('Control Point',(-1.17603608222,7.87119742184,-0.522771223567)) ;
#13923=CARTESIAN_POINT('Control Point',(-1.165698374,7.85488197856,-0.542504791474)) ;
#13924=CARTESIAN_POINT('Control Point',(-1.1448877193,7.82029613021,-0.580090012174)) ;
#13925=CARTESIAN_POINT('Control Point',(-1.12425397931,7.78195973174,-0.613769457937)) ;
#13926=CARTESIAN_POINT('Control Point',(-1.11409238763,7.76189294876,-0.62959798459)) ;
#13927=CARTESIAN_POINT('Control Point',(-1.09784824167,7.72749227244,-0.65388188829)) ;
#13928=CARTESIAN_POINT('Control Point',(-1.08272071142,7.69086124852,-0.675179288408)) ;
#13929=CARTESIAN_POINT('Control Point',(-1.07700462713,7.67618671293,-0.683046471784)) ;
#13930=CARTESIAN_POINT('Control Point',(-1.06879788392,7.65369242949,-0.694116550524)) ;
#13931=CARTESIAN_POINT('Control Point',(-1.06123318124,7.63051471754,-0.70404791735)) ;
#13932=CARTESIAN_POINT('Control Point',(-1.05878781868,7.62271466923,-0.70722968967)) ;
#13933=CARTESIAN_POINT('Control Point',(-1.05405927193,7.60696998495,-0.71333150688)) ;
#13934=CARTESIAN_POINT('Control Point',(-1.04967583901,7.59094943935,-0.718899228655)) ;
#13935=CARTESIAN_POINT('Control Point',(-1.04757545698,7.58287331264,-0.721547038865)) ;
#13936=CARTESIAN_POINT('Control Point',(-1.04361513274,7.56679024461,-0.726505680124)) ;
#13937=CARTESIAN_POINT('Control Point',(-1.0400485337,7.55047401798,-0.730914987929)) ;
#13938=CARTESIAN_POINT('Control Point',(-1.03838752407,7.54236253524,-0.73295636748)) ;
#13939=CARTESIAN_POINT('Control Point',(-1.0352743939,7.52603860114,-0.736762713475)) ;
#13940=CARTESIAN_POINT('Control Point',(-1.03259468848,7.50953132419,-0.740007747197)) ;
#13941=CARTESIAN_POINT('Control Point',(-1.03136700753,7.50123626288,-0.741487902768)) ;
#13942=CARTESIAN_POINT('Control Point',(-1.02914245762,7.48456993892,-0.744160285486)) ;
#13943=CARTESIAN_POINT('Control Point',(-1.02739140579,7.46777428835,-0.746250087685)) ;
#13944=CARTESIAN_POINT('Control Point',(-1.02663705516,7.45934883494,-0.747147843757)) ;
#13945=CARTESIAN_POINT('Control Point',(-1.02537518682,7.44245281045,-0.748646651063)) ;
#13946=CARTESIAN_POINT('Control Point',(-1.02461318091,7.42548975452,-0.749548599929)) ;
#13947=CARTESIAN_POINT('Control Point',(-1.02435865602,7.41699706629,-0.749849531202)) ;
#13948=CARTESIAN_POINT('Control Point',(-1.02423139251,7.40849853063,-0.75)) ;
#13949=CARTESIAN_POINT('Control Point',(-1.02423139251,7.4,-0.75)) ;
#13958=CARTESIAN_POINT('Axis2P3D Location',(-7.14947375488,7.4,-0.15)) ;
#13963=CARTESIAN_POINT('Line Origine',(-7.14947375488,7.4,-0.75)) ;
#13967=CARTESIAN_POINT('Vertex',(-14.1994111938,7.4,-0.75)) ;
#13970=CARTESIAN_POINT('Axis2P3D Location',(-14.1994111938,7.4,-0.15)) ;
#13983=CARTESIAN_POINT('Axis2P3D Location',(0.000463684082032,7.95,-1.30666111271E-015)) ;
#13995=CARTESIAN_POINT('Axis2P3D Location',(-14.1994111938,-6.5,0.15)) ;
#14000=CARTESIAN_POINT('Axis2P3D Location',(-14.1994111938,-6.5,0.15)) ;
#14004=CARTESIAN_POINT('Vertex',(-15.6994111938,-6.5,0.15)) ;
#14007=CARTESIAN_POINT('Axis2P3D Location',(-15.0994111938,-6.5,0.15)) ;
#14019=CARTESIAN_POINT('Axis2P3D Location',(-15.0994111938,1.79472654139E-015,0.15)) ;
#14024=CARTESIAN_POINT('Line Origine',(-15.6994111938,1.7763568394E-015,0.15)) ;
#14028=CARTESIAN_POINT('Vertex',(-15.6994111938,6.5,0.15)) ;
#14031=CARTESIAN_POINT('Axis2P3D Location',(-15.0994111938,6.5,0.15)) ;
#14043=CARTESIAN_POINT('Axis2P3D Location',(-14.1994111938,6.5,0.15)) ;
#14048=CARTESIAN_POINT('Axis2P3D Location',(-14.1994111938,6.5,0.15)) ;
#14060=CARTESIAN_POINT('Axis2P3D Location',(-15.6994111938,-8.,9.79717439318E-016)) ;
#14065=CARTESIAN_POINT('Line Origine',(-15.6994111938,6.5,-6.66133814775E-016)) ;
#14069=CARTESIAN_POINT('Vertex',(-15.6994111938,6.5,-0.15)) ;
#14072=CARTESIAN_POINT('Line Origine',(-15.6994111938,8.881784197E-016,-0.15)) ;
#14076=CARTESIAN_POINT('Vertex',(-15.6994111938,-6.5,-0.15)) ;
#14079=CARTESIAN_POINT('Line Origine',(-15.6994111938,-6.5,8.04911692853E-016)) ;
#14091=CARTESIAN_POINT('Axis2P3D Location',(-14.1994111938,6.5,-7.96020419446E-016)) ;
#14096=CARTESIAN_POINT('Axis2P3D Location',(-14.1994111938,6.5,-0.15)) ;
#14108=CARTESIAN_POINT('Axis2P3D Location',(-14.1994111938,-6.5,6.84998116983E-016)) ;
#14113=CARTESIAN_POINT('Axis2P3D Location',(-14.1994111938,-6.5,-0.15)) ;
#14125=CARTESIAN_POINT('Axis2P3D Location',(-14.1994111938,-6.5,-0.15)) ;
#14130=CARTESIAN_POINT('Axis2P3D Location',(-14.1994111938,-6.5,-0.75)) ;
#14134=CARTESIAN_POINT('Vertex',(-15.0994111938,-6.5,-0.75)) ;
#14137=CARTESIAN_POINT('Axis2P3D Location',(-15.0994111938,-6.5,-0.15)) ;
#14149=CARTESIAN_POINT('Axis2P3D Location',(-15.0994111938,1.75798713741E-015,-0.15)) ;
#14154=CARTESIAN_POINT('Line Origine',(-15.0994111938,1.7763568394E-015,-0.75)) ;
#14158=CARTESIAN_POINT('Vertex',(-15.0994111938,6.5,-0.75)) ;
#14161=CARTESIAN_POINT('Axis2P3D Location',(-15.0994111938,6.5,-0.15)) ;
#14173=CARTESIAN_POINT('Axis2P3D Location',(-14.1994111938,6.5,-0.15)) ;
#14178=CARTESIAN_POINT('Axis2P3D Location',(-14.1994111938,6.5,-0.75)) ;
#14190=CARTESIAN_POINT('Axis2P3D Location',(7.108,-9.18485099361E-017,-0.75)) ;
#14239=CARTESIAN_POINT('Axis2P3D Location',(0.,-1.7763568394E-015,0.)) ;
#14244=CARTESIAN_POINT('Line Origine',(0.5,-1.7763568394E-015,0.)) ;
#14248=CARTESIAN_POINT('Vertex',(0.5,8.1,0.)) ;
#14250=CARTESIAN_POINT('Vertex',(0.5,-8.1,0.)) ;
#14253=CARTESIAN_POINT('Axis2P3D Location',(0.,8.1,0.)) ;
#14257=CARTESIAN_POINT('Vertex',(-0.5,8.1,-3.82856869893E-016)) ;
#14260=CARTESIAN_POINT('Line Origine',(-0.5,-1.7763568394E-015,-3.82856869893E-016)) ;
#14264=CARTESIAN_POINT('Vertex',(-0.5,-8.1,-3.82856869893E-016)) ;
#14267=CARTESIAN_POINT('Axis2P3D Location',(0.,-8.1,0.)) ;
#14279=CARTESIAN_POINT('Axis2P3D Location',(0.,8.1,0.)) ;
#14284=CARTESIAN_POINT('Axis2P3D Location',(0.,-8.1,0.)) ;
#14296=CARTESIAN_POINT('Axis2P3D Location',(0.,8.6,0.)) ;
#14301=CARTESIAN_POINT('Axis2P3D Location',(-2.13662520709E-017,8.6,-1.60246890532E-017)) ;
#14305=CARTESIAN_POINT('Vertex',(-0.5,8.6,-1.38489368968E-016)) ;
#14307=CARTESIAN_POINT('Vertex',(0.5,8.6,-3.98881558946E-016)) ;
#14310=CARTESIAN_POINT('Axis2P3D Location',(-2.13662520709E-017,8.6,-1.60246890532E-017)) ;
#14320=CARTESIAN_POINT('Axis2P3D Location',(0.,8.1,0.)) ;
#14325=CARTESIAN_POINT('Axis2P3D Location',(5.55111512313E-017,8.1,6.43218117657E-013)) ;
#14329=CARTESIAN_POINT('Vertex',(-0.887298334816,8.1,1.76100845573E-008)) ;
#14331=CARTESIAN_POINT('Vertex',(0.887298334621,8.1,-7.69072872007E-009)) ;
#14335=CARTESIAN_POINT('Control Point',(-0.887298334816,8.1,1.76100845217E-008)) ;
#14336=CARTESIAN_POINT('Control Point',(-0.88729833482,8.1,-0.00545527398117)) ;
#14337=CARTESIAN_POINT('Control Point',(-0.887256409554,8.1,-0.0109105709579)) ;
#14338=CARTESIAN_POINT('Control Point',(-0.887172558849,8.1,-0.0163654416208)) ;
#14339=CARTESIAN_POINT('Control Point',(-0.884514035568,8.1,-0.13165260209)) ;
#14340=CARTESIAN_POINT('Control Point',(-0.863131399882,8.1,-0.246363062443)) ;
#14341=CARTESIAN_POINT('Control Point',(-0.825874913524,8.1,-0.351599108083)) ;
#14342=CARTESIAN_POINT('Control Point',(-0.72048636722,8.1,-0.546248299509)) ;
#14343=CARTESIAN_POINT('Control Point',(-0.561429280677,8.1,-0.700112464014)) ;
#14344=CARTESIAN_POINT('Control Point',(-0.471034954512,8.1,-0.763863263496)) ;
#14345=CARTESIAN_POINT('Control Point',(-0.263666134995,8.1,-0.866518311076)) ;
#14346=CARTESIAN_POINT('Control Point',(-0.0339988685232,8.1,-0.898937594291)) ;
#14347=CARTESIAN_POINT('Control Point',(0.0880843398363,8.1,-0.895257964228)) ;
#14348=CARTESIAN_POINT('Control Point',(0.302317906558,8.1,-0.851717565629)) ;
#14349=CARTESIAN_POINT('Control Point',(0.493014835222,8.1,-0.747093668839)) ;
#14350=CARTESIAN_POINT('Control Point',(0.5708903032,8.1,-0.689418106047)) ;
#14351=CARTESIAN_POINT('Control Point',(0.725081924018,8.1,-0.538960263039)) ;
#14352=CARTESIAN_POINT('Control Point',(0.828683449676,8.1,-0.348950988239)) ;
#14353=CARTESIAN_POINT('Control Point',(0.867760159042,8.1,-0.23553399334)) ;
#14354=CARTESIAN_POINT('Control Point',(0.887298334621,8.1,-0.117766517078)) ;
#14355=CARTESIAN_POINT('Control Point',(0.887298334621,8.1,-4.85722573274E-017)) ;
#14366=CARTESIAN_POINT('Axis2P3D Location',(-8.32667268469E-017,8.1,-1.38777878078E-016)) ;
#14371=CARTESIAN_POINT('Axis2P3D Location',(0.5,8.1,8.32667268469E-017)) ;
#14375=CARTESIAN_POINT('Vertex',(0.984122918276,8.225,3.88578058619E-016)) ;
#14378=CARTESIAN_POINT('Axis2P3D Location',(-0.5,8.1,-8.32667268469E-017)) ;
#14382=CARTESIAN_POINT('Vertex',(-0.984122918276,8.225,5.55111512313E-017)) ;
#14385=CARTESIAN_POINT('Axis2P3D Location',(-8.32667268469E-017,8.225,-1.38777878078E-016)) ;
#14397=CARTESIAN_POINT('Axis2P3D Location',(-1.11022302463E-016,8.1,2.49800180541E-016)) ;
#14402=CARTESIAN_POINT('Axis2P3D Location',(-1.11022302463E-016,8.225,2.49800180541E-016)) ;
#14414=CARTESIAN_POINT('Axis2P3D Location',(0.,8.2,9.93427562435E-013)) ;
#14419=CARTESIAN_POINT('Axis2P3D Location',(-0.887298334621,8.2,8.1887223221E-009)) ;
#14424=CARTESIAN_POINT('Axis2P3D Location',(0.887298334621,8.2,-7.69072874149E-009)) ;
#14436=CARTESIAN_POINT('Axis2P3D Location',(1.8079981956E-013,8.2,-6.18338713565E-013)) ;
#14448=CARTESIAN_POINT('Axis2P3D Location',(0.,-8.6,0.)) ;
#14453=CARTESIAN_POINT('Axis2P3D Location',(-2.13662520709E-017,-8.6,-1.60246890532E-017)) ;
#14457=CARTESIAN_POINT('Vertex',(0.5,-8.6,-3.98881558946E-016)) ;
#14459=CARTESIAN_POINT('Vertex',(-0.5,-8.6,-1.38489368968E-016)) ;
#14462=CARTESIAN_POINT('Axis2P3D Location',(-2.13662520709E-017,-8.6,-1.60246890532E-017)) ;
#14472=CARTESIAN_POINT('Axis2P3D Location',(0.,-8.1,0.)) ;
#14478=CARTESIAN_POINT('Control Point',(-0.887298334816,-8.1,1.76100845217E-008)) ;
#14479=CARTESIAN_POINT('Control Point',(-0.88729833482,-8.1,-0.00545527398117)) ;
#14480=CARTESIAN_POINT('Control Point',(-0.887256409554,-8.1,-0.0109105709579)) ;
#14481=CARTESIAN_POINT('Control Point',(-0.887172558849,-8.1,-0.0163654416208)) ;
#14482=CARTESIAN_POINT('Control Point',(-0.884514035568,-8.1,-0.13165260209)) ;
#14483=CARTESIAN_POINT('Control Point',(-0.863131399882,-8.1,-0.246363062443)) ;
#14484=CARTESIAN_POINT('Control Point',(-0.825874913524,-8.1,-0.351599108083)) ;
#14485=CARTESIAN_POINT('Control Point',(-0.72048636722,-8.1,-0.546248299509)) ;
#14486=CARTESIAN_POINT('Control Point',(-0.561429280677,-8.1,-0.700112464014)) ;
#14487=CARTESIAN_POINT('Control Point',(-0.471034954512,-8.1,-0.763863263496)) ;
#14488=CARTESIAN_POINT('Control Point',(-0.263666134995,-8.1,-0.866518311076)) ;
#14489=CARTESIAN_POINT('Control Point',(-0.0339988685232,-8.1,-0.898937594291)) ;
#14490=CARTESIAN_POINT('Control Point',(0.0880843398363,-8.1,-0.895257964228)) ;
#14491=CARTESIAN_POINT('Control Point',(0.302317906558,-8.1,-0.851717565629)) ;
#14492=CARTESIAN_POINT('Control Point',(0.493014835222,-8.1,-0.747093668839)) ;
#14493=CARTESIAN_POINT('Control Point',(0.5708903032,-8.1,-0.689418106047)) ;
#14494=CARTESIAN_POINT('Control Point',(0.725081924018,-8.1,-0.538960263039)) ;
#14495=CARTESIAN_POINT('Control Point',(0.828683449676,-8.1,-0.348950988239)) ;
#14496=CARTESIAN_POINT('Control Point',(0.867760159042,-8.1,-0.23553399334)) ;
#14497=CARTESIAN_POINT('Control Point',(0.887298334621,-8.1,-0.117766517078)) ;
#14498=CARTESIAN_POINT('Control Point',(0.887298334621,-8.1,-4.85722573274E-017)) ;
#14499=CARTESIAN_POINT('Vertex',(0.887298334621,-8.1,-7.69072872007E-009)) ;
#14501=CARTESIAN_POINT('Vertex',(-0.887298334816,-8.1,1.76100845573E-008)) ;
#14504=CARTESIAN_POINT('Axis2P3D Location',(5.55111512313E-017,-8.1,6.43218117657E-013)) ;
#14518=CARTESIAN_POINT('Axis2P3D Location',(-8.32667268469E-017,-8.1,-1.38777878078E-016)) ;
#14523=CARTESIAN_POINT('Axis2P3D Location',(-8.32667268469E-017,-8.225,-1.38777878078E-016)) ;
#14527=CARTESIAN_POINT('Vertex',(-0.984122918276,-8.225,5.55111512313E-017)) ;
#14529=CARTESIAN_POINT('Vertex',(0.984122918276,-8.225,3.88578058619E-016)) ;
#14532=CARTESIAN_POINT('Axis2P3D Location',(-0.5,-8.1,-8.32667268469E-017)) ;
#14537=CARTESIAN_POINT('Axis2P3D Location',(0.5,-8.1,8.32667268469E-017)) ;
#14549=CARTESIAN_POINT('Axis2P3D Location',(-1.11022302463E-016,-8.1,2.49800180541E-016)) ;
#14554=CARTESIAN_POINT('Axis2P3D Location',(-1.11022302463E-016,-8.225,2.49800180541E-016)) ;
#14566=CARTESIAN_POINT('Axis2P3D Location',(0.,-8.2,9.93427562435E-013)) ;
#14571=CARTESIAN_POINT('Axis2P3D Location',(0.887298334621,-8.2,-7.69072874149E-009)) ;
#14576=CARTESIAN_POINT('Axis2P3D Location',(-0.887298334621,-8.2,8.1887223221E-009)) ;
#14588=CARTESIAN_POINT('Axis2P3D Location',(1.8079981956E-013,-8.2,-6.18338713565E-013)) ;
#53=DIRECTION('Axis2P3D Direction',(-0.,0.,1.)) ;
#54=DIRECTION('Axis2P3D XDirection',(1.,0.,0.)) ;
#58=DIRECTION('Axis2P3D Direction',(-5.55111512313E-017,-1.,0.)) ;
#67=DIRECTION('Axis2P3D Direction',(-0.,0.,1.)) ;
#74=DIRECTION('Axis2P3D Direction',(1.66533453694E-016,1.,0.)) ;
#81=DIRECTION('Axis2P3D Direction',(-0.,0.,1.)) ;
#93=DIRECTION('Axis2P3D Direction',(0.,-0.,1.)) ;
#94=DIRECTION('Axis2P3D XDirection',(-1.,-8.881784197E-016,0.)) ;
#98=DIRECTION('Axis2P3D Direction',(0.,-0.,1.)) ;
#103=DIRECTION('Axis2P3D Direction',(0.,-0.,1.)) ;
#115=DIRECTION('Axis2P3D Direction',(0.,0.,1.)) ;
#116=DIRECTION('Axis2P3D XDirection',(1.,0.,0.)) ;
#120=DIRECTION('Vector Direction',(-1.,0.,0.)) ;
#129=DIRECTION('Axis2P3D Direction',(0.,0.,1.)) ;
#136=DIRECTION('Vector Direction',(0.,1.,0.)) ;
#143=DIRECTION('Axis2P3D Direction',(0.,0.,1.)) ;
#150=DIRECTION('Vector Direction',(1.,0.,0.)) ;
#157=DIRECTION('Vector Direction',(0.,-1.,0.)) ;
#164=DIRECTION('Vector Direction',(-1.,0.,0.)) ;
#171=DIRECTION('Axis2P3D Direction',(0.,0.,1.)) ;
#178=DIRECTION('Vector Direction',(0.,-1.,0.)) ;
#185=DIRECTION('Vector Direction',(1.,0.,0.)) ;
#192=DIRECTION('Axis2P3D Direction',(0.,0.,1.)) ;
#199=DIRECTION('Vector Direction',(0.,-1.,0.)) ;
#206=DIRECTION('Axis2P3D Direction',(0.,0.,1.)) ;
#213=DIRECTION('Vector Direction',(-1.,0.,0.)) ;
#220=DIRECTION('Vector Direction',(0.,-1.,0.)) ;
#246=DIRECTION('Axis2P3D Direction',(0.,0.,1.)) ;
#255=DIRECTION('Axis2P3D Direction',(0.,0.,1.)) ;
#264=DIRECTION('Axis2P3D Direction',(0.,0.,1.)) ;
#273=DIRECTION('Axis2P3D Direction',(0.,0.,1.)) ;
#282=DIRECTION('Axis2P3D Direction',(0.,0.,1.)) ;
#291=DIRECTION('Axis2P3D Direction',(0.,0.,1.)) ;
#300=DIRECTION('Axis2P3D Direction',(0.,0.,1.)) ;
#309=DIRECTION('Axis2P3D Direction',(0.,0.,1.)) ;
#318=DIRECTION('Axis2P3D Direction',(0.,0.,1.)) ;
#327=DIRECTION('Axis2P3D Direction',(0.,0.,1.)) ;
#337=DIRECTION('Axis2P3D Direction',(0.,0.,1.)) ;
#338=DIRECTION('Axis2P3D XDirection',(1.,0.,0.)) ;
#342=DIRECTION('Vector Direction',(0.,0.,1.)) ;
#349=DIRECTION('Axis2P3D Direction',(0.,0.,1.)) ;
#356=DIRECTION('Vector Direction',(0.,0.,1.)) ;
#368=DIRECTION('Axis2P3D Direction',(0.,0.,1.)) ;
#380=DIRECTION('Axis2P3D Direction',(-0.,0.,1.)) ;
#381=DIRECTION('Axis2P3D XDirection',(1.,-2.6645352591E-015,0.)) ;
#385=DIRECTION('Axis2P3D Direction',(-2.6645352591E-015,-1.,0.)) ;
#392=DIRECTION('Axis2P3D Direction',(-0.,0.,1.)) ;
#399=DIRECTION('Axis2P3D Direction',(-2.38697950294E-015,1.,-0.)) ;
#411=DIRECTION('Axis2P3D Direction',(0.,-0.,1.)) ;
#412=DIRECTION('Axis2P3D XDirection',(-1.,2.6645352591E-015,0.)) ;
#416=DIRECTION('Axis2P3D Direction',(0.,-0.,1.)) ;
#428=DIRECTION('Axis2P3D Direction',(0.,0.,1.)) ;
#429=DIRECTION('Axis2P3D XDirection',(1.,0.,0.)) ;
#433=DIRECTION('Vector Direction',(0.,0.,1.)) ;
#440=DIRECTION('Axis2P3D Direction',(0.,0.,1.)) ;
#447=DIRECTION('Vector Direction',(0.,0.,1.)) ;
#459=DIRECTION('Axis2P3D Direction',(0.,0.,1.)) ;
#471=DIRECTION('Axis2P3D Direction',(0.,-0.,1.)) ;
#472=DIRECTION('Axis2P3D XDirection',(-1.,2.6645352591E-015,0.)) ;
#476=DIRECTION('Axis2P3D Direction',(2.72004641033E-015,1.,0.)) ;
#483=DIRECTION('Axis2P3D Direction',(0.,-0.,1.)) ;
#490=DIRECTION('Axis2P3D Direction',(2.49800180541E-015,-1.,-0.)) ;
#502=DIRECTION('Axis2P3D Direction',(-0.,0.,1.)) ;
#503=DIRECTION('Axis2P3D XDirection',(1.,-2.6645352591E-015,0.)) ;
#507=DIRECTION('Axis2P3D Direction',(-0.,0.,1.)) ;
#519=DIRECTION('Axis2P3D Direction',(0.,0.,1.)) ;
#520=DIRECTION('Axis2P3D XDirection',(1.,0.,0.)) ;
#524=DIRECTION('Vector Direction',(0.,0.,1.)) ;
#531=DIRECTION('Axis2P3D Direction',(0.,0.,1.)) ;
#538=DIRECTION('Vector Direction',(0.,0.,1.)) ;
#550=DIRECTION('Axis2P3D Direction',(0.,0.,1.)) ;
#562=DIRECTION('Axis2P3D Direction',(-0.,0.,1.)) ;
#563=DIRECTION('Axis2P3D XDirection',(1.,-2.6645352591E-015,0.)) ;
#567=DIRECTION('Axis2P3D Direction',(-2.6645352591E-015,-1.,0.)) ;
#574=DIRECTION('Axis2P3D Direction',(-0.,0.,1.)) ;
#581=DIRECTION('Axis2P3D Direction',(-2.38697950294E-015,1.,-0.)) ;
#593=DIRECTION('Axis2P3D Direction',(0.,-0.,1.)) ;
#594=DIRECTION('Axis2P3D XDirection',(-1.,2.6645352591E-015,0.)) ;
#598=DIRECTION('Axis2P3D Direction',(0.,-0.,1.)) ;
#610=DIRECTION('Axis2P3D Direction',(0.,0.,1.)) ;
#611=DIRECTION('Axis2P3D XDirection',(1.,0.,0.)) ;
#615=DIRECTION('Vector Direction',(0.,0.,1.)) ;
#622=DIRECTION('Axis2P3D Direction',(0.,0.,1.)) ;
#629=DIRECTION('Vector Direction',(0.,0.,1.)) ;
#641=DIRECTION('Axis2P3D Direction',(0.,0.,1.)) ;
#653=DIRECTION('Axis2P3D Direction',(-0.,0.,1.)) ;
#654=DIRECTION('Axis2P3D XDirection',(1.,-2.6645352591E-015,0.)) ;
#658=DIRECTION('Axis2P3D Direction',(-2.6645352591E-015,-1.,0.)) ;
#665=DIRECTION('Axis2P3D Direction',(-0.,0.,1.)) ;
#672=DIRECTION('Axis2P3D Direction',(-2.38697950294E-015,1.,-0.)) ;
#684=DIRECTION('Axis2P3D Direction',(0.,-0.,1.)) ;
#685=DIRECTION('Axis2P3D XDirection',(-1.,2.6645352591E-015,0.)) ;
#689=DIRECTION('Axis2P3D Direction',(0.,-0.,1.)) ;
#701=DIRECTION('Axis2P3D Direction',(0.,0.,1.)) ;
#702=DIRECTION('Axis2P3D XDirection',(1.,0.,0.)) ;
#706=DIRECTION('Vector Direction',(0.,0.,1.)) ;
#713=DIRECTION('Axis2P3D Direction',(0.,0.,1.)) ;
#720=DIRECTION('Vector Direction',(0.,0.,1.)) ;
#732=DIRECTION('Axis2P3D Direction',(0.,0.,1.)) ;
#744=DIRECTION('Axis2P3D Direction',(-0.,0.,1.)) ;
#745=DIRECTION('Axis2P3D XDirection',(1.,0.,0.)) ;
#749=DIRECTION('Axis2P3D Direction',(-5.55111512313E-017,-1.,0.)) ;
#756=DIRECTION('Axis2P3D Direction',(-0.,0.,1.)) ;
#763=DIRECTION('Axis2P3D Direction',(1.66533453694E-016,1.,0.)) ;
#775=DIRECTION('Axis2P3D Direction',(0.,-0.,1.)) ;
#776=DIRECTION('Axis2P3D XDirection',(-1.,-8.881784197E-016,0.)) ;
#780=DIRECTION('Axis2P3D Direction',(0.,-0.,1.)) ;
#792=DIRECTION('Axis2P3D Direction',(0.,0.,1.)) ;
#793=DIRECTION('Axis2P3D XDirection',(1.,0.,0.)) ;
#797=DIRECTION('Vector Direction',(0.,0.,1.)) ;
#804=DIRECTION('Axis2P3D Direction',(0.,0.,1.)) ;
#811=DIRECTION('Vector Direction',(0.,0.,1.)) ;
#823=DIRECTION('Axis2P3D Direction',(0.,0.,1.)) ;
#835=DIRECTION('Axis2P3D Direction',(0.,-0.,1.)) ;
#836=DIRECTION('Axis2P3D XDirection',(-1.,3.38353683695E-015,0.)) ;
#840=DIRECTION('Axis2P3D Direction',(1.72084568817E-015,1.,0.)) ;
#847=DIRECTION('Axis2P3D Direction',(0.,-0.,1.)) ;
#854=DIRECTION('Axis2P3D Direction',(1.66533453694E-015,-1.,-0.)) ;
#866=DIRECTION('Axis2P3D Direction',(-0.,0.,1.)) ;
#867=DIRECTION('Axis2P3D XDirection',(1.,-2.53765262771E-015,0.)) ;
#871=DIRECTION('Axis2P3D Direction',(-0.,0.,1.)) ;
#883=DIRECTION('Axis2P3D Direction',(0.,-0.,1.)) ;
#884=DIRECTION('Axis2P3D XDirection',(-1.,3.38353683695E-015,0.)) ;
#888=DIRECTION('Axis2P3D Direction',(1.49880108324E-015,1.,0.)) ;
#895=DIRECTION('Axis2P3D Direction',(0.,-0.,1.)) ;
#902=DIRECTION('Axis2P3D Direction',(1.66533453694E-015,-1.,-0.)) ;
#914=DIRECTION('Axis2P3D Direction',(-0.,0.,1.)) ;
#915=DIRECTION('Axis2P3D XDirection',(1.,-2.53765262771E-015,0.)) ;
#919=DIRECTION('Axis2P3D Direction',(-0.,0.,1.)) ;
#931=DIRECTION('Axis2P3D Direction',(0.,-0.,1.)) ;
#932=DIRECTION('Axis2P3D XDirection',(-1.,-8.45884209238E-016,0.)) ;
#936=DIRECTION('Axis2P3D Direction',(-5.55111512313E-017,1.,0.)) ;
#943=DIRECTION('Axis2P3D Direction',(0.,-0.,1.)) ;
#950=DIRECTION('Axis2P3D Direction',(-3.33066907388E-016,-1.,0.)) ;
#962=DIRECTION('Axis2P3D Direction',(-0.,0.,1.)) ;
#963=DIRECTION('Axis2P3D XDirection',(1.,0.,0.)) ;
#967=DIRECTION('Axis2P3D Direction',(-0.,0.,1.)) ;
#979=DIRECTION('Axis2P3D Direction',(0.,-0.,1.)) ;
#980=DIRECTION('Axis2P3D XDirection',(-1.,8.45884209238E-016,0.)) ;
#984=DIRECTION('Axis2P3D Direction',(1.66533453694E-015,1.,0.)) ;
#991=DIRECTION('Axis2P3D Direction',(0.,-0.,1.)) ;
#998=DIRECTION('Axis2P3D Direction',(1.99840144433E-015,-1.,-0.)) ;
#1010=DIRECTION('Axis2P3D Direction',(-0.,0.,1.)) ;
#1011=DIRECTION('Axis2P3D XDirection',(1.,-2.53765262771E-015,0.)) ;
#1015=DIRECTION('Axis2P3D Direction',(-0.,0.,1.)) ;
#1027=DIRECTION('Axis2P3D Direction',(0.,-0.,1.)) ;
#1028=DIRECTION('Axis2P3D XDirection',(-1.,8.45884209238E-016,0.)) ;
#1032=DIRECTION('Axis2P3D Direction',(1.66533453694E-015,1.,0.)) ;
#1039=DIRECTION('Axis2P3D Direction',(0.,-0.,1.)) ;
#1046=DIRECTION('Axis2P3D Direction',(1.99840144433E-015,-1.,-0.)) ;
#1058=DIRECTION('Axis2P3D Direction',(-0.,0.,1.)) ;
#1059=DIRECTION('Axis2P3D XDirection',(1.,-2.53765262771E-015,0.)) ;
#1063=DIRECTION('Axis2P3D Direction',(-0.,0.,1.)) ;
#1075=DIRECTION('Axis2P3D Direction',(-0.,0.,1.)) ;
#1076=DIRECTION('Axis2P3D XDirection',(1.,0.,0.)) ;
#1080=DIRECTION('Axis2P3D Direction',(-5.55111512313E-017,-1.,0.)) ;
#1087=DIRECTION('Axis2P3D Direction',(-0.,0.,1.)) ;
#1094=DIRECTION('Axis2P3D Direction',(-1.99840144433E-015,1.,-0.)) ;
#1106=DIRECTION('Axis2P3D Direction',(0.,-0.,1.)) ;
#1107=DIRECTION('Axis2P3D XDirection',(-1.,-8.45884209238E-016,0.)) ;
#1111=DIRECTION('Axis2P3D Direction',(0.,-0.,1.)) ;
#1123=DIRECTION('Axis2P3D Direction',(-0.,1.,0.)) ;
#1124=DIRECTION('Axis2P3D XDirection',(1.,0.,-7.77156117238E-016)) ;
#1128=DIRECTION('Axis2P3D Direction',(2.72004641033E-015,0.,-1.)) ;
#1137=DIRECTION('Axis2P3D Direction',(-0.,1.,0.)) ;
#1144=DIRECTION('Axis2P3D Direction',(9.99200722163E-016,0.,1.)) ;
#1151=DIRECTION('Axis2P3D Direction',(-0.,1.,0.)) ;
#1163=DIRECTION('Axis2P3D Direction',(0.,1.,0.)) ;
#1164=DIRECTION('Axis2P3D XDirection',(-1.,0.,-9.99200722163E-016)) ;
#1168=DIRECTION('Axis2P3D Direction',(0.,1.,0.)) ;
#1173=DIRECTION('Axis2P3D Direction',(0.,1.,0.)) ;
#1185=DIRECTION('Axis2P3D Direction',(-0.,-1.,0.)) ;
#1186=DIRECTION('Axis2P3D XDirection',(1.,0.,0.)) ;
#1190=DIRECTION('Vector Direction',(0.,-1.,0.)) ;
#1197=DIRECTION('Axis2P3D Direction',(-0.,-1.,0.)) ;
#1204=DIRECTION('Vector Direction',(0.,-1.,0.)) ;
#1216=DIRECTION('Axis2P3D Direction',(-0.,-1.,0.)) ;
#1228=DIRECTION('Axis2P3D Direction',(0.,1.,-0.)) ;
#1229=DIRECTION('Axis2P3D XDirection',(-1.,0.,0.)) ;
#1233=DIRECTION('Axis2P3D Direction',(0.,1.,-0.)) ;
#1242=DIRECTION('Axis2P3D Direction',(0.,1.,-0.)) ;
#1249=DIRECTION('Vector Direction',(-1.,0.,0.)) ;
#1256=DIRECTION('Vector Direction',(0.,0.,1.)) ;
#1263=DIRECTION('Vector Direction',(-1.,0.,0.)) ;
#1280=DIRECTION('Axis2P3D Direction',(0.,-1.,-0.)) ;
#1281=DIRECTION('Axis2P3D XDirection',(1.,0.,3.02788097625E-016)) ;
#1285=DIRECTION('Axis2P3D Direction',(3.88578058619E-016,0.,-1.)) ;
#1294=DIRECTION('Axis2P3D Direction',(0.,-1.,-0.)) ;
#1301=DIRECTION('Axis2P3D Direction',(1.11022302463E-016,0.,1.)) ;
#1308=DIRECTION('Axis2P3D Direction',(0.,-1.,-0.)) ;
#1320=DIRECTION('Axis2P3D Direction',(-0.,-1.,0.)) ;
#1321=DIRECTION('Axis2P3D XDirection',(-1.,0.,-7.06505561125E-016)) ;
#1325=DIRECTION('Axis2P3D Direction',(-0.,-1.,0.)) ;
#1330=DIRECTION('Axis2P3D Direction',(-0.,-1.,0.)) ;
#1342=DIRECTION('Vector Direction',(0.,-1.,0.)) ;
#1349=DIRECTION('Axis2P3D Direction',(-0.,-1.,0.)) ;
#1356=DIRECTION('Vector Direction',(0.,-1.,0.)) ;
#1368=DIRECTION('Axis2P3D Direction',(-0.,-1.,0.)) ;
#1380=DIRECTION('Axis2P3D Direction',(0.,-1.,0.)) ;
#1381=DIRECTION('Axis2P3D XDirection',(1.,0.,0.)) ;
#1385=DIRECTION('Vector Direction',(0.,0.,-1.)) ;
#1394=DIRECTION('Vector Direction',(1.,0.,0.)) ;
#1401=DIRECTION('Axis2P3D Direction',(0.,-1.,0.)) ;
#1408=DIRECTION('Axis2P3D Direction',(0.,-1.,0.)) ;
#1415=DIRECTION('Axis2P3D Direction',(0.,-1.,0.)) ;
#1422=DIRECTION('Axis2P3D Direction',(0.,-1.,0.)) ;
#1429=DIRECTION('Vector Direction',(1.,0.,0.)) ;
#1448=DIRECTION('Axis2P3D Direction',(0.,1.,0.)) ;
#1449=DIRECTION('Axis2P3D XDirection',(-1.,0.,-1.41301112225E-015)) ;
#1453=DIRECTION('Axis2P3D Direction',(1.38777878078E-015,0.,-1.)) ;
#1460=DIRECTION('Axis2P3D Direction',(0.,1.,0.)) ;
#1467=DIRECTION('Axis2P3D Direction',(-8.32667268469E-016,0.,1.)) ;
#1479=DIRECTION('Axis2P3D Direction',(-0.,1.,0.)) ;
#1480=DIRECTION('Axis2P3D XDirection',(1.,0.,-3.53252780563E-016)) ;
#1484=DIRECTION('Axis2P3D Direction',(-0.,1.,0.)) ;
#1496=DIRECTION('Axis2P3D Direction',(0.,1.,-0.)) ;
#1497=DIRECTION('Axis2P3D XDirection',(-1.,0.,0.)) ;
#1501=DIRECTION('Vector Direction',(0.,0.,-1.)) ;
#1510=DIRECTION('Vector Direction',(-1.,0.,0.)) ;
#1517=DIRECTION('Axis2P3D Direction',(0.,1.,-0.)) ;
#1524=DIRECTION('Axis2P3D Direction',(0.,1.,-0.)) ;
#1531=DIRECTION('Axis2P3D Direction',(0.,1.,-0.)) ;
#1538=DIRECTION('Vector Direction',(-1.,0.,0.)) ;
#1556=DIRECTION('Axis2P3D Direction',(0.,1.,0.)) ;
#1557=DIRECTION('Axis2P3D XDirection',(-1.,0.,-1.41301112225E-015)) ;
#1561=DIRECTION('Axis2P3D Direction',(1.38777878078E-015,0.,-1.)) ;
#1568=DIRECTION('Axis2P3D Direction',(0.,1.,0.)) ;
#1575=DIRECTION('Axis2P3D Direction',(-8.32667268469E-016,0.,1.)) ;
#1587=DIRECTION('Axis2P3D Direction',(-0.,1.,0.)) ;
#1588=DIRECTION('Axis2P3D XDirection',(1.,0.,-3.53252780563E-016)) ;
#1592=DIRECTION('Axis2P3D Direction',(-0.,1.,0.)) ;
#1604=DIRECTION('Axis2P3D Direction',(0.,1.,-0.)) ;
#1605=DIRECTION('Axis2P3D XDirection',(-1.,0.,0.)) ;
#1609=DIRECTION('Vector Direction',(0.,0.,-1.)) ;
#1618=DIRECTION('Vector Direction',(-1.,0.,0.)) ;
#1625=DIRECTION('Axis2P3D Direction',(0.,1.,-0.)) ;
#1632=DIRECTION('Axis2P3D Direction',(0.,1.,-0.)) ;
#1639=DIRECTION('Axis2P3D Direction',(0.,1.,-0.)) ;
#1646=DIRECTION('Axis2P3D Direction',(0.,1.,-0.)) ;
#1653=DIRECTION('Vector Direction',(-1.,0.,0.)) ;
#1672=DIRECTION('Axis2P3D Direction',(0.,0.,1.)) ;
#1673=DIRECTION('Axis2P3D XDirection',(1.,6.93889390391E-015,0.)) ;
#1677=DIRECTION('Axis2P3D Direction',(1.,-1.76999006437E-014,0.)) ;
#1682=DIRECTION('Axis2P3D Direction',(3.46320194744E-013,-1.,0.)) ;
#1689=DIRECTION('Axis2P3D Direction',(0.,0.,1.)) ;
#1701=DIRECTION('Axis2P3D Direction',(1.,0.,0.)) ;
#1702=DIRECTION('Axis2P3D XDirection',(0.,-1.,1.83697019872E-016)) ;
#1706=DIRECTION('Axis2P3D Direction',(1.,0.,0.)) ;
#1718=DIRECTION('Axis2P3D Direction',(0.,-1.,0.)) ;
#1719=DIRECTION('Axis2P3D XDirection',(0.,0.,1.)) ;
#1723=DIRECTION('Axis2P3D Direction',(0.615384615385,0.,0.788226981997)) ;
#1730=DIRECTION('Axis2P3D Direction',(0.,-1.,0.)) ;
#1742=DIRECTION('Axis2P3D Direction',(-0.,-1.,0.)) ;
#1743=DIRECTION('Axis2P3D XDirection',(-1.,0.,1.33226762955E-015)) ;
#1747=DIRECTION('Axis2P3D Direction',(1.33226762955E-015,0.,1.)) ;
#1754=DIRECTION('Axis2P3D Direction',(-0.,-1.,0.)) ;
#1766=DIRECTION('Axis2P3D Direction',(0.,-1.,-0.)) ;
#1767=DIRECTION('Axis2P3D XDirection',(0.788226981997,0.,0.615384615385)) ;
#1771=DIRECTION('Axis2P3D Direction',(0.615384615385,0.,-0.788226981997)) ;
#1778=DIRECTION('Axis2P3D Direction',(0.,-1.,-0.)) ;
#1790=DIRECTION('Axis2P3D Direction',(0.,-1.,0.)) ;
#1791=DIRECTION('Axis2P3D XDirection',(-0.788226981997,0.,-0.615384615385)) ;
#1795=DIRECTION('Axis2P3D Direction',(-1.,-0.,-1.11022302463E-016)) ;
#1802=DIRECTION('Axis2P3D Direction',(0.,-1.,0.)) ;
#1814=DIRECTION('Axis2P3D Direction',(1.,0.,-0.)) ;
#1815=DIRECTION('Axis2P3D XDirection',(0.,0.,1.)) ;
#1819=DIRECTION('Axis2P3D Direction',(1.,0.,-0.)) ;
#1826=DIRECTION('Vector Direction',(1.,0.,0.)) ;
#1838=DIRECTION('Axis2P3D Direction',(0.,-0.,1.)) ;
#1839=DIRECTION('Axis2P3D XDirection',(1.,-3.39797634474E-013,0.)) ;
#1843=DIRECTION('Axis2P3D Direction',(-6.93889390391E-016,-1.,0.)) ;
#1852=DIRECTION('Axis2P3D Direction',(0.,-0.,1.)) ;
#1857=DIRECTION('Axis2P3D Direction',(0.,-0.,1.)) ;
#1869=DIRECTION('Axis2P3D Direction',(0.,1.,0.)) ;
#1870=DIRECTION('Axis2P3D XDirection',(-1.,-0.,-1.83697019872E-016)) ;
#1874=DIRECTION('Axis2P3D Direction',(0.,1.,0.)) ;
#1883=DIRECTION('Vector Direction',(0.,1.,0.)) ;
#1888=DIRECTION('Vector Direction',(0.,1.,0.)) ;
#1900=DIRECTION('Axis2P3D Direction',(0.,-0.,1.)) ;
#1901=DIRECTION('Axis2P3D XDirection',(2.6645352591E-013,-1.,0.)) ;
#1905=DIRECTION('Axis2P3D Direction',(-1.,-0.,0.)) ;
#1912=DIRECTION('Axis2P3D Direction',(0.,-0.,1.)) ;
#1917=DIRECTION('Axis2P3D Direction',(0.,-0.,1.)) ;
#1929=DIRECTION('Axis2P3D Direction',(-1.,0.,0.)) ;
#1930=DIRECTION('Axis2P3D XDirection',(0.,0.,1.)) ;
#1934=DIRECTION('Axis2P3D Direction',(-1.,0.,0.)) ;
#1941=DIRECTION('Vector Direction',(-1.,0.,0.)) ;
#1953=DIRECTION('Axis2P3D Direction',(0.,1.,0.)) ;
#1954=DIRECTION('Axis2P3D XDirection',(-1.7763568394E-014,0.,-1.)) ;
#1958=DIRECTION('Axis2P3D Direction',(0.615384615385,0.,-0.788226981997)) ;
#1965=DIRECTION('Axis2P3D Direction',(0.,1.,0.)) ;
#1977=DIRECTION('Axis2P3D Direction',(0.,1.,0.)) ;
#1978=DIRECTION('Axis2P3D XDirection',(-1.,0.,-3.64153152077E-015)) ;
#1982=DIRECTION('Axis2P3D Direction',(3.5527136788E-015,0.,-1.)) ;
#1989=DIRECTION('Axis2P3D Direction',(0.,1.,0.)) ;
#2001=DIRECTION('Axis2P3D Direction',(-0.,1.,0.)) ;
#2002=DIRECTION('Axis2P3D XDirection',(0.788226981997,0.,-0.615384615385)) ;
#2006=DIRECTION('Axis2P3D Direction',(0.615384615385,0.,0.788226981997)) ;
#2013=DIRECTION('Axis2P3D Direction',(-0.,1.,0.)) ;
#2025=DIRECTION('Axis2P3D Direction',(0.,1.,-0.)) ;
#2026=DIRECTION('Axis2P3D XDirection',(-0.788226981997,0.,0.615384615385)) ;
#2030=DIRECTION('Axis2P3D Direction',(-1.,0.,-6.66133814775E-016)) ;
#2035=DIRECTION('Axis2P3D Direction',(0.,1.,-0.)) ;
#2047=DIRECTION('Axis2P3D Direction',(-1.,0.,0.)) ;
#2048=DIRECTION('Axis2P3D XDirection',(0.,1.,1.83697019872E-016)) ;
#2052=DIRECTION('Axis2P3D Direction',(-1.,0.,0.)) ;
#2064=DIRECTION('Axis2P3D Direction',(0.,-0.,1.)) ;
#2065=DIRECTION('Axis2P3D XDirection',(1.7763568394E-014,-1.,0.)) ;
#2069=DIRECTION('Axis2P3D Direction',(-4.50212443846E-015,-1.,0.)) ;
#2076=DIRECTION('Axis2P3D Direction',(0.,-0.,1.)) ;
#2088=DIRECTION('Axis2P3D Direction',(0.,1.,0.)) ;
#2089=DIRECTION('Axis2P3D XDirection',(0.,0.,-1.)) ;
#2093=DIRECTION('Vector Direction',(0.,1.,0.)) ;
#2105=DIRECTION('Axis2P3D Direction',(0.,0.,-1.)) ;
#2106=DIRECTION('Axis2P3D XDirection',(1.,0.,0.)) ;
#2110=DIRECTION('Vector Direction',(0.,0.,-1.)) ;
#2122=DIRECTION('Axis2P3D Direction',(-1.,0.,0.)) ;
#2123=DIRECTION('Axis2P3D XDirection',(0.,-1.,0.)) ;
#2127=DIRECTION('Vector Direction',(0.,0.,-1.)) ;
#2139=DIRECTION('Axis2P3D Direction',(0.,0.,-1.)) ;
#2140=DIRECTION('Axis2P3D XDirection',(0.,1.,0.)) ;
#2151=DIRECTION('Axis2P3D Direction',(0.,-1.,0.)) ;
#2152=DIRECTION('Axis2P3D XDirection',(0.,0.,1.)) ;
#2156=DIRECTION('Vector Direction',(0.,-1.,0.)) ;
#2163=DIRECTION('Axis2P3D Direction',(0.,-1.,0.)) ;
#2175=DIRECTION('Axis2P3D Direction',(0.,1.,-0.)) ;
#2176=DIRECTION('Axis2P3D XDirection',(-1.,0.,0.)) ;
#2180=DIRECTION('Vector Direction',(0.,1.,0.)) ;
#2187=DIRECTION('Axis2P3D Direction',(0.,1.,-0.)) ;
#2199=DIRECTION('Axis2P3D Direction',(0.,1.,0.)) ;
#2200=DIRECTION('Axis2P3D XDirection',(0.,0.,-1.)) ;
#2204=DIRECTION('Vector Direction',(0.,1.,0.)) ;
#2211=DIRECTION('Axis2P3D Direction',(0.,1.,0.)) ;
#2218=DIRECTION('Vector Direction',(0.,1.,0.)) ;
#2230=DIRECTION('Axis2P3D Direction',(0.,1.,-0.)) ;
#2242=DIRECTION('Axis2P3D Direction',(0.,-1.,0.)) ;
#2243=DIRECTION('Axis2P3D XDirection',(0.,0.,1.)) ;
#2247=DIRECTION('Axis2P3D Direction',(0.,-1.,0.)) ;
#2254=DIRECTION('Vector Direction',(0.,-1.,0.)) ;
#2275=DIRECTION('Axis2P3D Direction',(0.,1.,-0.)) ;
#2282=DIRECTION('Vector Direction',(0.,1.,0.)) ;
#2295=DIRECTION('Axis2P3D Direction',(0.,1.,0.)) ;
#2296=DIRECTION('Axis2P3D XDirection',(0.,0.,-1.)) ;
#2300=DIRECTION('Vector Direction',(0.,1.,0.)) ;
#2307=DIRECTION('Axis2P3D Direction',(0.,1.,0.)) ;
#2314=DIRECTION('Vector Direction',(0.,1.,0.)) ;
#2326=DIRECTION('Axis2P3D Direction',(0.,1.,-0.)) ;
#2695=DIRECTION('Axis2P3D Direction',(-0.,1.,0.)) ;
#2696=DIRECTION('Axis2P3D XDirection',(0.788226981997,0.,0.615384615385)) ;
#2700=DIRECTION('Axis2P3D Direction',(-1.11022302463E-016,0.,-1.)) ;
#2712=DIRECTION('Axis2P3D Direction',(-1.,0.,0.)) ;
#2713=DIRECTION('Axis2P3D XDirection',(0.,1.,1.83697019872E-016)) ;
#2717=DIRECTION('Axis2P3D Direction',(-1.,0.,0.)) ;
#2729=DIRECTION('Axis2P3D Direction',(0.,0.,1.)) ;
#2730=DIRECTION('Axis2P3D XDirection',(0.,-1.,0.)) ;
#2734=DIRECTION('Axis2P3D Direction',(-6.12323399574E-017,-1.,0.)) ;
#2741=DIRECTION('Axis2P3D Direction',(0.,0.,1.)) ;
#2753=DIRECTION('Axis2P3D Direction',(0.,-1.,0.)) ;
#2754=DIRECTION('Axis2P3D XDirection',(-1.,-0.,1.83697019872E-016)) ;
#2758=DIRECTION('Axis2P3D Direction',(0.,-1.,0.)) ;
#2765=DIRECTION('Vector Direction',(0.,-1.,0.)) ;
#2777=DIRECTION('Axis2P3D Direction',(-1.,-0.,0.)) ;
#2778=DIRECTION('Axis2P3D XDirection',(0.,1.,3.23815048849E-016)) ;
#2782=DIRECTION('Axis2P3D Direction',(0.,-3.45858725704E-016,1.)) ;
#2791=DIRECTION('Axis2P3D Direction',(-1.,-0.,0.)) ;
#2796=DIRECTION('Axis2P3D Direction',(-1.,-0.,0.)) ;
#2808=DIRECTION('Axis2P3D Direction',(0.,-0.,1.)) ;
#2809=DIRECTION('Axis2P3D XDirection',(0.,1.,0.)) ;
#2813=DIRECTION('Axis2P3D Direction',(0.,-0.,1.)) ;
#2822=DIRECTION('Vector Direction',(0.,0.,1.)) ;
#2827=DIRECTION('Vector Direction',(0.,0.,1.)) ;
#2839=DIRECTION('Axis2P3D Direction',(-1.,0.,0.)) ;
#2840=DIRECTION('Axis2P3D XDirection',(0.,-2.96059473233E-015,1.)) ;
#2844=DIRECTION('Axis2P3D Direction',(0.,-1.,5.22133820821E-016)) ;
#2853=DIRECTION('Axis2P3D Direction',(-1.,0.,0.)) ;
#2858=DIRECTION('Axis2P3D Direction',(-1.,0.,0.)) ;
#2870=DIRECTION('Axis2P3D Direction',(0.,-1.,0.)) ;
#2871=DIRECTION('Axis2P3D XDirection',(0.,0.,1.)) ;
#2875=DIRECTION('Axis2P3D Direction',(0.,-1.,0.)) ;
#2884=DIRECTION('Vector Direction',(0.,-1.,0.)) ;
#2889=DIRECTION('Vector Direction',(0.,-1.,0.)) ;
#2901=DIRECTION('Axis2P3D Direction',(0.,0.,1.)) ;
#2902=DIRECTION('Axis2P3D XDirection',(0.,-1.,0.)) ;
#2906=DIRECTION('Axis2P3D Direction',(-1.,-1.7763568394E-014,0.)) ;
#2913=DIRECTION('Axis2P3D Direction',(0.,0.,1.)) ;
#2918=DIRECTION('Axis2P3D Direction',(0.,0.,1.)) ;
#2930=DIRECTION('Axis2P3D Direction',(-1.,0.,0.)) ;
#2931=DIRECTION('Axis2P3D XDirection',(0.,0.,1.)) ;
#2935=DIRECTION('Axis2P3D Direction',(-1.,0.,0.)) ;
#2940=DIRECTION('Vector Direction',(-1.,0.,0.)) ;
#2952=DIRECTION('Axis2P3D Direction',(0.,1.,0.)) ;
#2953=DIRECTION('Axis2P3D XDirection',(-1.7763568394E-014,0.,-1.)) ;
#2957=DIRECTION('Axis2P3D Direction',(0.615384615385,0.,-0.788226981997)) ;
#2969=DIRECTION('Axis2P3D Direction',(0.,1.,0.)) ;
#2970=DIRECTION('Axis2P3D XDirection',(-1.,0.,-3.64153152077E-015)) ;
#2981=DIRECTION('Axis2P3D Direction',(0.,0.,-1.)) ;
#2982=DIRECTION('Axis2P3D XDirection',(1.,0.,0.)) ;
#2986=DIRECTION('Vector Direction',(0.,0.,-1.)) ;
#3007=DIRECTION('Axis2P3D Direction',(1.,0.,0.)) ;
#3008=DIRECTION('Axis2P3D XDirection',(0.,0.,-1.)) ;
#3012=DIRECTION('Vector Direction',(1.,0.,0.)) ;
#3019=DIRECTION('Axis2P3D Direction',(1.,0.,0.)) ;
#3031=DIRECTION('Axis2P3D Direction',(0.,-1.,0.)) ;
#3032=DIRECTION('Axis2P3D XDirection',(1.,0.,0.)) ;
#3036=DIRECTION('Vector Direction',(1.,0.,0.)) ;
#3043=DIRECTION('Vector Direction',(0.,0.,1.)) ;
#3055=DIRECTION('Axis2P3D Direction',(1.,0.,0.)) ;
#3056=DIRECTION('Axis2P3D XDirection',(0.,1.,0.)) ;
#3060=DIRECTION('Vector Direction',(1.,0.,0.)) ;
#3067=DIRECTION('Axis2P3D Direction',(1.,0.,0.)) ;
#3279=DIRECTION('Axis2P3D Direction',(-1.,0.,0.)) ;
#3280=DIRECTION('Axis2P3D XDirection',(0.,0.,-1.)) ;
#3284=DIRECTION('Axis2P3D Direction',(-1.,0.,0.)) ;
#3297=DIRECTION('Axis2P3D Direction',(-0.,1.,0.)) ;
#3298=DIRECTION('Axis2P3D XDirection',(1.,0.,2.12792746386E-015)) ;
#3302=DIRECTION('Axis2P3D Direction',(2.77555756156E-016,0.,-1.)) ;
#3484=DIRECTION('Axis2P3D Direction',(-1.,0.,0.)) ;
#3485=DIRECTION('Axis2P3D XDirection',(0.,-1.,0.)) ;
#3489=DIRECTION('Axis2P3D Direction',(-1.,0.,0.)) ;
#3496=DIRECTION('Vector Direction',(-1.,0.,0.)) ;
#3509=DIRECTION('Axis2P3D Direction',(0.,1.,0.)) ;
#3510=DIRECTION('Axis2P3D XDirection',(-1.,0.,-3.70074341542E-016)) ;
#3521=DIRECTION('Axis2P3D Direction',(0.,-0.,1.)) ;
#3522=DIRECTION('Axis2P3D XDirection',(1.,0.,0.)) ;
#3526=DIRECTION('Axis2P3D Direction',(-3.94745964311E-015,-1.,0.)) ;
#3533=DIRECTION('Axis2P3D Direction',(0.,-0.,1.)) ;
#3545=DIRECTION('Axis2P3D Direction',(0.,-1.,0.)) ;
#3546=DIRECTION('Axis2P3D XDirection',(0.,0.,-1.)) ;
#3550=DIRECTION('Axis2P3D Direction',(0.,-1.,0.)) ;
#3557=DIRECTION('Vector Direction',(0.,-1.,0.)) ;
#3569=DIRECTION('Axis2P3D Direction',(0.,-0.,1.)) ;
#3570=DIRECTION('Axis2P3D XDirection',(3.94745964311E-015,-1.,0.)) ;
#3574=DIRECTION('Axis2P3D Direction',(0.,-0.,1.)) ;
#3586=DIRECTION('Axis2P3D Direction',(-1.,0.,0.)) ;
#3587=DIRECTION('Axis2P3D XDirection',(0.,-1.,0.)) ;
#3591=DIRECTION('Vector Direction',(0.,0.,1.)) ;
#3598=DIRECTION('Vector Direction',(0.,-1.,0.)) ;
#3605=DIRECTION('Vector Direction',(0.,0.,1.)) ;
#3617=DIRECTION('Axis2P3D Direction',(0.,0.,1.)) ;
#3618=DIRECTION('Axis2P3D XDirection',(-1.83697019872E-016,-1.,-0.)) ;
#3622=DIRECTION('Axis2P3D Direction',(0.,0.,1.)) ;
#3634=DIRECTION('Axis2P3D Direction',(0.,-0.,1.)) ;
#3635=DIRECTION('Axis2P3D XDirection',(1.,-1.83697019872E-016,-0.)) ;
#3639=DIRECTION('Axis2P3D Direction',(0.,-0.,1.)) ;
#3651=DIRECTION('Axis2P3D Direction',(0.,-0.,1.)) ;
#3652=DIRECTION('Axis2P3D XDirection',(1.,0.,0.)) ;
#3656=DIRECTION('Axis2P3D Direction',(-5.92118946467E-016,-1.,0.)) ;
#3663=DIRECTION('Axis2P3D Direction',(0.,-0.,1.)) ;
#3675=DIRECTION('Axis2P3D Direction',(0.,-1.,0.)) ;
#3676=DIRECTION('Axis2P3D XDirection',(1.,0.,0.)) ;
#3680=DIRECTION('Axis2P3D Direction',(0.,-1.,0.)) ;
#3687=DIRECTION('Vector Direction',(0.,-1.,0.)) ;
#3699=DIRECTION('Axis2P3D Direction',(0.,-0.,1.)) ;
#3700=DIRECTION('Axis2P3D XDirection',(3.5527136788E-015,-1.,0.)) ;
#3704=DIRECTION('Axis2P3D Direction',(0.,-0.,1.)) ;
#3716=DIRECTION('Axis2P3D Direction',(0.,0.,1.)) ;
#3717=DIRECTION('Axis2P3D XDirection',(1.,0.,0.)) ;
#3721=DIRECTION('Vector Direction',(-0.391815716976,-0.920043718489,0.)) ;
#3730=DIRECTION('Vector Direction',(-0.0258542912686,0.999665721941,0.)) ;
#3737=DIRECTION('Vector Direction',(-1.,0.,0.)) ;
#3744=DIRECTION('Vector Direction',(-0.205864014453,-0.978580608613,0.)) ;
#3751=DIRECTION('Vector Direction',(1.,0.,0.)) ;
#3758=DIRECTION('Vector Direction',(0.207799277516,0.978171488168,0.)) ;
#3765=DIRECTION('Vector Direction',(0.0138182909941,-0.999904522859,0.)) ;
#3772=DIRECTION('Vector Direction',(1.,0.,0.)) ;
#3779=DIRECTION('Vector Direction',(0.397742975505,0.917496880342,0.)) ;
#3786=DIRECTION('Vector Direction',(-0.211026893657,-0.977480255634,0.)) ;
#3793=DIRECTION('Vector Direction',(1.,0.,0.)) ;
#3800=DIRECTION('Vector Direction',(0.203162199025,0.979145096953,0.)) ;
#3807=DIRECTION('Vector Direction',(-1.,0.,0.)) ;
#3828=DIRECTION('Axis2P3D Direction',(-1.,0.,0.)) ;
#3829=DIRECTION('Axis2P3D XDirection',(-0.,-1.83697019872E-016,1.)) ;
#3850=DIRECTION('Vector Direction',(-1.,0.,0.)) ;
#3862=DIRECTION('Axis2P3D Direction',(-0.391815716976,-0.920043718489,0.)) ;
#3863=DIRECTION('Axis2P3D XDirection',(1.69009289238E-016,-7.19753795476E-017,1.)) ;
#3886=DIRECTION('Vector Direction',(-0.391815716976,-0.920043718489,0.)) ;
#3898=DIRECTION('Axis2P3D Direction',(-0.0258542912686,0.999665721941,0.)) ;
#3899=DIRECTION('Axis2P3D XDirection',(-1.83635613989E-016,-4.74935625694E-018,1.)) ;
#3911=DIRECTION('Vector Direction',(-0.0258542912686,0.999665721941,0.)) ;
#3923=DIRECTION('Axis2P3D Direction',(-1.,0.,0.)) ;
#3924=DIRECTION('Axis2P3D XDirection',(-0.,-1.83697019872E-016,1.)) ;
#3937=DIRECTION('Vector Direction',(-1.,0.,0.)) ;
#3949=DIRECTION('Axis2P3D Direction',(-0.205864014453,-0.978580608613,0.)) ;
#3950=DIRECTION('Axis2P3D XDirection',(1.79762341507E-016,-3.78166059538E-017,1.)) ;
#3962=DIRECTION('Vector Direction',(-0.205864014453,-0.978580608613,0.)) ;
#3974=DIRECTION('Axis2P3D Direction',(1.,0.,0.)) ;
#3975=DIRECTION('Axis2P3D XDirection',(-0.,1.83697019872E-016,1.)) ;
#3988=DIRECTION('Vector Direction',(1.,0.,0.)) ;
#4000=DIRECTION('Axis2P3D Direction',(0.207799277516,0.978171488168,0.)) ;
#4001=DIRECTION('Axis2P3D XDirection',(-1.796871873E-016,3.81721080112E-017,1.)) ;
#4027=DIRECTION('Vector Direction',(0.207799277516,0.978171488168,0.)) ;
#4039=DIRECTION('Axis2P3D Direction',(0.0138182909941,-0.999904522859,0.)) ;
#4040=DIRECTION('Axis2P3D XDirection',(1.83679481006E-016,2.53837887533E-018,1.)) ;
#4052=DIRECTION('Vector Direction',(0.0138182909941,-0.999904522859,0.)) ;
#4064=DIRECTION('Axis2P3D Direction',(1.,0.,0.)) ;
#4065=DIRECTION('Axis2P3D XDirection',(-0.,1.83697019872E-016,1.)) ;
#4077=DIRECTION('Vector Direction',(1.,0.,0.)) ;
#4089=DIRECTION('Axis2P3D Direction',(0.397742975505,0.917496880342,0.)) ;
#4090=DIRECTION('Axis2P3D XDirection',(-1.68541442661E-016,7.30641992753E-017,1.)) ;
#4116=DIRECTION('Vector Direction',(0.397742975505,0.917496880342,0.)) ;
#4128=DIRECTION('Axis2P3D Direction',(-0.211026893657,-0.977480255634,0.)) ;
#4129=DIRECTION('Axis2P3D XDirection',(1.79560209944E-016,-3.87650114776E-017,1.)) ;
#4141=DIRECTION('Vector Direction',(-0.211026893657,-0.977480255634,0.)) ;
#4153=DIRECTION('Axis2P3D Direction',(1.,0.,0.)) ;
#4154=DIRECTION('Axis2P3D XDirection',(-0.,1.83697019872E-016,1.)) ;
#4166=DIRECTION('Vector Direction',(1.,0.,0.)) ;
#4178=DIRECTION('Axis2P3D Direction',(0.203162199025,0.979145096953,0.)) ;
#4179=DIRECTION('Axis2P3D XDirection',(-1.79866036333E-016,3.73202905116E-017,1.)) ;
#4183=DIRECTION('Vector Direction',(0.203162199025,0.979145096953,0.)) ;
#4195=DIRECTION('Axis2P3D Direction',(1.,0.,0.)) ;
#4196=DIRECTION('Axis2P3D XDirection',(-0.,1.83697019872E-016,1.)) ;
#4211=DIRECTION('Vector Direction',(1.,0.,0.)) ;
#4226=DIRECTION('Vector Direction',(1.,0.,0.)) ;
#4238=DIRECTION('Axis2P3D Direction',(0.20720650079,0.978297227856,0.)) ;
#4239=DIRECTION('Axis2P3D XDirection',(-1.79710285306E-016,3.80632166933E-017,1.)) ;
#4254=DIRECTION('Vector Direction',(0.20720650079,0.978297227856,0.)) ;
#4259=DIRECTION('Vector Direction',(0.20720650079,0.978297227856,0.)) ;
#4271=DIRECTION('Axis2P3D Direction',(1.,0.,0.)) ;
#4272=DIRECTION('Axis2P3D XDirection',(-0.,1.83697019872E-016,1.)) ;
#4286=DIRECTION('Vector Direction',(1.,0.,0.)) ;
#4291=DIRECTION('Vector Direction',(1.,0.,0.)) ;
#4303=DIRECTION('Axis2P3D Direction',(0.993150129212,0.11684528594,0.)) ;
#4304=DIRECTION('Axis2P3D XDirection',(-2.14641308132E-017,1.82438719022E-016,1.)) ;
#4319=DIRECTION('Vector Direction',(0.993150129212,0.11684528594,0.)) ;
#4324=DIRECTION('Vector Direction',(0.993150129212,0.11684528594,0.)) ;
#4336=DIRECTION('Axis2P3D Direction',(0.892311608257,0.451419974934,0.)) ;
#4337=DIRECTION('Axis2P3D XDirection',(-8.29245041062E-017,1.63914983234E-016,1.)) ;
#4351=DIRECTION('Vector Direction',(0.892311608257,0.451419974934,0.)) ;
#4356=DIRECTION('Vector Direction',(0.892311608257,0.451419974934,0.)) ;
#4368=DIRECTION('Axis2P3D Direction',(0.59438001501,0.804184305838,0.)) ;
#4369=DIRECTION('Axis2P3D XDirection',(-1.4772626041E-016,1.09185837429E-016,1.)) ;
#4384=DIRECTION('Vector Direction',(0.59438001501,0.804184305838,0.)) ;
#4389=DIRECTION('Vector Direction',(0.59438001501,0.804184305838,0.)) ;
#4401=DIRECTION('Axis2P3D Direction',(0.182470540543,0.983211321047,0.)) ;
#4402=DIRECTION('Axis2P3D XDirection',(-1.80612989581E-016,3.35192945122E-017,1.)) ;
#4417=DIRECTION('Vector Direction',(0.182470540543,0.983211321047,0.)) ;
#4422=DIRECTION('Vector Direction',(0.182470540543,0.983211321047,0.)) ;
#4434=DIRECTION('Axis2P3D Direction',(-0.178871371443,0.983872467588,0.)) ;
#4435=DIRECTION('Axis2P3D XDirection',(-1.8073444023E-016,-3.28581378745E-017,1.)) ;
#4449=DIRECTION('Vector Direction',(-0.178871371443,0.983872467588,0.)) ;
#4454=DIRECTION('Vector Direction',(-0.178871371443,0.983872467588,0.)) ;
#4466=DIRECTION('Axis2P3D Direction',(-0.54804318427,0.836450039259,0.)) ;
#4467=DIRECTION('Axis2P3D XDirection',(-1.53653379484E-016,-1.00673899712E-016,1.)) ;
#4482=DIRECTION('Vector Direction',(-0.54804318427,0.836450039259,0.)) ;
#4487=DIRECTION('Vector Direction',(-0.54804318427,0.836450039259,0.)) ;
#4499=DIRECTION('Axis2P3D Direction',(-0.870820264742,0.491601532255,0.)) ;
#4500=DIRECTION('Axis2P3D XDirection',(-9.03057364398E-017,-1.59967087477E-016,1.)) ;
#4515=DIRECTION('Vector Direction',(-0.870820264742,0.491601532255,0.)) ;
#4520=DIRECTION('Vector Direction',(-0.870820264742,0.491601532255,0.)) ;
#4532=DIRECTION('Axis2P3D Direction',(-0.988232572289,0.152958762637,0.)) ;
#4533=DIRECTION('Axis2P3D XDirection',(-2.80980688597E-017,-1.8153537847E-016,1.)) ;
#4547=DIRECTION('Vector Direction',(-0.988232572289,0.152958762637,0.)) ;
#4552=DIRECTION('Vector Direction',(-0.988232572289,0.152958762637,0.)) ;
#4564=DIRECTION('Axis2P3D Direction',(-1.,0.,0.)) ;
#4565=DIRECTION('Axis2P3D XDirection',(-0.,-1.83697019872E-016,1.)) ;
#4580=DIRECTION('Vector Direction',(-1.,0.,0.)) ;
#4585=DIRECTION('Vector Direction',(-1.,0.,0.)) ;
#4597=DIRECTION('Axis2P3D Direction',(-0.207217147934,-0.978294972696,0.)) ;
#4598=DIRECTION('Axis2P3D XDirection',(1.7970987104E-016,-3.80651725418E-017,1.)) ;
#4602=DIRECTION('Vector Direction',(-0.207217147934,-0.978294972696,0.)) ;
#4607=DIRECTION('Vector Direction',(-0.207217147934,-0.978294972696,0.)) ;
#4634=DIRECTION('Vector Direction',(1.,0.,0.)) ;
#4643=DIRECTION('Vector Direction',(0.991392277239,-0.130924988564,0.)) ;
#4650=DIRECTION('Vector Direction',(0.889580139077,-0.456779132798,0.)) ;
#4657=DIRECTION('Vector Direction',(0.583666208744,-0.811993692568,0.)) ;
#4664=DIRECTION('Vector Direction',(0.167721730057,-0.985834378213,0.)) ;
#4671=DIRECTION('Vector Direction',(-0.171957752308,-0.985104325146,0.)) ;
#4678=DIRECTION('Vector Direction',(-0.606043810121,-0.795431266807,0.)) ;
#4685=DIRECTION('Vector Direction',(-0.920027734087,-0.391853248692,0.)) ;
#4692=DIRECTION('Vector Direction',(-0.995785891156,-0.0917085545354,0.)) ;
#4699=DIRECTION('Vector Direction',(-1.,0.,0.)) ;
#4706=DIRECTION('Vector Direction',(0.207855181713,0.978159610409,0.)) ;
#4725=DIRECTION('Axis2P3D Direction',(1.,0.,-0.)) ;
#4726=DIRECTION('Axis2P3D XDirection',(0.,0.,1.)) ;
#4739=DIRECTION('Vector Direction',(1.,0.,0.)) ;
#4760=DIRECTION('Axis2P3D Direction',(0.207855181713,0.978159610409,-0.)) ;
#4761=DIRECTION('Axis2P3D XDirection',(0.,0.,1.)) ;
#4773=DIRECTION('Vector Direction',(0.207855181713,0.978159610409,0.)) ;
#4785=DIRECTION('Axis2P3D Direction',(-1.,0.,0.)) ;
#4786=DIRECTION('Axis2P3D XDirection',(0.,0.,1.)) ;
#4798=DIRECTION('Vector Direction',(-1.,0.,0.)) ;
#4810=DIRECTION('Axis2P3D Direction',(-0.995785891156,-0.0917085545354,0.)) ;
#4811=DIRECTION('Axis2P3D XDirection',(0.,0.,1.)) ;
#4824=DIRECTION('Vector Direction',(-0.995785891156,-0.0917085545354,0.)) ;
#4836=DIRECTION('Axis2P3D Direction',(-0.920027734087,-0.391853248692,0.)) ;
#4837=DIRECTION('Axis2P3D XDirection',(0.,0.,1.)) ;
#4850=DIRECTION('Vector Direction',(-0.920027734087,-0.391853248692,0.)) ;
#4862=DIRECTION('Axis2P3D Direction',(-0.606043810121,-0.795431266807,0.)) ;
#4863=DIRECTION('Axis2P3D XDirection',(0.,0.,1.)) ;
#4875=DIRECTION('Vector Direction',(-0.606043810121,-0.795431266807,0.)) ;
#4887=DIRECTION('Axis2P3D Direction',(-0.171957752308,-0.985104325146,0.)) ;
#4888=DIRECTION('Axis2P3D XDirection',(0.,0.,1.)) ;
#4900=DIRECTION('Vector Direction',(-0.171957752308,-0.985104325146,0.)) ;
#4912=DIRECTION('Axis2P3D Direction',(0.167721730057,-0.985834378213,0.)) ;
#4913=DIRECTION('Axis2P3D XDirection',(0.,0.,1.)) ;
#4926=DIRECTION('Vector Direction',(0.167721730057,-0.985834378213,0.)) ;
#4938=DIRECTION('Axis2P3D Direction',(0.583666208744,-0.811993692568,0.)) ;
#4939=DIRECTION('Axis2P3D XDirection',(0.,0.,1.)) ;
#4952=DIRECTION('Vector Direction',(0.583666208744,-0.811993692568,0.)) ;
#4964=DIRECTION('Axis2P3D Direction',(0.889580139077,-0.456779132798,0.)) ;
#4965=DIRECTION('Axis2P3D XDirection',(0.,0.,1.)) ;
#4978=DIRECTION('Vector Direction',(0.889580139077,-0.456779132798,0.)) ;
#4990=DIRECTION('Axis2P3D Direction',(0.991392277239,-0.130924988564,0.)) ;
#4991=DIRECTION('Axis2P3D XDirection',(0.,0.,1.)) ;
#4995=DIRECTION('Vector Direction',(0.991392277239,-0.130924988564,0.)) ;
#5007=DIRECTION('Vector Direction',(-0.205908172778,-0.978571317985,0.)) ;
#5016=DIRECTION('Vector Direction',(-0.264248485363,-0.964454632413,0.)) ;
#5023=DIRECTION('Vector Direction',(-0.507026542827,-0.861930440853,0.)) ;
#5030=DIRECTION('Vector Direction',(-0.829254435554,-0.558871256295,0.)) ;
#5037=DIRECTION('Vector Direction',(-0.991102202699,-0.133103057086,0.)) ;
#5044=DIRECTION('Vector Direction',(-0.994309714123,0.106527894943,0.)) ;
#5051=DIRECTION('Vector Direction',(-0.885378669054,0.464870532927,0.)) ;
#5058=DIRECTION('Vector Direction',(-0.603875464195,0.797078681025,0.)) ;
#5065=DIRECTION('Vector Direction',(-0.164427937106,0.986389098429,0.)) ;
#5072=DIRECTION('Vector Direction',(0.0748261311116,0.997196595513,0.)) ;
#5079=DIRECTION('Vector Direction',(0.193008716069,0.981197042149,0.)) ;
#5086=DIRECTION('Vector Direction',(-1.,0.,0.)) ;
#5093=DIRECTION('Vector Direction',(-0.125168099363,-0.992135548653,0.)) ;
#5100=DIRECTION('Vector Direction',(0.1703600457,-0.985381882738,0.)) ;
#5107=DIRECTION('Vector Direction',(0.593196861641,-0.805057441019,0.)) ;
#5114=DIRECTION('Vector Direction',(0.899506253175,-0.4369078856,0.)) ;
#5121=DIRECTION('Vector Direction',(0.992586899953,-0.12153701511,0.)) ;
#5128=DIRECTION('Vector Direction',(0.991140329075,0.13281885439,0.)) ;
#5135=DIRECTION('Vector Direction',(0.878846584447,0.477104475986,0.)) ;
#5142=DIRECTION('Vector Direction',(0.588183343656,0.808727614371,0.)) ;
#5149=DIRECTION('Vector Direction',(0.30728085545,0.951618871121,0.)) ;
#5156=DIRECTION('Vector Direction',(0.208188302851,0.97808876415,0.)) ;
#5163=DIRECTION('Vector Direction',(-1.,0.,0.)) ;
#5194=DIRECTION('Axis2P3D Direction',(-1.,0.,0.)) ;
#5195=DIRECTION('Axis2P3D XDirection',(-0.,-1.83697019872E-016,1.)) ;
#5216=DIRECTION('Vector Direction',(-1.,0.,0.)) ;
#5228=DIRECTION('Axis2P3D Direction',(-0.205908172778,-0.978571317985,0.)) ;
#5229=DIRECTION('Axis2P3D XDirection',(1.79760634846E-016,-3.78247177067E-017,1.)) ;
#5241=DIRECTION('Vector Direction',(-0.205908172778,-0.978571317985,0.)) ;
#5253=DIRECTION('Axis2P3D Direction',(-0.264248485363,-0.964454632413,0.)) ;
#5254=DIRECTION('Axis2P3D XDirection',(1.77167441776E-016,-4.85416592669E-017,1.)) ;
#5267=DIRECTION('Vector Direction',(-0.264248485363,-0.964454632413,0.)) ;
#5279=DIRECTION('Axis2P3D Direction',(-0.507026542827,-0.861930440853,0.)) ;
#5280=DIRECTION('Axis2P3D XDirection',(1.58334053322E-016,-9.31392649133E-017,1.)) ;
#5292=DIRECTION('Vector Direction',(-0.507026542827,-0.861930440853,0.)) ;
#5304=DIRECTION('Axis2P3D Direction',(-0.829254435554,-0.558871256295,0.)) ;
#5305=DIRECTION('Axis2P3D XDirection',(1.02662984274E-016,-1.52331568527E-016,1.)) ;
#5318=DIRECTION('Vector Direction',(-0.829254435554,-0.558871256295,0.)) ;
#5330=DIRECTION('Axis2P3D Direction',(-0.991102202699,-0.133103057086,0.)) ;
#5331=DIRECTION('Axis2P3D XDirection',(2.44506349225E-017,-1.82062521024E-016,1.)) ;
#5343=DIRECTION('Vector Direction',(-0.991102202699,-0.133103057086,0.)) ;
#5355=DIRECTION('Axis2P3D Direction',(-0.994309714123,0.106527894943,0.)) ;
#5356=DIRECTION('Axis2P3D XDirection',(-1.95688568343E-017,-1.82651731314E-016,1.)) ;
#5369=DIRECTION('Vector Direction',(-0.994309714123,0.106527894943,0.)) ;
#5381=DIRECTION('Axis2P3D Direction',(-0.885378669054,0.464870532927,0.)) ;
#5382=DIRECTION('Axis2P3D XDirection',(-8.5395331525E-017,-1.62641422964E-016,1.)) ;
#5395=DIRECTION('Vector Direction',(-0.885378669054,0.464870532927,0.)) ;
#5407=DIRECTION('Axis2P3D Direction',(-0.603875464195,0.797078681025,0.)) ;
#5408=DIRECTION('Axis2P3D XDirection',(-1.46420978308E-016,-1.10930123146E-016,1.)) ;
#5420=DIRECTION('Vector Direction',(-0.603875464195,0.797078681025,0.)) ;
#5432=DIRECTION('Axis2P3D Direction',(-0.164427937106,0.986389098429,0.)) ;
#5433=DIRECTION('Axis2P3D XDirection',(-1.81196737816E-016,-3.02049220301E-017,1.)) ;
#5446=DIRECTION('Vector Direction',(-0.164427937106,0.986389098429,0.)) ;
#5458=DIRECTION('Axis2P3D Direction',(0.0748261311116,0.997196595513,0.)) ;
#5459=DIRECTION('Axis2P3D XDirection',(-1.83182042822E-016,1.37453372938E-017,1.)) ;
#5472=DIRECTION('Vector Direction',(0.0748261311116,0.997196595513,0.)) ;
#5484=DIRECTION('Axis2P3D Direction',(0.193008716069,0.981197042149,0.)) ;
#5485=DIRECTION('Axis2P3D XDirection',(-1.8024297255E-016,3.54551259513E-017,1.)) ;
#5497=DIRECTION('Vector Direction',(0.193008716069,0.981197042149,0.)) ;
#5509=DIRECTION('Axis2P3D Direction',(-1.,0.,0.)) ;
#5510=DIRECTION('Axis2P3D XDirection',(-0.,-1.83697019872E-016,1.)) ;
#5522=DIRECTION('Vector Direction',(-1.,0.,0.)) ;
#5534=DIRECTION('Axis2P3D Direction',(-0.125168099363,-0.992135548653,0.)) ;
#5535=DIRECTION('Axis2P3D XDirection',(1.82252343597E-016,-2.2993006836E-017,1.)) ;
#5548=DIRECTION('Vector Direction',(-0.125168099363,-0.992135548653,0.)) ;
#5560=DIRECTION('Axis2P3D Direction',(0.1703600457,-0.985381882738,0.)) ;
#5561=DIRECTION('Axis2P3D XDirection',(1.81011715295E-016,3.12946327004E-017,1.)) ;
#5573=DIRECTION('Vector Direction',(0.1703600457,-0.985381882738,0.)) ;
#5585=DIRECTION('Axis2P3D Direction',(0.593196861641,-0.805057441019,0.)) ;
#5586=DIRECTION('Axis2P3D XDirection',(1.47886652741E-016,1.08968495681E-016,1.)) ;
#5599=DIRECTION('Vector Direction',(0.593196861641,-0.805057441019,0.)) ;
#5611=DIRECTION('Axis2P3D Direction',(0.899506253175,-0.4369078856,0.)) ;
#5612=DIRECTION('Axis2P3D XDirection',(8.02586765434E-017,1.65236618065E-016,1.)) ;
#5624=DIRECTION('Vector Direction',(0.899506253175,-0.4369078856,0.)) ;
#5636=DIRECTION('Axis2P3D Direction',(0.992586899953,-0.12153701511,0.)) ;
#5637=DIRECTION('Axis2P3D XDirection',(2.23259874799E-017,1.82335255485E-016,1.)) ;
#5650=DIRECTION('Vector Direction',(0.992586899953,-0.12153701511,0.)) ;
#5662=DIRECTION('Axis2P3D Direction',(0.991140329075,0.13281885439,0.)) ;
#5663=DIRECTION('Axis2P3D XDirection',(-2.43984277342E-017,1.82069524726E-016,1.)) ;
#5676=DIRECTION('Vector Direction',(0.991140329075,0.13281885439,0.)) ;
#5688=DIRECTION('Axis2P3D Direction',(0.878846584447,0.477104475986,0.)) ;
#5689=DIRECTION('Axis2P3D XDirection',(-8.76426704064E-017,1.61441498488E-016,1.)) ;
#5702=DIRECTION('Vector Direction',(0.878846584447,0.477104475986,0.)) ;
#5714=DIRECTION('Axis2P3D Direction',(0.588183343656,0.808727614371,0.)) ;
#5715=DIRECTION('Axis2P3D XDirection',(-1.48560852648E-016,1.08047527368E-016,1.)) ;
#5728=DIRECTION('Vector Direction',(0.588183343656,0.808727614371,0.)) ;
#5740=DIRECTION('Axis2P3D Direction',(0.30728085545,0.951618871121,0.)) ;
#5741=DIRECTION('Axis2P3D XDirection',(-1.74809550679E-016,5.64465774099E-017,1.)) ;
#5753=DIRECTION('Vector Direction',(0.30728085545,0.951618871121,0.)) ;
#5765=DIRECTION('Axis2P3D Direction',(0.208188302851,0.97808876415,0.)) ;
#5766=DIRECTION('Axis2P3D XDirection',(-1.79671991145E-016,3.82435708059E-017,1.)) ;
#5770=DIRECTION('Vector Direction',(0.208188302851,0.97808876415,0.)) ;
#5782=DIRECTION('Vector Direction',(0.211964514868,0.977277363105,0.)) ;
#5791=DIRECTION('Vector Direction',(-1.,0.,0.)) ;
#5798=DIRECTION('Vector Direction',(0.209800251199,0.977744268506,0.)) ;
#5805=DIRECTION('Vector Direction',(1.,0.,0.)) ;
#5812=DIRECTION('Vector Direction',(0.198355890485,0.98013006316,0.)) ;
#5819=DIRECTION('Vector Direction',(-1.,0.,0.)) ;
#5826=DIRECTION('Vector Direction',(0.20858839229,0.978003518706,0.)) ;
#5833=DIRECTION('Vector Direction',(1.,0.,0.)) ;
#5840=DIRECTION('Vector Direction',(0.211953826717,0.977279681227,0.)) ;
#5847=DIRECTION('Vector Direction',(-1.,0.,0.)) ;
#5854=DIRECTION('Vector Direction',(-0.208561130258,-0.97800933275,0.)) ;
#5861=DIRECTION('Vector Direction',(1.,0.,0.)) ;
#5881=DIRECTION('Axis2P3D Direction',(1.,0.,0.)) ;
#5882=DIRECTION('Axis2P3D XDirection',(-0.,1.83697019872E-016,1.)) ;
#5903=DIRECTION('Vector Direction',(1.,0.,0.)) ;
#5915=DIRECTION('Axis2P3D Direction',(0.211964514868,0.977277363105,0.)) ;
#5916=DIRECTION('Axis2P3D XDirection',(-1.79522939191E-016,3.89372497E-017,1.)) ;
#5928=DIRECTION('Vector Direction',(0.211964514868,0.977277363105,0.)) ;
#5940=DIRECTION('Axis2P3D Direction',(-1.,0.,0.)) ;
#5941=DIRECTION('Axis2P3D XDirection',(-0.,-1.83697019872E-016,1.)) ;
#5953=DIRECTION('Vector Direction',(-1.,0.,0.)) ;
#5965=DIRECTION('Axis2P3D Direction',(0.209800251199,0.977744268506,0.)) ;
#5966=DIRECTION('Axis2P3D XDirection',(-1.79608708322E-016,3.85396809137E-017,1.)) ;
#5978=DIRECTION('Vector Direction',(0.209800251199,0.977744268506,0.)) ;
#5990=DIRECTION('Axis2P3D Direction',(1.,0.,0.)) ;
#5991=DIRECTION('Axis2P3D XDirection',(-0.,1.83697019872E-016,1.)) ;
#6003=DIRECTION('Vector Direction',(1.,0.,0.)) ;
#6015=DIRECTION('Axis2P3D Direction',(0.198355890485,0.98013006316,0.)) ;
#6016=DIRECTION('Axis2P3D XDirection',(-1.8004697169E-016,3.64373859561E-017,1.)) ;
#6028=DIRECTION('Vector Direction',(0.198355890485,0.98013006316,0.)) ;
#6040=DIRECTION('Axis2P3D Direction',(-1.,0.,0.)) ;
#6041=DIRECTION('Axis2P3D XDirection',(-0.,-1.83697019872E-016,1.)) ;
#6053=DIRECTION('Vector Direction',(-1.,0.,0.)) ;
#6065=DIRECTION('Axis2P3D Direction',(0.20858839229,0.978003518706,0.)) ;
#6066=DIRECTION('Axis2P3D XDirection',(-1.79656331811E-016,3.83170660435E-017,1.)) ;
#6078=DIRECTION('Vector Direction',(0.20858839229,0.978003518706,0.)) ;
#6090=DIRECTION('Axis2P3D Direction',(1.,0.,0.)) ;
#6091=DIRECTION('Axis2P3D XDirection',(-0.,1.83697019872E-016,1.)) ;
#6104=DIRECTION('Vector Direction',(1.,0.,0.)) ;
#6116=DIRECTION('Axis2P3D Direction',(0.211953826717,0.977279681227,0.)) ;
#6117=DIRECTION('Axis2P3D XDirection',(-1.79523365023E-016,3.89352863184E-017,1.)) ;
#6129=DIRECTION('Vector Direction',(0.211953826717,0.977279681227,0.)) ;
#6141=DIRECTION('Axis2P3D Direction',(-1.,0.,0.)) ;
#6142=DIRECTION('Axis2P3D XDirection',(-0.,-1.83697019872E-016,1.)) ;
#6154=DIRECTION('Vector Direction',(-1.,0.,0.)) ;
#6166=DIRECTION('Axis2P3D Direction',(-0.208561130258,-0.97800933275,0.)) ;
#6167=DIRECTION('Axis2P3D XDirection',(1.79657399833E-016,-3.83120580896E-017,1.)) ;
#6171=DIRECTION('Vector Direction',(-0.208561130258,-0.97800933275,0.)) ;
#6183=DIRECTION('Vector Direction',(0.200705261612,0.979651671749,0.)) ;
#6192=DIRECTION('Vector Direction',(-1.,0.,0.)) ;
#6199=DIRECTION('Vector Direction',(-0.223122658591,-0.974790377067,0.)) ;
#6206=DIRECTION('Vector Direction',(1.,0.,0.)) ;
#6213=DIRECTION('Vector Direction',(-0.211174267502,-0.977448427665,0.)) ;
#6220=DIRECTION('Vector Direction',(1.,0.,0.)) ;
#6227=DIRECTION('Vector Direction',(0.208115627393,0.978104230455,0.)) ;
#6234=DIRECTION('Vector Direction',(1.,0.,0.)) ;
#6250=DIRECTION('Axis2P3D Direction',(1.,0.,0.)) ;
#6251=DIRECTION('Axis2P3D XDirection',(-0.,1.83697019872E-016,1.)) ;
#6272=DIRECTION('Vector Direction',(1.,0.,0.)) ;
#6284=DIRECTION('Axis2P3D Direction',(0.200705261612,0.979651671749,0.)) ;
#6285=DIRECTION('Axis2P3D XDirection',(-1.79959092613E-016,3.68689584308E-017,1.)) ;
#6297=DIRECTION('Vector Direction',(0.200705261612,0.979651671749,0.)) ;
#6309=DIRECTION('Axis2P3D Direction',(-1.,0.,0.)) ;
#6310=DIRECTION('Axis2P3D XDirection',(-0.,-1.83697019872E-016,1.)) ;
#6323=DIRECTION('Vector Direction',(-1.,0.,0.)) ;
#6335=DIRECTION('Axis2P3D Direction',(-0.223122658591,-0.974790377067,0.)) ;
#6336=DIRECTION('Axis2P3D XDirection',(1.79066087267E-016,-4.09869674491E-017,1.)) ;
#6348=DIRECTION('Vector Direction',(-0.223122658591,-0.974790377067,0.)) ;
#6360=DIRECTION('Axis2P3D Direction',(1.,0.,0.)) ;
#6361=DIRECTION('Axis2P3D XDirection',(-0.,1.83697019872E-016,1.)) ;
#6373=DIRECTION('Vector Direction',(1.,0.,0.)) ;
#6385=DIRECTION('Axis2P3D Direction',(-0.211174267502,-0.977448427665,0.)) ;
#6386=DIRECTION('Axis2P3D XDirection',(1.79554363241E-016,-3.87920836137E-017,1.)) ;
#6398=DIRECTION('Vector Direction',(-0.211174267502,-0.977448427665,0.)) ;
#6410=DIRECTION('Axis2P3D Direction',(1.,0.,0.)) ;
#6411=DIRECTION('Axis2P3D XDirection',(-0.,1.83697019872E-016,1.)) ;
#6423=DIRECTION('Vector Direction',(1.,0.,0.)) ;
#6435=DIRECTION('Axis2P3D Direction',(0.208115627393,0.978104230455,0.)) ;
#6436=DIRECTION('Axis2P3D XDirection',(-1.79674832259E-016,3.8230220541E-017,1.)) ;
#6440=DIRECTION('Vector Direction',(0.208115627393,0.978104230455,0.)) ;
#6452=DIRECTION('Axis2P3D Direction',(0.,-1.,0.)) ;
#6453=DIRECTION('Axis2P3D XDirection',(1.,0.,0.)) ;
#6457=DIRECTION('Vector Direction',(0.,0.,1.)) ;
#6464=DIRECTION('Vector Direction',(0.,0.,1.)) ;
#6471=DIRECTION('Vector Direction',(1.,0.,0.)) ;
#6483=DIRECTION('Axis2P3D Direction',(-0.978294972696,0.207217147934,0.)) ;
#6484=DIRECTION('Axis2P3D XDirection',(-0.207217147934,-0.978294972696,-0.)) ;
#6488=DIRECTION('Vector Direction',(0.,0.,1.)) ;
#6495=DIRECTION('Vector Direction',(-0.207217147934,-0.978294972696,0.)) ;
#6507=DIRECTION('Axis2P3D Direction',(0.978297227856,-0.20720650079,0.)) ;
#6508=DIRECTION('Axis2P3D XDirection',(0.20720650079,0.978297227856,0.)) ;
#6512=DIRECTION('Vector Direction',(0.,0.,1.)) ;
#6519=DIRECTION('Vector Direction',(0.20720650079,0.978297227856,0.)) ;
#6531=DIRECTION('Axis2P3D Direction',(0.,1.,-0.)) ;
#6532=DIRECTION('Axis2P3D XDirection',(-1.,0.,0.)) ;
#6536=DIRECTION('Vector Direction',(0.,0.,1.)) ;
#6543=DIRECTION('Vector Direction',(-1.,0.,0.)) ;
#6555=DIRECTION('Axis2P3D Direction',(0.,-1.,0.)) ;
#6556=DIRECTION('Axis2P3D XDirection',(1.,0.,0.)) ;
#6560=DIRECTION('Vector Direction',(0.,0.,1.)) ;
#6567=DIRECTION('Vector Direction',(1.,0.,0.)) ;
#6579=DIRECTION('Axis2P3D Direction',(0.11684528594,-0.993150129212,0.)) ;
#6580=DIRECTION('Axis2P3D XDirection',(0.993150129212,0.11684528594,0.)) ;
#6584=DIRECTION('Vector Direction',(0.,0.,1.)) ;
#6591=DIRECTION('Vector Direction',(0.993150129212,0.11684528594,0.)) ;
#6603=DIRECTION('Axis2P3D Direction',(0.451419974934,-0.892311608257,0.)) ;
#6604=DIRECTION('Axis2P3D XDirection',(0.892311608257,0.451419974934,0.)) ;
#6608=DIRECTION('Vector Direction',(0.,0.,1.)) ;
#6615=DIRECTION('Vector Direction',(0.892311608257,0.451419974934,0.)) ;
#6627=DIRECTION('Axis2P3D Direction',(0.804184305838,-0.59438001501,0.)) ;
#6628=DIRECTION('Axis2P3D XDirection',(0.59438001501,0.804184305838,0.)) ;
#6632=DIRECTION('Vector Direction',(0.,0.,1.)) ;
#6639=DIRECTION('Vector Direction',(0.59438001501,0.804184305838,0.)) ;
#6651=DIRECTION('Axis2P3D Direction',(0.983211321047,-0.182470540543,0.)) ;
#6652=DIRECTION('Axis2P3D XDirection',(0.182470540543,0.983211321047,0.)) ;
#6656=DIRECTION('Vector Direction',(0.,0.,1.)) ;
#6663=DIRECTION('Vector Direction',(0.182470540543,0.983211321047,0.)) ;
#6675=DIRECTION('Axis2P3D Direction',(0.983872467588,0.178871371443,-0.)) ;
#6676=DIRECTION('Axis2P3D XDirection',(-0.178871371443,0.983872467588,0.)) ;
#6680=DIRECTION('Vector Direction',(0.,0.,1.)) ;
#6687=DIRECTION('Vector Direction',(-0.178871371443,0.983872467588,0.)) ;
#6699=DIRECTION('Axis2P3D Direction',(0.836450039259,0.54804318427,-0.)) ;
#6700=DIRECTION('Axis2P3D XDirection',(-0.54804318427,0.836450039259,0.)) ;
#6704=DIRECTION('Vector Direction',(0.,0.,1.)) ;
#6711=DIRECTION('Vector Direction',(-0.54804318427,0.836450039259,0.)) ;
#6723=DIRECTION('Axis2P3D Direction',(0.491601532255,0.870820264742,-0.)) ;
#6724=DIRECTION('Axis2P3D XDirection',(-0.870820264742,0.491601532255,0.)) ;
#6728=DIRECTION('Vector Direction',(0.,0.,1.)) ;
#6735=DIRECTION('Vector Direction',(-0.870820264742,0.491601532255,0.)) ;
#6747=DIRECTION('Axis2P3D Direction',(0.152958762637,0.988232572289,-0.)) ;
#6748=DIRECTION('Axis2P3D XDirection',(-0.988232572289,0.152958762637,0.)) ;
#6752=DIRECTION('Vector Direction',(-0.988232572289,0.152958762637,0.)) ;
#6764=DIRECTION('Axis2P3D Direction',(-1.,0.,0.)) ;
#6765=DIRECTION('Axis2P3D XDirection',(0.,0.,-1.)) ;
#6769=DIRECTION('Vector Direction',(-1.,0.,0.)) ;
#6799=DIRECTION('Axis2P3D Direction',(-0.207217147934,-0.978294972696,-0.)) ;
#6800=DIRECTION('Axis2P3D XDirection',(0.,0.,-1.)) ;
#6804=DIRECTION('Vector Direction',(-0.207217147934,-0.978294972696,0.)) ;
#6824=DIRECTION('Axis2P3D Direction',(1.,0.,0.)) ;
#6825=DIRECTION('Axis2P3D XDirection',(0.,0.,-1.)) ;
#6829=DIRECTION('Vector Direction',(1.,0.,0.)) ;
#6849=DIRECTION('Axis2P3D Direction',(0.20720650079,0.978297227856,0.)) ;
#6850=DIRECTION('Axis2P3D XDirection',(0.,0.,-1.)) ;
#6854=DIRECTION('Vector Direction',(0.20720650079,0.978297227856,0.)) ;
#6875=DIRECTION('Axis2P3D Direction',(1.,0.,0.)) ;
#6876=DIRECTION('Axis2P3D XDirection',(0.,0.,-1.)) ;
#6880=DIRECTION('Vector Direction',(1.,0.,0.)) ;
#6900=DIRECTION('Axis2P3D Direction',(0.993150129212,0.11684528594,0.)) ;
#6901=DIRECTION('Axis2P3D XDirection',(0.,0.,-1.)) ;
#6905=DIRECTION('Vector Direction',(0.993150129212,0.11684528594,0.)) ;
#6926=DIRECTION('Axis2P3D Direction',(0.892311608257,0.451419974934,0.)) ;
#6927=DIRECTION('Axis2P3D XDirection',(0.,0.,-1.)) ;
#6931=DIRECTION('Vector Direction',(0.892311608257,0.451419974934,0.)) ;
#6952=DIRECTION('Axis2P3D Direction',(0.59438001501,0.804184305838,0.)) ;
#6953=DIRECTION('Axis2P3D XDirection',(0.,0.,-1.)) ;
#6957=DIRECTION('Vector Direction',(0.59438001501,0.804184305838,0.)) ;
#6977=DIRECTION('Axis2P3D Direction',(0.182470540543,0.983211321047,0.)) ;
#6978=DIRECTION('Axis2P3D XDirection',(0.,0.,-1.)) ;
#6982=DIRECTION('Vector Direction',(0.182470540543,0.983211321047,0.)) ;
#7003=DIRECTION('Axis2P3D Direction',(-0.178871371443,0.983872467588,0.)) ;
#7004=DIRECTION('Axis2P3D XDirection',(0.,0.,-1.)) ;
#7008=DIRECTION('Vector Direction',(-0.178871371443,0.983872467588,0.)) ;
#7029=DIRECTION('Axis2P3D Direction',(-0.54804318427,0.836450039259,0.)) ;
#7030=DIRECTION('Axis2P3D XDirection',(0.,0.,-1.)) ;
#7034=DIRECTION('Vector Direction',(-0.54804318427,0.836450039259,0.)) ;
#7054=DIRECTION('Axis2P3D Direction',(-0.870820264742,0.491601532255,0.)) ;
#7055=DIRECTION('Axis2P3D XDirection',(0.,0.,-1.)) ;
#7059=DIRECTION('Vector Direction',(-0.870820264742,0.491601532255,0.)) ;
#7080=DIRECTION('Axis2P3D Direction',(-0.988232572289,0.152958762637,0.)) ;
#7081=DIRECTION('Axis2P3D XDirection',(0.,0.,-1.)) ;
#7085=DIRECTION('Vector Direction',(-0.988232572289,0.152958762637,0.)) ;
#7097=DIRECTION('Axis2P3D Direction',(-0.992135548653,0.125168099363,0.)) ;
#7098=DIRECTION('Axis2P3D XDirection',(-0.125168099363,-0.992135548653,-0.)) ;
#7102=DIRECTION('Vector Direction',(0.,0.,1.)) ;
#7109=DIRECTION('Vector Direction',(0.,0.,1.)) ;
#7116=DIRECTION('Vector Direction',(-0.125168099363,-0.992135548653,0.)) ;
#7128=DIRECTION('Axis2P3D Direction',(0.,1.,-0.)) ;
#7129=DIRECTION('Axis2P3D XDirection',(-1.,0.,0.)) ;
#7133=DIRECTION('Vector Direction',(0.,0.,1.)) ;
#7140=DIRECTION('Vector Direction',(-1.,0.,0.)) ;
#7152=DIRECTION('Axis2P3D Direction',(-0.985381882738,-0.1703600457,0.)) ;
#7153=DIRECTION('Axis2P3D XDirection',(0.1703600457,-0.985381882738,0.)) ;
#7157=DIRECTION('Vector Direction',(0.,0.,1.)) ;
#7164=DIRECTION('Vector Direction',(0.1703600457,-0.985381882738,0.)) ;
#7176=DIRECTION('Axis2P3D Direction',(0.981197042149,-0.193008716069,0.)) ;
#7177=DIRECTION('Axis2P3D XDirection',(0.193008716069,0.981197042149,0.)) ;
#7181=DIRECTION('Vector Direction',(0.,0.,1.)) ;
#7188=DIRECTION('Vector Direction',(0.193008716069,0.981197042149,0.)) ;
#7200=DIRECTION('Axis2P3D Direction',(-0.805057441019,-0.593196861641,0.)) ;
#7201=DIRECTION('Axis2P3D XDirection',(0.593196861641,-0.805057441019,0.)) ;
#7205=DIRECTION('Vector Direction',(0.,0.,1.)) ;
#7212=DIRECTION('Vector Direction',(0.593196861641,-0.805057441019,0.)) ;
#7224=DIRECTION('Axis2P3D Direction',(-0.4369078856,-0.899506253175,0.)) ;
#7225=DIRECTION('Axis2P3D XDirection',(0.899506253175,-0.4369078856,0.)) ;
#7229=DIRECTION('Vector Direction',(0.,0.,1.)) ;
#7236=DIRECTION('Vector Direction',(0.899506253175,-0.4369078856,0.)) ;
#7248=DIRECTION('Axis2P3D Direction',(-0.12153701511,-0.992586899953,0.)) ;
#7249=DIRECTION('Axis2P3D XDirection',(0.992586899953,-0.12153701511,0.)) ;
#7253=DIRECTION('Vector Direction',(0.,0.,1.)) ;
#7260=DIRECTION('Vector Direction',(0.992586899953,-0.12153701511,0.)) ;
#7272=DIRECTION('Axis2P3D Direction',(0.13281885439,-0.991140329075,0.)) ;
#7273=DIRECTION('Axis2P3D XDirection',(0.991140329075,0.13281885439,0.)) ;
#7277=DIRECTION('Vector Direction',(0.,0.,1.)) ;
#7284=DIRECTION('Vector Direction',(0.991140329075,0.13281885439,0.)) ;
#7296=DIRECTION('Axis2P3D Direction',(0.477104475986,-0.878846584447,0.)) ;
#7297=DIRECTION('Axis2P3D XDirection',(0.878846584447,0.477104475986,0.)) ;
#7301=DIRECTION('Vector Direction',(0.,0.,1.)) ;
#7308=DIRECTION('Vector Direction',(0.878846584447,0.477104475986,0.)) ;
#7320=DIRECTION('Axis2P3D Direction',(0.808727614371,-0.588183343656,0.)) ;
#7321=DIRECTION('Axis2P3D XDirection',(0.588183343656,0.808727614371,0.)) ;
#7325=DIRECTION('Vector Direction',(0.,0.,1.)) ;
#7332=DIRECTION('Vector Direction',(0.588183343656,0.808727614371,0.)) ;
#7344=DIRECTION('Axis2P3D Direction',(0.951618871121,-0.30728085545,0.)) ;
#7345=DIRECTION('Axis2P3D XDirection',(0.30728085545,0.951618871121,0.)) ;
#7349=DIRECTION('Vector Direction',(0.,0.,1.)) ;
#7356=DIRECTION('Vector Direction',(0.30728085545,0.951618871121,0.)) ;
#7368=DIRECTION('Axis2P3D Direction',(0.97808876415,-0.208188302851,0.)) ;
#7369=DIRECTION('Axis2P3D XDirection',(0.208188302851,0.97808876415,0.)) ;
#7373=DIRECTION('Vector Direction',(0.,0.,1.)) ;
#7380=DIRECTION('Vector Direction',(0.208188302851,0.97808876415,0.)) ;
#7392=DIRECTION('Vector Direction',(0.,0.,1.)) ;
#7399=DIRECTION('Vector Direction',(-1.,0.,0.)) ;
#7411=DIRECTION('Axis2P3D Direction',(-0.978571317985,0.205908172778,0.)) ;
#7412=DIRECTION('Axis2P3D XDirection',(-0.205908172778,-0.978571317985,-0.)) ;
#7416=DIRECTION('Vector Direction',(0.,0.,1.)) ;
#7423=DIRECTION('Vector Direction',(-0.205908172778,-0.978571317985,0.)) ;
#7435=DIRECTION('Axis2P3D Direction',(-0.964454632413,0.264248485363,0.)) ;
#7436=DIRECTION('Axis2P3D XDirection',(-0.264248485363,-0.964454632413,-0.)) ;
#7440=DIRECTION('Vector Direction',(0.,0.,1.)) ;
#7447=DIRECTION('Vector Direction',(-0.264248485363,-0.964454632413,0.)) ;
#7459=DIRECTION('Axis2P3D Direction',(-0.861930440853,0.507026542827,0.)) ;
#7460=DIRECTION('Axis2P3D XDirection',(-0.507026542827,-0.861930440853,-0.)) ;
#7464=DIRECTION('Vector Direction',(0.,0.,1.)) ;
#7471=DIRECTION('Vector Direction',(-0.507026542827,-0.861930440853,0.)) ;
#7483=DIRECTION('Axis2P3D Direction',(-0.558871256295,0.829254435554,0.)) ;
#7484=DIRECTION('Axis2P3D XDirection',(-0.829254435554,-0.558871256295,-0.)) ;
#7488=DIRECTION('Vector Direction',(0.,0.,1.)) ;
#7495=DIRECTION('Vector Direction',(-0.829254435554,-0.558871256295,0.)) ;
#7507=DIRECTION('Axis2P3D Direction',(-0.133103057086,0.991102202699,0.)) ;
#7508=DIRECTION('Axis2P3D XDirection',(-0.991102202699,-0.133103057086,-0.)) ;
#7512=DIRECTION('Vector Direction',(0.,0.,1.)) ;
#7519=DIRECTION('Vector Direction',(-0.991102202699,-0.133103057086,0.)) ;
#7531=DIRECTION('Axis2P3D Direction',(0.106527894943,0.994309714123,-0.)) ;
#7532=DIRECTION('Axis2P3D XDirection',(-0.994309714123,0.106527894943,0.)) ;
#7536=DIRECTION('Vector Direction',(0.,0.,1.)) ;
#7543=DIRECTION('Vector Direction',(-0.994309714123,0.106527894943,0.)) ;
#7555=DIRECTION('Axis2P3D Direction',(0.464870532927,0.885378669054,-0.)) ;
#7556=DIRECTION('Axis2P3D XDirection',(-0.885378669054,0.464870532927,0.)) ;
#7560=DIRECTION('Vector Direction',(0.,0.,1.)) ;
#7567=DIRECTION('Vector Direction',(-0.885378669054,0.464870532927,0.)) ;
#7579=DIRECTION('Axis2P3D Direction',(0.797078681025,0.603875464195,-0.)) ;
#7580=DIRECTION('Axis2P3D XDirection',(-0.603875464195,0.797078681025,0.)) ;
#7584=DIRECTION('Vector Direction',(0.,0.,1.)) ;
#7591=DIRECTION('Vector Direction',(-0.603875464195,0.797078681025,0.)) ;
#7603=DIRECTION('Axis2P3D Direction',(0.986389098429,0.164427937106,-0.)) ;
#7604=DIRECTION('Axis2P3D XDirection',(-0.164427937106,0.986389098429,0.)) ;
#7608=DIRECTION('Vector Direction',(0.,0.,1.)) ;
#7615=DIRECTION('Vector Direction',(-0.164427937106,0.986389098429,0.)) ;
#7627=DIRECTION('Axis2P3D Direction',(0.997196595513,-0.0748261311117,0.)) ;
#7628=DIRECTION('Axis2P3D XDirection',(0.0748261311117,0.997196595513,0.)) ;
#7632=DIRECTION('Vector Direction',(0.0748261311117,0.997196595513,0.)) ;
#7644=DIRECTION('Axis2P3D Direction',(0.30728085545,0.951618871121,0.)) ;
#7645=DIRECTION('Axis2P3D XDirection',(0.,0.,-1.)) ;
#7649=DIRECTION('Vector Direction',(0.30728085545,0.951618871121,0.)) ;
#7678=DIRECTION('Axis2P3D Direction',(0.208188302851,0.97808876415,0.)) ;
#7679=DIRECTION('Axis2P3D XDirection',(0.,0.,-1.)) ;
#7683=DIRECTION('Vector Direction',(0.208188302851,0.97808876415,0.)) ;
#7703=DIRECTION('Axis2P3D Direction',(-1.,0.,0.)) ;
#7704=DIRECTION('Axis2P3D XDirection',(0.,0.,-1.)) ;
#7708=DIRECTION('Vector Direction',(-1.,0.,0.)) ;
#7728=DIRECTION('Axis2P3D Direction',(-0.205908172778,-0.978571317985,-0.)) ;
#7729=DIRECTION('Axis2P3D XDirection',(0.,0.,-1.)) ;
#7733=DIRECTION('Vector Direction',(-0.205908172778,-0.978571317985,0.)) ;
#7753=DIRECTION('Axis2P3D Direction',(-0.264248485363,-0.964454632413,-0.)) ;
#7754=DIRECTION('Axis2P3D XDirection',(0.,0.,-1.)) ;
#7758=DIRECTION('Vector Direction',(-0.264248485363,-0.964454632413,0.)) ;
#7778=DIRECTION('Axis2P3D Direction',(-0.507026542827,-0.861930440853,-0.)) ;
#7779=DIRECTION('Axis2P3D XDirection',(0.,0.,-1.)) ;
#7783=DIRECTION('Vector Direction',(-0.507026542827,-0.861930440853,0.)) ;
#7803=DIRECTION('Axis2P3D Direction',(-0.829254435554,-0.558871256295,-0.)) ;
#7804=DIRECTION('Axis2P3D XDirection',(0.,0.,-1.)) ;
#7808=DIRECTION('Vector Direction',(-0.829254435554,-0.558871256295,0.)) ;
#7829=DIRECTION('Axis2P3D Direction',(-0.991102202699,-0.133103057086,-0.)) ;
#7830=DIRECTION('Axis2P3D XDirection',(0.,0.,-1.)) ;
#7834=DIRECTION('Vector Direction',(-0.991102202699,-0.133103057086,0.)) ;
#7854=DIRECTION('Axis2P3D Direction',(-0.994309714123,0.106527894943,0.)) ;
#7855=DIRECTION('Axis2P3D XDirection',(0.,0.,-1.)) ;
#7859=DIRECTION('Vector Direction',(-0.994309714123,0.106527894943,0.)) ;
#7880=DIRECTION('Axis2P3D Direction',(-0.885378669054,0.464870532927,0.)) ;
#7881=DIRECTION('Axis2P3D XDirection',(0.,0.,-1.)) ;
#7885=DIRECTION('Vector Direction',(-0.885378669054,0.464870532927,0.)) ;
#7906=DIRECTION('Axis2P3D Direction',(-0.603875464195,0.797078681025,0.)) ;
#7907=DIRECTION('Axis2P3D XDirection',(0.,0.,-1.)) ;
#7911=DIRECTION('Vector Direction',(-0.603875464195,0.797078681025,0.)) ;
#7931=DIRECTION('Axis2P3D Direction',(-0.164427937106,0.986389098429,0.)) ;
#7932=DIRECTION('Axis2P3D XDirection',(0.,0.,-1.)) ;
#7936=DIRECTION('Vector Direction',(-0.164427937106,0.986389098429,0.)) ;
#7957=DIRECTION('Axis2P3D Direction',(0.0748261311117,0.997196595513,0.)) ;
#7958=DIRECTION('Axis2P3D XDirection',(0.,0.,-1.)) ;
#7962=DIRECTION('Vector Direction',(0.0748261311117,0.997196595513,0.)) ;
#7982=DIRECTION('Axis2P3D Direction',(0.193008716069,0.981197042149,0.)) ;
#7983=DIRECTION('Axis2P3D XDirection',(0.,0.,-1.)) ;
#7987=DIRECTION('Vector Direction',(0.193008716069,0.981197042149,0.)) ;
#8007=DIRECTION('Axis2P3D Direction',(-1.,0.,0.)) ;
#8008=DIRECTION('Axis2P3D XDirection',(0.,0.,-1.)) ;
#8012=DIRECTION('Vector Direction',(-1.,0.,0.)) ;
#8032=DIRECTION('Axis2P3D Direction',(-0.125168099363,-0.992135548653,-0.)) ;
#8033=DIRECTION('Axis2P3D XDirection',(0.,0.,-1.)) ;
#8037=DIRECTION('Vector Direction',(-0.125168099363,-0.992135548653,0.)) ;
#8058=DIRECTION('Axis2P3D Direction',(0.1703600457,-0.985381882738,0.)) ;
#8059=DIRECTION('Axis2P3D XDirection',(0.,0.,-1.)) ;
#8063=DIRECTION('Vector Direction',(0.1703600457,-0.985381882738,0.)) ;
#8084=DIRECTION('Axis2P3D Direction',(0.593196861641,-0.805057441019,0.)) ;
#8085=DIRECTION('Axis2P3D XDirection',(0.,0.,-1.)) ;
#8089=DIRECTION('Vector Direction',(0.593196861641,-0.805057441019,0.)) ;
#8110=DIRECTION('Axis2P3D Direction',(0.899506253175,-0.4369078856,0.)) ;
#8111=DIRECTION('Axis2P3D XDirection',(0.,0.,-1.)) ;
#8115=DIRECTION('Vector Direction',(0.899506253175,-0.4369078856,0.)) ;
#8136=DIRECTION('Axis2P3D Direction',(0.992586899953,-0.12153701511,0.)) ;
#8137=DIRECTION('Axis2P3D XDirection',(0.,0.,-1.)) ;
#8141=DIRECTION('Vector Direction',(0.992586899953,-0.12153701511,0.)) ;
#8162=DIRECTION('Axis2P3D Direction',(0.991140329075,0.13281885439,0.)) ;
#8163=DIRECTION('Axis2P3D XDirection',(0.,0.,-1.)) ;
#8167=DIRECTION('Vector Direction',(0.991140329075,0.13281885439,0.)) ;
#8187=DIRECTION('Axis2P3D Direction',(0.878846584447,0.477104475986,0.)) ;
#8188=DIRECTION('Axis2P3D XDirection',(0.,0.,-1.)) ;
#8192=DIRECTION('Vector Direction',(0.878846584447,0.477104475986,0.)) ;
#8213=DIRECTION('Axis2P3D Direction',(0.588183343656,0.808727614371,0.)) ;
#8214=DIRECTION('Axis2P3D XDirection',(0.,0.,-1.)) ;
#8218=DIRECTION('Vector Direction',(0.588183343656,0.808727614371,0.)) ;
#8230=DIRECTION('Vector Direction',(0.,0.,1.)) ;
#8237=DIRECTION('Vector Direction',(0.,0.,1.)) ;
#8244=DIRECTION('Vector Direction',(1.,0.,0.)) ;
#8256=DIRECTION('Axis2P3D Direction',(-0.978580608613,0.205864014453,0.)) ;
#8257=DIRECTION('Axis2P3D XDirection',(-0.205864014453,-0.978580608613,-0.)) ;
#8261=DIRECTION('Vector Direction',(0.,0.,1.)) ;
#8268=DIRECTION('Vector Direction',(-0.205864014453,-0.978580608613,0.)) ;
#8280=DIRECTION('Axis2P3D Direction',(0.978171488168,-0.207799277516,0.)) ;
#8281=DIRECTION('Axis2P3D XDirection',(0.207799277516,0.978171488168,0.)) ;
#8285=DIRECTION('Vector Direction',(0.,0.,1.)) ;
#8292=DIRECTION('Vector Direction',(0.207799277516,0.978171488168,0.)) ;
#8304=DIRECTION('Vector Direction',(0.,0.,1.)) ;
#8311=DIRECTION('Vector Direction',(-1.,0.,0.)) ;
#8323=DIRECTION('Axis2P3D Direction',(-0.999904522859,-0.0138182909941,0.)) ;
#8324=DIRECTION('Axis2P3D XDirection',(0.0138182909941,-0.999904522859,0.)) ;
#8328=DIRECTION('Vector Direction',(0.,0.,1.)) ;
#8335=DIRECTION('Vector Direction',(0.0138182909941,-0.999904522859,0.)) ;
#8347=DIRECTION('Vector Direction',(0.,0.,1.)) ;
#8354=DIRECTION('Vector Direction',(1.,0.,0.)) ;
#8366=DIRECTION('Axis2P3D Direction',(0.917496880342,-0.397742975505,0.)) ;
#8367=DIRECTION('Axis2P3D XDirection',(0.397742975505,0.917496880342,0.)) ;
#8371=DIRECTION('Vector Direction',(0.,0.,1.)) ;
#8378=DIRECTION('Vector Direction',(0.397742975505,0.917496880342,0.)) ;
#8390=DIRECTION('Axis2P3D Direction',(-0.977480255634,0.211026893657,0.)) ;
#8391=DIRECTION('Axis2P3D XDirection',(-0.211026893657,-0.977480255634,-0.)) ;
#8395=DIRECTION('Vector Direction',(0.,0.,1.)) ;
#8402=DIRECTION('Vector Direction',(-0.211026893657,-0.977480255634,0.)) ;
#8414=DIRECTION('Vector Direction',(0.,0.,1.)) ;
#8421=DIRECTION('Vector Direction',(1.,0.,0.)) ;
#8433=DIRECTION('Axis2P3D Direction',(0.979145096953,-0.203162199025,0.)) ;
#8434=DIRECTION('Axis2P3D XDirection',(0.203162199025,0.979145096953,0.)) ;
#8438=DIRECTION('Vector Direction',(0.,0.,1.)) ;
#8445=DIRECTION('Vector Direction',(0.203162199025,0.979145096953,0.)) ;
#8457=DIRECTION('Vector Direction',(0.,0.,1.)) ;
#8464=DIRECTION('Vector Direction',(-1.,0.,0.)) ;
#8476=DIRECTION('Axis2P3D Direction',(-0.920043718489,0.391815716976,0.)) ;
#8477=DIRECTION('Axis2P3D XDirection',(-0.391815716976,-0.920043718489,-0.)) ;
#8481=DIRECTION('Vector Direction',(0.,0.,1.)) ;
#8488=DIRECTION('Vector Direction',(-0.391815716976,-0.920043718489,0.)) ;
#8500=DIRECTION('Axis2P3D Direction',(0.999665721941,0.0258542912686,-0.)) ;
#8501=DIRECTION('Axis2P3D XDirection',(-0.0258542912686,0.999665721941,0.)) ;
#8505=DIRECTION('Vector Direction',(-0.0258542912686,0.999665721941,0.)) ;
#8517=DIRECTION('Axis2P3D Direction',(1.,0.,0.)) ;
#8518=DIRECTION('Axis2P3D XDirection',(0.,0.,-1.)) ;
#8522=DIRECTION('Vector Direction',(1.,0.,0.)) ;
#8551=DIRECTION('Axis2P3D Direction',(0.203162199025,0.979145096953,0.)) ;
#8552=DIRECTION('Axis2P3D XDirection',(0.,0.,-1.)) ;
#8556=DIRECTION('Vector Direction',(0.203162199025,0.979145096953,0.)) ;
#8576=DIRECTION('Axis2P3D Direction',(-1.,0.,0.)) ;
#8577=DIRECTION('Axis2P3D XDirection',(0.,0.,-1.)) ;
#8581=DIRECTION('Vector Direction',(-1.,0.,0.)) ;
#8602=DIRECTION('Axis2P3D Direction',(-0.391815716976,-0.920043718489,-0.)) ;
#8603=DIRECTION('Axis2P3D XDirection',(0.,0.,-1.)) ;
#8607=DIRECTION('Vector Direction',(-0.391815716976,-0.920043718489,0.)) ;
#8638=DIRECTION('Axis2P3D Direction',(-0.0258542912686,0.999665721941,0.)) ;
#8639=DIRECTION('Axis2P3D XDirection',(0.,0.,-1.)) ;
#8643=DIRECTION('Vector Direction',(-0.0258542912686,0.999665721941,0.)) ;
#8663=DIRECTION('Axis2P3D Direction',(-1.,0.,0.)) ;
#8664=DIRECTION('Axis2P3D XDirection',(0.,0.,-1.)) ;
#8668=DIRECTION('Vector Direction',(-1.,0.,0.)) ;
#8689=DIRECTION('Axis2P3D Direction',(-0.205864014453,-0.978580608613,-0.)) ;
#8690=DIRECTION('Axis2P3D XDirection',(0.,0.,-1.)) ;
#8694=DIRECTION('Vector Direction',(-0.205864014453,-0.978580608613,0.)) ;
#8714=DIRECTION('Axis2P3D Direction',(1.,0.,0.)) ;
#8715=DIRECTION('Axis2P3D XDirection',(0.,0.,-1.)) ;
#8719=DIRECTION('Vector Direction',(1.,0.,0.)) ;
#8740=DIRECTION('Axis2P3D Direction',(0.207799277516,0.978171488168,0.)) ;
#8741=DIRECTION('Axis2P3D XDirection',(0.,0.,-1.)) ;
#8745=DIRECTION('Vector Direction',(0.207799277516,0.978171488168,0.)) ;
#8779=DIRECTION('Axis2P3D Direction',(0.0138182909941,-0.999904522859,0.)) ;
#8780=DIRECTION('Axis2P3D XDirection',(0.,0.,-1.)) ;
#8784=DIRECTION('Vector Direction',(0.0138182909941,-0.999904522859,0.)) ;
#8804=DIRECTION('Axis2P3D Direction',(1.,0.,0.)) ;
#8805=DIRECTION('Axis2P3D XDirection',(0.,0.,-1.)) ;
#8809=DIRECTION('Vector Direction',(1.,0.,0.)) ;
#8829=DIRECTION('Axis2P3D Direction',(0.397742975505,0.917496880342,0.)) ;
#8830=DIRECTION('Axis2P3D XDirection',(0.,0.,-1.)) ;
#8834=DIRECTION('Vector Direction',(0.397742975505,0.917496880342,0.)) ;
#8868=DIRECTION('Axis2P3D Direction',(-0.211026893657,-0.977480255634,-0.)) ;
#8869=DIRECTION('Axis2P3D XDirection',(0.,0.,-1.)) ;
#8873=DIRECTION('Vector Direction',(-0.211026893657,-0.977480255634,0.)) ;
#8885=DIRECTION('Vector Direction',(0.,0.,1.)) ;
#8892=DIRECTION('Vector Direction',(0.,0.,1.)) ;
#8899=DIRECTION('Vector Direction',(1.,0.,0.)) ;
#8911=DIRECTION('Axis2P3D Direction',(-0.97800933275,0.208561130258,0.)) ;
#8912=DIRECTION('Axis2P3D XDirection',(-0.208561130258,-0.97800933275,-0.)) ;
#8916=DIRECTION('Vector Direction',(0.,0.,1.)) ;
#8923=DIRECTION('Vector Direction',(-0.208561130258,-0.97800933275,0.)) ;
#8935=DIRECTION('Axis2P3D Direction',(0.977277363105,-0.211964514868,0.)) ;
#8936=DIRECTION('Axis2P3D XDirection',(0.211964514868,0.977277363105,0.)) ;
#8940=DIRECTION('Vector Direction',(0.,0.,1.)) ;
#8947=DIRECTION('Vector Direction',(0.211964514868,0.977277363105,0.)) ;
#8959=DIRECTION('Vector Direction',(0.,0.,1.)) ;
#8966=DIRECTION('Vector Direction',(-1.,0.,0.)) ;
#8978=DIRECTION('Axis2P3D Direction',(0.,1.,-0.)) ;
#8979=DIRECTION('Axis2P3D XDirection',(-1.,0.,0.)) ;
#8983=DIRECTION('Vector Direction',(0.,0.,1.)) ;
#8990=DIRECTION('Vector Direction',(-1.,0.,0.)) ;
#9002=DIRECTION('Axis2P3D Direction',(0.977744268506,-0.209800251199,0.)) ;
#9003=DIRECTION('Axis2P3D XDirection',(0.209800251199,0.977744268506,0.)) ;
#9007=DIRECTION('Vector Direction',(0.,0.,1.)) ;
#9014=DIRECTION('Vector Direction',(0.209800251199,0.977744268506,0.)) ;
#9026=DIRECTION('Axis2P3D Direction',(0.,-1.,0.)) ;
#9027=DIRECTION('Axis2P3D XDirection',(1.,0.,0.)) ;
#9031=DIRECTION('Vector Direction',(0.,0.,1.)) ;
#9038=DIRECTION('Vector Direction',(1.,0.,0.)) ;
#9050=DIRECTION('Axis2P3D Direction',(0.98013006316,-0.198355890485,0.)) ;
#9051=DIRECTION('Axis2P3D XDirection',(0.198355890485,0.98013006316,0.)) ;
#9055=DIRECTION('Vector Direction',(0.,0.,1.)) ;
#9062=DIRECTION('Vector Direction',(0.198355890485,0.98013006316,0.)) ;
#9074=DIRECTION('Axis2P3D Direction',(0.,1.,-0.)) ;
#9075=DIRECTION('Axis2P3D XDirection',(-1.,0.,0.)) ;
#9079=DIRECTION('Vector Direction',(0.,0.,1.)) ;
#9086=DIRECTION('Vector Direction',(-1.,0.,0.)) ;
#9098=DIRECTION('Axis2P3D Direction',(0.978003518706,-0.20858839229,0.)) ;
#9099=DIRECTION('Axis2P3D XDirection',(0.20858839229,0.978003518706,0.)) ;
#9103=DIRECTION('Vector Direction',(0.,0.,1.)) ;
#9110=DIRECTION('Vector Direction',(0.20858839229,0.978003518706,0.)) ;
#9122=DIRECTION('Axis2P3D Direction',(0.,-1.,0.)) ;
#9123=DIRECTION('Axis2P3D XDirection',(1.,0.,0.)) ;
#9127=DIRECTION('Vector Direction',(0.,0.,1.)) ;
#9134=DIRECTION('Vector Direction',(1.,0.,0.)) ;
#9146=DIRECTION('Axis2P3D Direction',(0.977279681228,-0.211953826717,0.)) ;
#9147=DIRECTION('Axis2P3D XDirection',(0.211953826717,0.977279681228,0.)) ;
#9151=DIRECTION('Vector Direction',(0.211953826717,0.977279681228,0.)) ;
#9163=DIRECTION('Axis2P3D Direction',(-1.,0.,0.)) ;
#9164=DIRECTION('Axis2P3D XDirection',(0.,0.,-1.)) ;
#9168=DIRECTION('Vector Direction',(-1.,0.,0.)) ;
#9197=DIRECTION('Axis2P3D Direction',(-0.208561130258,-0.97800933275,-0.)) ;
#9198=DIRECTION('Axis2P3D XDirection',(0.,0.,-1.)) ;
#9202=DIRECTION('Vector Direction',(-0.208561130258,-0.97800933275,0.)) ;
#9222=DIRECTION('Axis2P3D Direction',(1.,0.,0.)) ;
#9223=DIRECTION('Axis2P3D XDirection',(0.,0.,-1.)) ;
#9227=DIRECTION('Vector Direction',(1.,0.,0.)) ;
#9248=DIRECTION('Axis2P3D Direction',(0.211964514868,0.977277363105,0.)) ;
#9249=DIRECTION('Axis2P3D XDirection',(0.,0.,-1.)) ;
#9253=DIRECTION('Vector Direction',(0.211964514868,0.977277363105,0.)) ;
#9273=DIRECTION('Axis2P3D Direction',(-1.,0.,0.)) ;
#9274=DIRECTION('Axis2P3D XDirection',(0.,0.,-1.)) ;
#9278=DIRECTION('Vector Direction',(-1.,0.,0.)) ;
#9298=DIRECTION('Axis2P3D Direction',(0.209800251199,0.977744268506,0.)) ;
#9299=DIRECTION('Axis2P3D XDirection',(0.,0.,-1.)) ;
#9303=DIRECTION('Vector Direction',(0.209800251199,0.977744268506,0.)) ;
#9324=DIRECTION('Axis2P3D Direction',(1.,0.,0.)) ;
#9325=DIRECTION('Axis2P3D XDirection',(0.,0.,-1.)) ;
#9329=DIRECTION('Vector Direction',(1.,0.,0.)) ;
#9350=DIRECTION('Axis2P3D Direction',(0.198355890485,0.98013006316,0.)) ;
#9351=DIRECTION('Axis2P3D XDirection',(0.,0.,-1.)) ;
#9355=DIRECTION('Vector Direction',(0.198355890485,0.98013006316,0.)) ;
#9375=DIRECTION('Axis2P3D Direction',(-1.,0.,0.)) ;
#9376=DIRECTION('Axis2P3D XDirection',(0.,0.,-1.)) ;
#9380=DIRECTION('Vector Direction',(-1.,0.,0.)) ;
#9400=DIRECTION('Axis2P3D Direction',(0.20858839229,0.978003518706,0.)) ;
#9401=DIRECTION('Axis2P3D XDirection',(0.,0.,-1.)) ;
#9405=DIRECTION('Vector Direction',(0.20858839229,0.978003518706,0.)) ;
#9426=DIRECTION('Axis2P3D Direction',(1.,0.,0.)) ;
#9427=DIRECTION('Axis2P3D XDirection',(0.,0.,-1.)) ;
#9431=DIRECTION('Vector Direction',(1.,0.,0.)) ;
#9452=DIRECTION('Axis2P3D Direction',(0.211953826717,0.977279681227,0.)) ;
#9453=DIRECTION('Axis2P3D XDirection',(0.,0.,-1.)) ;
#9457=DIRECTION('Vector Direction',(0.211953826717,0.977279681227,0.)) ;
#9469=DIRECTION('Vector Direction',(0.,0.,1.)) ;
#9476=DIRECTION('Vector Direction',(0.,0.,1.)) ;
#9483=DIRECTION('Vector Direction',(1.,0.,0.)) ;
#9495=DIRECTION('Axis2P3D Direction',(-0.977448427665,0.211174267502,0.)) ;
#9496=DIRECTION('Axis2P3D XDirection',(-0.211174267502,-0.977448427665,-0.)) ;
#9500=DIRECTION('Vector Direction',(0.,0.,1.)) ;
#9507=DIRECTION('Vector Direction',(-0.211174267502,-0.977448427665,0.)) ;
#9519=DIRECTION('Axis2P3D Direction',(0.978104230455,-0.208115627393,0.)) ;
#9520=DIRECTION('Axis2P3D XDirection',(0.208115627393,0.978104230455,0.)) ;
#9524=DIRECTION('Vector Direction',(0.,0.,1.)) ;
#9531=DIRECTION('Vector Direction',(0.208115627393,0.978104230455,0.)) ;
#9543=DIRECTION('Vector Direction',(0.,0.,1.)) ;
#9550=DIRECTION('Vector Direction',(1.,0.,0.)) ;
#9562=DIRECTION('Vector Direction',(0.,0.,1.)) ;
#9569=DIRECTION('Vector Direction',(1.,0.,0.)) ;
#9581=DIRECTION('Axis2P3D Direction',(0.979651671749,-0.200705261612,0.)) ;
#9582=DIRECTION('Axis2P3D XDirection',(0.200705261612,0.979651671749,0.)) ;
#9586=DIRECTION('Vector Direction',(0.,0.,1.)) ;
#9593=DIRECTION('Vector Direction',(0.200705261612,0.979651671749,0.)) ;
#9605=DIRECTION('Vector Direction',(0.,0.,1.)) ;
#9612=DIRECTION('Vector Direction',(-1.,0.,0.)) ;
#9624=DIRECTION('Axis2P3D Direction',(-0.974790377067,0.223122658591,0.)) ;
#9625=DIRECTION('Axis2P3D XDirection',(-0.223122658591,-0.974790377067,-0.)) ;
#9629=DIRECTION('Vector Direction',(-0.223122658591,-0.974790377067,0.)) ;
#9641=DIRECTION('Axis2P3D Direction',(0.,0.,1.)) ;
#9642=DIRECTION('Axis2P3D XDirection',(1.,0.,0.)) ;
#9663=DIRECTION('Vector Direction',(1.,0.,0.)) ;
#9672=DIRECTION('Vector Direction',(-0.211174267502,-0.977448427665,0.)) ;
#9679=DIRECTION('Vector Direction',(1.,0.,0.)) ;
#9686=DIRECTION('Vector Direction',(-0.223122658591,-0.974790377067,0.)) ;
#9693=DIRECTION('Vector Direction',(-1.,0.,0.)) ;
#9700=DIRECTION('Vector Direction',(0.200705261612,0.979651671749,0.)) ;
#9707=DIRECTION('Vector Direction',(1.,0.,0.)) ;
#9714=DIRECTION('Vector Direction',(0.208115627393,0.978104230455,0.)) ;
#9823=DIRECTION('Axis2P3D Direction',(1.,0.,0.)) ;
#9824=DIRECTION('Axis2P3D XDirection',(0.,0.,-1.)) ;
#9848=DIRECTION('Axis2P3D Direction',(0.208115627393,0.978104230455,0.)) ;
#9849=DIRECTION('Axis2P3D XDirection',(0.,0.,-1.)) ;
#9867=DIRECTION('Axis2P3D Direction',(1.,0.,0.)) ;
#9868=DIRECTION('Axis2P3D XDirection',(0.,0.,-1.)) ;
#9886=DIRECTION('Axis2P3D Direction',(0.200705261612,0.979651671749,0.)) ;
#9887=DIRECTION('Axis2P3D XDirection',(0.,0.,-1.)) ;
#9904=DIRECTION('Axis2P3D Direction',(-1.,0.,0.)) ;
#9905=DIRECTION('Axis2P3D XDirection',(0.,0.,-1.)) ;
#9923=DIRECTION('Axis2P3D Direction',(-0.223122658591,-0.974790377067,-0.)) ;
#9924=DIRECTION('Axis2P3D XDirection',(0.,0.,-1.)) ;
#9941=DIRECTION('Axis2P3D Direction',(1.,0.,0.)) ;
#9942=DIRECTION('Axis2P3D XDirection',(0.,0.,-1.)) ;
#9959=DIRECTION('Axis2P3D Direction',(-0.211174267502,-0.977448427665,-0.)) ;
#9960=DIRECTION('Axis2P3D XDirection',(0.,0.,-1.)) ;
#9971=DIRECTION('Vector Direction',(-0.995785891156,-0.0917085545354,0.)) ;
#9980=DIRECTION('Vector Direction',(-0.920027734087,-0.391853248692,0.)) ;
#9987=DIRECTION('Vector Direction',(-0.606043810121,-0.795431266807,0.)) ;
#9994=DIRECTION('Vector Direction',(-0.171957752308,-0.985104325146,0.)) ;
#10001=DIRECTION('Vector Direction',(0.167721730057,-0.985834378213,0.)) ;
#10008=DIRECTION('Vector Direction',(0.583666208744,-0.811993692568,0.)) ;
#10015=DIRECTION('Vector Direction',(0.889580139077,-0.456779132798,0.)) ;
#10022=DIRECTION('Vector Direction',(0.991392277239,-0.130924988564,0.)) ;
#10029=DIRECTION('Vector Direction',(1.,0.,0.)) ;
#10036=DIRECTION('Vector Direction',(0.207855181713,0.978159610409,0.)) ;
#10043=DIRECTION('Vector Direction',(-1.,0.,0.)) ;
#10062=DIRECTION('Axis2P3D Direction',(0.978159610409,-0.207855181713,0.)) ;
#10063=DIRECTION('Axis2P3D XDirection',(0.207855181713,0.978159610409,0.)) ;
#10067=DIRECTION('Vector Direction',(0.,0.,1.)) ;
#10074=DIRECTION('Vector Direction',(0.,0.,1.)) ;
#10081=DIRECTION('Vector Direction',(0.207855181713,0.978159610409,0.)) ;
#10093=DIRECTION('Vector Direction',(0.,0.,1.)) ;
#10100=DIRECTION('Vector Direction',(1.,0.,0.)) ;
#10112=DIRECTION('Axis2P3D Direction',(-0.130924988564,-0.991392277239,0.)) ;
#10113=DIRECTION('Axis2P3D XDirection',(0.991392277239,-0.130924988564,0.)) ;
#10117=DIRECTION('Vector Direction',(0.,0.,1.)) ;
#10124=DIRECTION('Vector Direction',(0.991392277239,-0.130924988564,0.)) ;
#10136=DIRECTION('Axis2P3D Direction',(-0.456779132798,-0.889580139077,0.)) ;
#10137=DIRECTION('Axis2P3D XDirection',(0.889580139077,-0.456779132798,0.)) ;
#10141=DIRECTION('Vector Direction',(0.,0.,1.)) ;
#10148=DIRECTION('Vector Direction',(0.889580139077,-0.456779132798,0.)) ;
#10160=DIRECTION('Axis2P3D Direction',(-0.811993692568,-0.583666208744,0.)) ;
#10161=DIRECTION('Axis2P3D XDirection',(0.583666208744,-0.811993692568,0.)) ;
#10165=DIRECTION('Vector Direction',(0.,0.,1.)) ;
#10172=DIRECTION('Vector Direction',(0.583666208744,-0.811993692568,0.)) ;
#10184=DIRECTION('Axis2P3D Direction',(-0.985834378213,-0.167721730057,0.)) ;
#10185=DIRECTION('Axis2P3D XDirection',(0.167721730057,-0.985834378213,0.)) ;
#10189=DIRECTION('Vector Direction',(0.,0.,1.)) ;
#10196=DIRECTION('Vector Direction',(0.167721730057,-0.985834378213,0.)) ;
#10208=DIRECTION('Axis2P3D Direction',(-0.985104325146,0.171957752308,0.)) ;
#10209=DIRECTION('Axis2P3D XDirection',(-0.171957752308,-0.985104325146,-0.)) ;
#10213=DIRECTION('Vector Direction',(0.,0.,1.)) ;
#10220=DIRECTION('Vector Direction',(-0.171957752308,-0.985104325146,0.)) ;
#10232=DIRECTION('Axis2P3D Direction',(-0.795431266807,0.606043810121,0.)) ;
#10233=DIRECTION('Axis2P3D XDirection',(-0.606043810121,-0.795431266807,-0.)) ;
#10237=DIRECTION('Vector Direction',(0.,0.,1.)) ;
#10244=DIRECTION('Vector Direction',(-0.606043810121,-0.795431266807,0.)) ;
#10256=DIRECTION('Axis2P3D Direction',(-0.391853248692,0.920027734087,0.)) ;
#10257=DIRECTION('Axis2P3D XDirection',(-0.920027734087,-0.391853248692,-0.)) ;
#10261=DIRECTION('Vector Direction',(0.,0.,1.)) ;
#10268=DIRECTION('Vector Direction',(-0.920027734087,-0.391853248692,0.)) ;
#10280=DIRECTION('Axis2P3D Direction',(-0.0917085545354,0.995785891156,0.)) ;
#10281=DIRECTION('Axis2P3D XDirection',(-0.995785891156,-0.0917085545354,-0.)) ;
#10285=DIRECTION('Vector Direction',(0.,0.,1.)) ;
#10292=DIRECTION('Vector Direction',(-0.995785891156,-0.0917085545354,0.)) ;
#10304=DIRECTION('Axis2P3D Direction',(0.,1.,-0.)) ;
#10305=DIRECTION('Axis2P3D XDirection',(-1.,0.,0.)) ;
#10309=DIRECTION('Vector Direction',(-1.,0.,0.)) ;
#10321=DIRECTION('Axis2P3D Direction',(-1.,0.,0.)) ;
#10322=DIRECTION('Axis2P3D XDirection',(-0.,1.83697019872E-016,-1.)) ;
#10345=DIRECTION('Axis2P3D Direction',(-0.995785891156,-0.0917085545354,0.)) ;
#10346=DIRECTION('Axis2P3D XDirection',(-1.68465881649E-017,1.82922900636E-016,-1.)) ;
#10363=DIRECTION('Axis2P3D Direction',(-0.920027734087,-0.391853248692,0.)) ;
#10364=DIRECTION('Axis2P3D XDirection',(-7.1982274012E-017,1.69006352951E-016,-1.)) ;
#10381=DIRECTION('Axis2P3D Direction',(-0.606043810121,-0.795431266807,0.)) ;
#10382=DIRECTION('Axis2P3D XDirection',(-1.46118353226E-016,1.11328441831E-016,-1.)) ;
#10400=DIRECTION('Axis2P3D Direction',(-0.171957752308,-0.985104325146,0.)) ;
#10401=DIRECTION('Axis2P3D XDirection',(-1.80960728792E-016,3.15881266428E-017,-1.)) ;
#10418=DIRECTION('Axis2P3D Direction',(0.167721730057,-0.985834378213,0.)) ;
#10419=DIRECTION('Axis2P3D XDirection',(-1.81094837365E-016,-3.08099819792E-017,-1.)) ;
#10437=DIRECTION('Axis2P3D Direction',(0.583666208744,-0.811993692568,0.)) ;
#10438=DIRECTION('Axis2P3D XDirection',(-1.4916082148E-016,-1.07217743146E-016,-1.)) ;
#10456=DIRECTION('Axis2P3D Direction',(0.889580139077,-0.456779132798,0.)) ;
#10457=DIRECTION('Axis2P3D XDirection',(-8.39089654347E-017,-1.63413220486E-016,-1.)) ;
#10475=DIRECTION('Axis2P3D Direction',(0.991392277239,-0.130924988564,0.)) ;
#10476=DIRECTION('Axis2P3D XDirection',(-2.4050530226E-017,-1.82115806853E-016,-1.)) ;
#10494=DIRECTION('Axis2P3D Direction',(1.,0.,0.)) ;
#10495=DIRECTION('Axis2P3D XDirection',(-0.,-1.83697019872E-016,-1.)) ;
#10512=DIRECTION('Axis2P3D Direction',(0.207855181713,0.978159610409,0.)) ;
#10513=DIRECTION('Axis2P3D XDirection',(1.79685005391E-016,-3.81823774457E-017,-1.)) ;
#10528=DIRECTION('Axis2P3D Direction',(0.,-1.22464679915E-016,-1.)) ;
#10529=DIRECTION('Axis2P3D XDirection',(-1.,0.,0.)) ;
#10533=DIRECTION('Axis2P3D Direction',(0.,1.22464679915E-016,1.)) ;
#10542=DIRECTION('Axis2P3D Direction',(1.66533453694E-016,1.,-1.22464679915E-016)) ;
#10549=DIRECTION('Axis2P3D Direction',(0.,1.22464679915E-016,1.)) ;
#10556=DIRECTION('Axis2P3D Direction',(-5.55111512313E-017,-1.,1.22464679915E-016)) ;
#10568=DIRECTION('Axis2P3D Direction',(0.,-1.22464679915E-016,-1.)) ;
#10569=DIRECTION('Axis2P3D XDirection',(1.,8.881784197E-016,0.)) ;
#10573=DIRECTION('Axis2P3D Direction',(0.,1.22464679915E-016,1.)) ;
#10578=DIRECTION('Axis2P3D Direction',(0.,1.22464679915E-016,1.)) ;
#10590=DIRECTION('Axis2P3D Direction',(0.,1.22464679915E-016,1.)) ;
#10591=DIRECTION('Axis2P3D XDirection',(-1.,-0.,0.)) ;
#10595=DIRECTION('Vector Direction',(0.,1.,-1.32563943239E-016)) ;
#10604=DIRECTION('Vector Direction',(1.,0.,0.)) ;
#10611=DIRECTION('Axis2P3D Direction',(0.,1.22464679915E-016,1.)) ;
#10618=DIRECTION('Vector Direction',(0.,1.,-1.19562479575E-016)) ;
#10625=DIRECTION('Axis2P3D Direction',(0.,1.22464679915E-016,1.)) ;
#10632=DIRECTION('Vector Direction',(-1.,0.,0.)) ;
#10639=DIRECTION('Vector Direction',(0.,1.,-1.32563943239E-016)) ;
#10646=DIRECTION('Axis2P3D Direction',(0.,1.22464679915E-016,1.)) ;
#10653=DIRECTION('Vector Direction',(1.,0.,0.)) ;
#10660=DIRECTION('Vector Direction',(0.,1.,-1.13869028167E-016)) ;
#10667=DIRECTION('Vector Direction',(-1.,0.,0.)) ;
#10674=DIRECTION('Axis2P3D Direction',(0.,1.22464679915E-016,1.)) ;
#10681=DIRECTION('Vector Direction',(0.,-1.,1.13869028167E-016)) ;
#10688=DIRECTION('Axis2P3D Direction',(0.,1.22464679915E-016,1.)) ;
#10695=DIRECTION('Vector Direction',(1.,0.,0.)) ;
#10721=DIRECTION('Axis2P3D Direction',(0.,1.22464679915E-016,1.)) ;
#10730=DIRECTION('Axis2P3D Direction',(0.,1.22464679915E-016,1.)) ;
#10739=DIRECTION('Axis2P3D Direction',(0.,1.22464679915E-016,1.)) ;
#10748=DIRECTION('Axis2P3D Direction',(0.,1.22464679915E-016,1.)) ;
#10757=DIRECTION('Axis2P3D Direction',(0.,1.22464679915E-016,1.)) ;
#10766=DIRECTION('Axis2P3D Direction',(0.,1.22464679915E-016,1.)) ;
#10775=DIRECTION('Axis2P3D Direction',(0.,1.22464679915E-016,1.)) ;
#10784=DIRECTION('Axis2P3D Direction',(0.,1.22464679915E-016,1.)) ;
#10793=DIRECTION('Axis2P3D Direction',(0.,1.22464679915E-016,1.)) ;
#10802=DIRECTION('Axis2P3D Direction',(0.,1.22464679915E-016,1.)) ;
#10812=DIRECTION('Axis2P3D Direction',(0.,1.22464679915E-016,1.)) ;
#10813=DIRECTION('Axis2P3D XDirection',(-1.,-0.,0.)) ;
#10817=DIRECTION('Vector Direction',(0.,0.,1.)) ;
#10824=DIRECTION('Axis2P3D Direction',(0.,1.22464679915E-016,1.)) ;
#10831=DIRECTION('Vector Direction',(0.,0.,1.)) ;
#10843=DIRECTION('Axis2P3D Direction',(0.,1.22464679915E-016,1.)) ;
#10855=DIRECTION('Axis2P3D Direction',(0.,-1.22464679915E-016,-1.)) ;
#10856=DIRECTION('Axis2P3D XDirection',(-1.,2.6645352591E-015,0.)) ;
#10860=DIRECTION('Axis2P3D Direction',(-2.38697950294E-015,1.,-1.22464679915E-016)) ;
#10867=DIRECTION('Axis2P3D Direction',(0.,1.22464679915E-016,1.)) ;
#10874=DIRECTION('Axis2P3D Direction',(-2.6645352591E-015,-1.,1.22464679915E-016)) ;
#10886=DIRECTION('Axis2P3D Direction',(0.,-1.22464679915E-016,-1.)) ;
#10887=DIRECTION('Axis2P3D XDirection',(1.,-2.6645352591E-015,0.)) ;
#10891=DIRECTION('Axis2P3D Direction',(-6.16297582204E-033,1.22464679915E-016,1.)) ;
#10903=DIRECTION('Axis2P3D Direction',(0.,1.22464679915E-016,1.)) ;
#10904=DIRECTION('Axis2P3D XDirection',(-1.,-0.,0.)) ;
#10908=DIRECTION('Vector Direction',(0.,0.,1.)) ;
#10915=DIRECTION('Axis2P3D Direction',(0.,1.22464679915E-016,1.)) ;
#10922=DIRECTION('Vector Direction',(0.,0.,1.)) ;
#10934=DIRECTION('Axis2P3D Direction',(0.,1.22464679915E-016,1.)) ;
#10946=DIRECTION('Axis2P3D Direction',(0.,-1.22464679915E-016,-1.)) ;
#10947=DIRECTION('Axis2P3D XDirection',(1.,-2.6645352591E-015,0.)) ;
#10951=DIRECTION('Axis2P3D Direction',(2.49800180541E-015,-1.,1.22464679915E-016)) ;
#10958=DIRECTION('Axis2P3D Direction',(-6.16297582204E-033,1.22464679915E-016,1.)) ;
#10965=DIRECTION('Axis2P3D Direction',(2.72004641033E-015,1.,-1.22464679915E-016)) ;
#10977=DIRECTION('Axis2P3D Direction',(0.,-1.22464679915E-016,-1.)) ;
#10978=DIRECTION('Axis2P3D XDirection',(-1.,2.6645352591E-015,0.)) ;
#10982=DIRECTION('Axis2P3D Direction',(0.,1.22464679915E-016,1.)) ;
#10994=DIRECTION('Axis2P3D Direction',(0.,1.22464679915E-016,1.)) ;
#10995=DIRECTION('Axis2P3D XDirection',(-1.,-0.,0.)) ;
#10999=DIRECTION('Vector Direction',(0.,0.,1.)) ;
#11006=DIRECTION('Axis2P3D Direction',(0.,1.22464679915E-016,1.)) ;
#11013=DIRECTION('Vector Direction',(0.,0.,1.)) ;
#11025=DIRECTION('Axis2P3D Direction',(0.,1.22464679915E-016,1.)) ;
#11037=DIRECTION('Axis2P3D Direction',(0.,-1.22464679915E-016,-1.)) ;
#11038=DIRECTION('Axis2P3D XDirection',(-1.,2.6645352591E-015,0.)) ;
#11042=DIRECTION('Axis2P3D Direction',(-2.38697950294E-015,1.,-1.22464679915E-016)) ;
#11049=DIRECTION('Axis2P3D Direction',(0.,1.22464679915E-016,1.)) ;
#11056=DIRECTION('Axis2P3D Direction',(-2.6645352591E-015,-1.,1.22464679915E-016)) ;
#11068=DIRECTION('Axis2P3D Direction',(0.,-1.22464679915E-016,-1.)) ;
#11069=DIRECTION('Axis2P3D XDirection',(1.,-2.6645352591E-015,0.)) ;
#11073=DIRECTION('Axis2P3D Direction',(-6.16297582204E-033,1.22464679915E-016,1.)) ;
#11085=DIRECTION('Axis2P3D Direction',(0.,1.22464679915E-016,1.)) ;
#11086=DIRECTION('Axis2P3D XDirection',(-1.,-0.,0.)) ;
#11090=DIRECTION('Vector Direction',(0.,0.,1.)) ;
#11097=DIRECTION('Axis2P3D Direction',(0.,1.22464679915E-016,1.)) ;
#11104=DIRECTION('Vector Direction',(0.,0.,1.)) ;
#11116=DIRECTION('Axis2P3D Direction',(0.,1.22464679915E-016,1.)) ;
#11128=DIRECTION('Axis2P3D Direction',(0.,-1.22464679915E-016,-1.)) ;
#11129=DIRECTION('Axis2P3D XDirection',(-1.,2.6645352591E-015,0.)) ;
#11133=DIRECTION('Axis2P3D Direction',(-2.38697950294E-015,1.,-1.22464679915E-016)) ;
#11140=DIRECTION('Axis2P3D Direction',(0.,1.22464679915E-016,1.)) ;
#11147=DIRECTION('Axis2P3D Direction',(-2.6645352591E-015,-1.,1.22464679915E-016)) ;
#11159=DIRECTION('Axis2P3D Direction',(0.,-1.22464679915E-016,-1.)) ;
#11160=DIRECTION('Axis2P3D XDirection',(1.,-2.6645352591E-015,0.)) ;
#11164=DIRECTION('Axis2P3D Direction',(-6.16297582204E-033,1.22464679915E-016,1.)) ;
#11176=DIRECTION('Axis2P3D Direction',(0.,1.22464679915E-016,1.)) ;
#11177=DIRECTION('Axis2P3D XDirection',(-1.,-0.,0.)) ;
#11181=DIRECTION('Vector Direction',(0.,0.,1.)) ;
#11188=DIRECTION('Axis2P3D Direction',(0.,1.22464679915E-016,1.)) ;
#11195=DIRECTION('Vector Direction',(0.,0.,1.)) ;
#11207=DIRECTION('Axis2P3D Direction',(0.,1.22464679915E-016,1.)) ;
#11219=DIRECTION('Axis2P3D Direction',(0.,-1.22464679915E-016,-1.)) ;
#11220=DIRECTION('Axis2P3D XDirection',(-1.,0.,0.)) ;
#11224=DIRECTION('Axis2P3D Direction',(1.66533453694E-016,1.,-1.22464679915E-016)) ;
#11231=DIRECTION('Axis2P3D Direction',(0.,1.22464679915E-016,1.)) ;
#11238=DIRECTION('Axis2P3D Direction',(-5.55111512313E-017,-1.,1.22464679915E-016)) ;
#11250=DIRECTION('Axis2P3D Direction',(0.,-1.22464679915E-016,-1.)) ;
#11251=DIRECTION('Axis2P3D XDirection',(1.,8.881784197E-016,0.)) ;
#11255=DIRECTION('Axis2P3D Direction',(0.,1.22464679915E-016,1.)) ;
#11267=DIRECTION('Axis2P3D Direction',(0.,1.22464679915E-016,1.)) ;
#11268=DIRECTION('Axis2P3D XDirection',(-1.,-0.,0.)) ;
#11272=DIRECTION('Vector Direction',(0.,0.,1.)) ;
#11279=DIRECTION('Axis2P3D Direction',(0.,1.22464679915E-016,1.)) ;
#11286=DIRECTION('Vector Direction',(0.,0.,1.)) ;
#11298=DIRECTION('Axis2P3D Direction',(0.,1.22464679915E-016,1.)) ;
#11310=DIRECTION('Axis2P3D Direction',(0.,-1.22464679915E-016,-1.)) ;
#11311=DIRECTION('Axis2P3D XDirection',(1.,-3.38353683695E-015,0.)) ;
#11315=DIRECTION('Axis2P3D Direction',(1.66533453694E-015,-1.,1.22464679915E-016)) ;
#11322=DIRECTION('Axis2P3D Direction',(0.,1.22464679915E-016,1.)) ;
#11329=DIRECTION('Axis2P3D Direction',(1.72084568817E-015,1.,-1.22464679915E-016)) ;
#11341=DIRECTION('Axis2P3D Direction',(0.,-1.22464679915E-016,-1.)) ;
#11342=DIRECTION('Axis2P3D XDirection',(-1.,2.53765262771E-015,0.)) ;
#11346=DIRECTION('Axis2P3D Direction',(0.,1.22464679915E-016,1.)) ;
#11358=DIRECTION('Axis2P3D Direction',(0.,-1.22464679915E-016,-1.)) ;
#11359=DIRECTION('Axis2P3D XDirection',(1.,-3.38353683695E-015,0.)) ;
#11363=DIRECTION('Axis2P3D Direction',(1.66533453694E-015,-1.,1.22464679915E-016)) ;
#11370=DIRECTION('Axis2P3D Direction',(0.,1.22464679915E-016,1.)) ;
#11377=DIRECTION('Axis2P3D Direction',(1.49880108324E-015,1.,-1.22464679915E-016)) ;
#11389=DIRECTION('Axis2P3D Direction',(0.,-1.22464679915E-016,-1.)) ;
#11390=DIRECTION('Axis2P3D XDirection',(-1.,2.53765262771E-015,0.)) ;
#11394=DIRECTION('Axis2P3D Direction',(0.,1.22464679915E-016,1.)) ;
#11406=DIRECTION('Axis2P3D Direction',(0.,-1.22464679915E-016,-1.)) ;
#11407=DIRECTION('Axis2P3D XDirection',(1.,8.45884209238E-016,0.)) ;
#11411=DIRECTION('Axis2P3D Direction',(-3.33066907388E-016,-1.,1.22464679915E-016)) ;
#11418=DIRECTION('Axis2P3D Direction',(0.,1.22464679915E-016,1.)) ;
#11425=DIRECTION('Axis2P3D Direction',(-5.55111512313E-017,1.,-1.22464679915E-016)) ;
#11437=DIRECTION('Axis2P3D Direction',(0.,-1.22464679915E-016,-1.)) ;
#11438=DIRECTION('Axis2P3D XDirection',(-1.,0.,0.)) ;
#11442=DIRECTION('Axis2P3D Direction',(0.,1.22464679915E-016,1.)) ;
#11454=DIRECTION('Axis2P3D Direction',(0.,-1.22464679915E-016,-1.)) ;
#11455=DIRECTION('Axis2P3D XDirection',(1.,-8.45884209238E-016,0.)) ;
#11459=DIRECTION('Axis2P3D Direction',(1.99840144433E-015,-1.,1.22464679915E-016)) ;
#11466=DIRECTION('Axis2P3D Direction',(0.,1.22464679915E-016,1.)) ;
#11473=DIRECTION('Axis2P3D Direction',(1.66533453694E-015,1.,-1.22464679915E-016)) ;
#11485=DIRECTION('Axis2P3D Direction',(0.,-1.22464679915E-016,-1.)) ;
#11486=DIRECTION('Axis2P3D XDirection',(-1.,2.53765262771E-015,0.)) ;
#11490=DIRECTION('Axis2P3D Direction',(0.,1.22464679915E-016,1.)) ;
#11502=DIRECTION('Axis2P3D Direction',(0.,-1.22464679915E-016,-1.)) ;
#11503=DIRECTION('Axis2P3D XDirection',(1.,-8.45884209238E-016,0.)) ;
#11507=DIRECTION('Axis2P3D Direction',(1.99840144433E-015,-1.,1.22464679915E-016)) ;
#11514=DIRECTION('Axis2P3D Direction',(0.,1.22464679915E-016,1.)) ;
#11521=DIRECTION('Axis2P3D Direction',(1.66533453694E-015,1.,-1.22464679915E-016)) ;
#11533=DIRECTION('Axis2P3D Direction',(0.,-1.22464679915E-016,-1.)) ;
#11534=DIRECTION('Axis2P3D XDirection',(-1.,2.53765262771E-015,0.)) ;
#11538=DIRECTION('Axis2P3D Direction',(0.,1.22464679915E-016,1.)) ;
#11550=DIRECTION('Axis2P3D Direction',(0.,-1.22464679915E-016,-1.)) ;
#11551=DIRECTION('Axis2P3D XDirection',(-1.,0.,0.)) ;
#11555=DIRECTION('Axis2P3D Direction',(-1.99840144433E-015,1.,-1.22464679915E-016)) ;
#11562=DIRECTION('Axis2P3D Direction',(0.,1.22464679915E-016,1.)) ;
#11569=DIRECTION('Axis2P3D Direction',(-5.55111512313E-017,-1.,1.22464679915E-016)) ;
#11581=DIRECTION('Axis2P3D Direction',(0.,-1.22464679915E-016,-1.)) ;
#11582=DIRECTION('Axis2P3D XDirection',(1.,8.45884209238E-016,0.)) ;
#11586=DIRECTION('Axis2P3D Direction',(6.16297582204E-033,1.22464679915E-016,1.)) ;
#11598=DIRECTION('Axis2P3D Direction',(0.,-1.,1.22464679915E-016)) ;
#11599=DIRECTION('Axis2P3D XDirection',(-1.,0.,7.81454234788E-016)) ;
#11603=DIRECTION('Axis2P3D Direction',(0.,1.,-1.22464679915E-016)) ;
#11612=DIRECTION('Axis2P3D Direction',(9.99200722163E-016,1.22464679915E-016,1.)) ;
#11619=DIRECTION('Axis2P3D Direction',(0.,1.,-1.22464679915E-016)) ;
#11626=DIRECTION('Axis2P3D Direction',(2.72004641033E-015,-1.22464679915E-016,-1.)) ;
#11638=DIRECTION('Axis2P3D Direction',(0.,-1.,1.22464679915E-016)) ;
#11639=DIRECTION('Axis2P3D XDirection',(1.,0.,1.00349883971E-015)) ;
#11643=DIRECTION('Axis2P3D Direction',(0.,1.,-1.22464679915E-016)) ;
#11648=DIRECTION('Axis2P3D Direction',(0.,1.,-1.22464679915E-016)) ;
#11660=DIRECTION('Axis2P3D Direction',(0.,-1.,1.22464679915E-016)) ;
#11661=DIRECTION('Axis2P3D XDirection',(-1.,-0.,0.)) ;
#11665=DIRECTION('Vector Direction',(0.,-1.,1.22464679915E-016)) ;
#11672=DIRECTION('Axis2P3D Direction',(0.,-1.,1.22464679915E-016)) ;
#11679=DIRECTION('Vector Direction',(0.,-1.,1.22464679915E-016)) ;
#11691=DIRECTION('Axis2P3D Direction',(0.,-1.,1.22464679915E-016)) ;
#11703=DIRECTION('Axis2P3D Direction',(0.,1.,-1.22464679915E-016)) ;
#11704=DIRECTION('Axis2P3D XDirection',(1.,0.,0.)) ;
#11708=DIRECTION('Vector Direction',(1.,0.,0.)) ;
#11717=DIRECTION('Vector Direction',(0.,0.,-1.)) ;
#11724=DIRECTION('Vector Direction',(1.,0.,0.)) ;
#11731=DIRECTION('Axis2P3D Direction',(0.,1.,-1.22464679915E-016)) ;
#11738=DIRECTION('Axis2P3D Direction',(0.,1.,-1.22464679915E-016)) ;
#11755=DIRECTION('Axis2P3D Direction',(0.,1.,-1.22464679915E-016)) ;
#11756=DIRECTION('Axis2P3D XDirection',(-1.,0.,-3.13921250345E-016)) ;
#11760=DIRECTION('Axis2P3D Direction',(0.,-1.,1.22464679915E-016)) ;
#11769=DIRECTION('Axis2P3D Direction',(1.11022302463E-016,1.22464679915E-016,1.)) ;
#11776=DIRECTION('Axis2P3D Direction',(0.,-1.,1.22464679915E-016)) ;
#11783=DIRECTION('Axis2P3D Direction',(3.88578058619E-016,-1.22464679915E-016,-1.)) ;
#11795=DIRECTION('Axis2P3D Direction',(0.,1.,-1.22464679915E-016)) ;
#11796=DIRECTION('Axis2P3D XDirection',(1.,0.,6.95372408406E-016)) ;
#11800=DIRECTION('Axis2P3D Direction',(0.,-1.,1.22464679915E-016)) ;
#11805=DIRECTION('Axis2P3D Direction',(0.,-1.,1.22464679915E-016)) ;
#11817=DIRECTION('Vector Direction',(0.,-1.,1.22464679915E-016)) ;
#11824=DIRECTION('Axis2P3D Direction',(0.,-1.,1.22464679915E-016)) ;
#11831=DIRECTION('Vector Direction',(0.,-1.,1.22464679915E-016)) ;
#11843=DIRECTION('Axis2P3D Direction',(0.,-1.,1.22464679915E-016)) ;
#11855=DIRECTION('Axis2P3D Direction',(0.,-1.,1.22464679915E-016)) ;
#11856=DIRECTION('Axis2P3D XDirection',(-1.,-0.,0.)) ;
#11860=DIRECTION('Vector Direction',(-1.,0.,0.)) ;
#11869=DIRECTION('Axis2P3D Direction',(0.,-1.,1.22464679915E-016)) ;
#11876=DIRECTION('Axis2P3D Direction',(0.,-1.,1.22464679915E-016)) ;
#11883=DIRECTION('Axis2P3D Direction',(0.,-1.,1.22464679915E-016)) ;
#11890=DIRECTION('Axis2P3D Direction',(0.,-1.,1.22464679915E-016)) ;
#11897=DIRECTION('Vector Direction',(-1.,0.,0.)) ;
#11904=DIRECTION('Vector Direction',(0.,1.22464679915E-016,1.)) ;
#11923=DIRECTION('Axis2P3D Direction',(0.,-1.,1.22464679915E-016)) ;
#11924=DIRECTION('Axis2P3D XDirection',(1.,0.,1.39139166735E-015)) ;
#11928=DIRECTION('Axis2P3D Direction',(-8.32667268469E-016,1.22464679915E-016,1.)) ;
#11935=DIRECTION('Axis2P3D Direction',(0.,1.,-1.22464679915E-016)) ;
#11942=DIRECTION('Axis2P3D Direction',(1.38777878078E-015,-1.22464679915E-016,-1.)) ;
#11954=DIRECTION('Axis2P3D Direction',(0.,-1.,1.22464679915E-016)) ;
#11955=DIRECTION('Axis2P3D XDirection',(-1.,0.,3.31633325658E-016)) ;
#11959=DIRECTION('Axis2P3D Direction',(0.,1.,-1.22464679915E-016)) ;
#11971=DIRECTION('Axis2P3D Direction',(0.,1.,-1.22464679915E-016)) ;
#11972=DIRECTION('Axis2P3D XDirection',(1.,0.,0.)) ;
#11976=DIRECTION('Vector Direction',(1.,0.,0.)) ;
#11985=DIRECTION('Axis2P3D Direction',(0.,1.,-1.22464679915E-016)) ;
#11992=DIRECTION('Axis2P3D Direction',(0.,1.,-1.22464679915E-016)) ;
#11999=DIRECTION('Axis2P3D Direction',(0.,1.,-1.22464679915E-016)) ;
#12006=DIRECTION('Vector Direction',(1.,0.,0.)) ;
#12013=DIRECTION('Vector Direction',(0.,0.,1.)) ;
#12031=DIRECTION('Axis2P3D Direction',(0.,-1.,1.22464679915E-016)) ;
#12032=DIRECTION('Axis2P3D XDirection',(1.,0.,1.40643219966E-015)) ;
#12036=DIRECTION('Axis2P3D Direction',(-8.32667268469E-016,1.22464679915E-016,1.)) ;
#12043=DIRECTION('Axis2P3D Direction',(0.,1.,-1.22464679915E-016)) ;
#12050=DIRECTION('Axis2P3D Direction',(1.38777878078E-015,-1.22464679915E-016,-1.)) ;
#12062=DIRECTION('Axis2P3D Direction',(0.,-1.,1.22464679915E-016)) ;
#12063=DIRECTION('Axis2P3D XDirection',(-1.,0.,3.46673857969E-016)) ;
#12067=DIRECTION('Axis2P3D Direction',(0.,1.,-1.22464679915E-016)) ;
#12079=DIRECTION('Axis2P3D Direction',(0.,1.,-1.22464679915E-016)) ;
#12080=DIRECTION('Axis2P3D XDirection',(1.,0.,0.)) ;
#12084=DIRECTION('Vector Direction',(1.,0.,0.)) ;
#12093=DIRECTION('Axis2P3D Direction',(0.,1.,-1.22464679915E-016)) ;
#12100=DIRECTION('Axis2P3D Direction',(0.,1.,-1.22464679915E-016)) ;
#12107=DIRECTION('Axis2P3D Direction',(0.,1.,-1.22464679915E-016)) ;
#12114=DIRECTION('Axis2P3D Direction',(0.,1.,-1.22464679915E-016)) ;
#12121=DIRECTION('Vector Direction',(1.,0.,0.)) ;
#12128=DIRECTION('Vector Direction',(0.,0.,1.)) ;
#12147=DIRECTION('Axis2P3D Direction',(0.,-1.22464679915E-016,-1.)) ;
#12148=DIRECTION('Axis2P3D XDirection',(-1.,-6.93889390391E-015,0.)) ;
#12152=DIRECTION('Axis2P3D Direction',(0.,1.22464679915E-016,1.)) ;
#12159=DIRECTION('Axis2P3D Direction',(3.46320194744E-013,-1.,1.22464679915E-016)) ;
#12164=DIRECTION('Axis2P3D Direction',(1.,-1.76999006437E-014,2.16761266685E-030)) ;
#12176=DIRECTION('Axis2P3D Direction',(1.,0.,-0.)) ;
#12177=DIRECTION('Axis2P3D XDirection',(-0.,1.,-3.06161699787E-016)) ;
#12181=DIRECTION('Axis2P3D Direction',(1.,0.,-0.)) ;
#12193=DIRECTION('Axis2P3D Direction',(0.,1.,-1.22464679915E-016)) ;
#12194=DIRECTION('Axis2P3D XDirection',(0.,-1.38777878078E-016,-1.)) ;
#12198=DIRECTION('Axis2P3D Direction',(0.,-1.,1.22464679915E-016)) ;
#12205=DIRECTION('Axis2P3D Direction',(0.615384615385,9.65299650504E-017,0.788226981997)) ;
#12217=DIRECTION('Axis2P3D Direction',(0.,1.,-1.22464679915E-016)) ;
#12218=DIRECTION('Axis2P3D XDirection',(1.,0.,-1.33716621675E-015)) ;
#12222=DIRECTION('Axis2P3D Direction',(0.,-1.,1.22464679915E-016)) ;
#12229=DIRECTION('Axis2P3D Direction',(1.33226762955E-015,1.22464679915E-016,1.)) ;
#12241=DIRECTION('Axis2P3D Direction',(0.,1.,-1.22464679915E-016)) ;
#12242=DIRECTION('Axis2P3D XDirection',(-0.788226981997,-7.77156117238E-017,-0.615384615385)) ;
#12246=DIRECTION('Axis2P3D Direction',(0.,-1.,1.22464679915E-016)) ;
#12253=DIRECTION('Axis2P3D Direction',(0.615384615385,-9.65299650504E-017,-0.788226981997)) ;
#12265=DIRECTION('Axis2P3D Direction',(0.,1.,-1.22464679915E-016)) ;
#12266=DIRECTION('Axis2P3D XDirection',(0.788226981997,6.93889390391E-017,0.615384615385)) ;
#12270=DIRECTION('Axis2P3D Direction',(0.,-1.,1.22464679915E-016)) ;
#12277=DIRECTION('Axis2P3D Direction',(-1.,-1.35963107345E-032,-1.11022302463E-016)) ;
#12289=DIRECTION('Axis2P3D Direction',(1.,0.,0.)) ;
#12290=DIRECTION('Axis2P3D XDirection',(0.,-1.22464679915E-016,-1.)) ;
#12294=DIRECTION('Vector Direction',(1.,0.,0.)) ;
#12301=DIRECTION('Axis2P3D Direction',(1.,0.,0.)) ;
#12313=DIRECTION('Axis2P3D Direction',(0.,-1.22464679915E-016,-1.)) ;
#12314=DIRECTION('Axis2P3D XDirection',(-1.,3.39797634474E-013,0.)) ;
#12318=DIRECTION('Axis2P3D Direction',(0.,1.22464679915E-016,1.)) ;
#12325=DIRECTION('Axis2P3D Direction',(0.,1.22464679915E-016,1.)) ;
#12332=DIRECTION('Axis2P3D Direction',(-6.93889390391E-016,-1.,1.22464679915E-016)) ;
#12344=DIRECTION('Axis2P3D Direction',(-0.,1.,-1.22464679915E-016)) ;
#12345=DIRECTION('Axis2P3D XDirection',(1.,2.24963967399E-032,1.83697019872E-016)) ;
#12349=DIRECTION('Vector Direction',(0.,1.,-1.17880823078E-016)) ;
#12356=DIRECTION('Vector Direction',(0.,1.,-1.17880823078E-016)) ;
#12363=DIRECTION('Axis2P3D Direction',(-0.,1.,-1.22464679915E-016)) ;
#12375=DIRECTION('Axis2P3D Direction',(0.,-1.22464679915E-016,-1.)) ;
#12376=DIRECTION('Axis2P3D XDirection',(-2.6645352591E-013,1.,0.)) ;
#12380=DIRECTION('Axis2P3D Direction',(0.,1.22464679915E-016,1.)) ;
#12385=DIRECTION('Axis2P3D Direction',(0.,1.22464679915E-016,1.)) ;
#12392=DIRECTION('Axis2P3D Direction',(-1.,0.,-0.)) ;
#12404=DIRECTION('Axis2P3D Direction',(-1.,-0.,0.)) ;
#12405=DIRECTION('Axis2P3D XDirection',(0.,-1.22464679915E-016,-1.)) ;
#12409=DIRECTION('Vector Direction',(-1.,0.,0.)) ;
#12416=DIRECTION('Axis2P3D Direction',(-1.,-0.,0.)) ;
#12428=DIRECTION('Axis2P3D Direction',(0.,-1.,1.22464679915E-016)) ;
#12429=DIRECTION('Axis2P3D XDirection',(1.7763568394E-014,0.,1.)) ;
#12433=DIRECTION('Axis2P3D Direction',(0.,1.,-1.22464679915E-016)) ;
#12440=DIRECTION('Axis2P3D Direction',(0.615384615385,-9.65299650504E-017,-0.788226981997)) ;
#12452=DIRECTION('Axis2P3D Direction',(0.,-1.,1.22464679915E-016)) ;
#12453=DIRECTION('Axis2P3D XDirection',(1.,0.,3.68304571581E-015)) ;
#12457=DIRECTION('Axis2P3D Direction',(0.,1.,-1.22464679915E-016)) ;
#12464=DIRECTION('Axis2P3D Direction',(3.5527136788E-015,-1.22464679915E-016,-1.)) ;
#12476=DIRECTION('Axis2P3D Direction',(0.,-1.,1.22464679915E-016)) ;
#12477=DIRECTION('Axis2P3D XDirection',(-0.788226981997,0.,0.615384615385)) ;
#12481=DIRECTION('Axis2P3D Direction',(0.,1.,-1.22464679915E-016)) ;
#12488=DIRECTION('Axis2P3D Direction',(0.615384615385,9.65299650504E-017,0.788226981997)) ;
#12500=DIRECTION('Axis2P3D Direction',(0.,-1.,1.22464679915E-016)) ;
#12501=DIRECTION('Axis2P3D XDirection',(0.788226981997,0.,-0.615384615385)) ;
#12505=DIRECTION('Axis2P3D Direction',(0.,1.,-1.22464679915E-016)) ;
#12510=DIRECTION('Axis2P3D Direction',(-1.,-8.15778644068E-032,-6.66133814775E-016)) ;
#12522=DIRECTION('Axis2P3D Direction',(-1.,0.,0.)) ;
#12523=DIRECTION('Axis2P3D XDirection',(-0.,-1.,-6.12323399574E-017)) ;
#12527=DIRECTION('Axis2P3D Direction',(-1.,0.,0.)) ;
#12539=DIRECTION('Axis2P3D Direction',(0.,-1.22464679915E-016,-1.)) ;
#12540=DIRECTION('Axis2P3D XDirection',(-1.7763568394E-014,1.,0.)) ;
#12544=DIRECTION('Axis2P3D Direction',(0.,1.22464679915E-016,1.)) ;
#12551=DIRECTION('Axis2P3D Direction',(-4.50212443846E-015,-1.,1.22464679915E-016)) ;
#12563=DIRECTION('Axis2P3D Direction',(0.,1.,-1.22464679915E-016)) ;
#12564=DIRECTION('Axis2P3D XDirection',(0.,1.22464679915E-016,1.)) ;
#12568=DIRECTION('Vector Direction',(0.,1.,-1.17880823078E-016)) ;
#12580=DIRECTION('Axis2P3D Direction',(0.,-1.22464679915E-016,-1.)) ;
#12581=DIRECTION('Axis2P3D XDirection',(-1.,0.,0.)) ;
#12585=DIRECTION('Vector Direction',(0.,0.,-1.)) ;
#12597=DIRECTION('Axis2P3D Direction',(-1.,0.,-0.)) ;
#12598=DIRECTION('Axis2P3D XDirection',(0.,1.,-1.22464679915E-016)) ;
#12602=DIRECTION('Vector Direction',(0.,1.18952466924E-016,1.)) ;
#12614=DIRECTION('Axis2P3D Direction',(0.,-1.22464679915E-016,-1.)) ;
#12615=DIRECTION('Axis2P3D XDirection',(0.,-1.,1.22464679915E-016)) ;
#12626=DIRECTION('Axis2P3D Direction',(-1.23259516441E-032,-1.,1.22464679915E-016)) ;
#12627=DIRECTION('Axis2P3D XDirection',(0.,-1.22464679915E-016,-1.)) ;
#12631=DIRECTION('Axis2P3D Direction',(-1.23259516441E-032,-1.,1.22464679915E-016)) ;
#12638=DIRECTION('Vector Direction',(0.,-1.,1.17880823078E-016)) ;
#12650=DIRECTION('Axis2P3D Direction',(0.,1.,-1.22464679915E-016)) ;
#12651=DIRECTION('Axis2P3D XDirection',(1.,0.,0.)) ;
#12655=DIRECTION('Axis2P3D Direction',(0.,1.,-1.22464679915E-016)) ;
#12662=DIRECTION('Vector Direction',(0.,1.,-1.22464679915E-016)) ;
#12674=DIRECTION('Axis2P3D Direction',(0.,1.,-1.22464679915E-016)) ;
#12675=DIRECTION('Axis2P3D XDirection',(0.,1.22464679915E-016,1.)) ;
#12679=DIRECTION('Vector Direction',(0.,1.,-1.17880823078E-016)) ;
#12686=DIRECTION('Axis2P3D Direction',(0.,1.,-1.22464679915E-016)) ;
#12693=DIRECTION('Vector Direction',(0.,1.,-1.17880823078E-016)) ;
#12705=DIRECTION('Axis2P3D Direction',(0.,1.,-1.22464679915E-016)) ;
#12717=DIRECTION('Axis2P3D Direction',(-1.23259516441E-032,-1.,1.22464679915E-016)) ;
#12718=DIRECTION('Axis2P3D XDirection',(0.,-1.22464679915E-016,-1.)) ;
#12722=DIRECTION('Vector Direction',(0.,-1.,1.17880823078E-016)) ;
#12729=DIRECTION('Axis2P3D Direction',(-1.23259516441E-032,-1.,1.22464679915E-016)) ;
#12741=DIRECTION('Vector Direction',(0.,1.,-1.22464679915E-016)) ;
#12748=DIRECTION('Axis2P3D Direction',(0.,1.,-1.22464679915E-016)) ;
#12770=DIRECTION('Axis2P3D Direction',(0.,1.,-1.22464679915E-016)) ;
#12771=DIRECTION('Axis2P3D XDirection',(0.,1.22464679915E-016,1.)) ;
#12775=DIRECTION('Vector Direction',(0.,1.,-1.17880823078E-016)) ;
#12782=DIRECTION('Axis2P3D Direction',(0.,1.,-1.22464679915E-016)) ;
#12789=DIRECTION('Vector Direction',(0.,1.,-1.17880823078E-016)) ;
#12810=DIRECTION('Axis2P3D Direction',(0.,1.,-1.22464679915E-016)) ;
#13170=DIRECTION('Axis2P3D Direction',(0.,-1.,1.22464679915E-016)) ;
#13171=DIRECTION('Axis2P3D XDirection',(-0.788226981997,0.,-0.615384615385)) ;
#13175=DIRECTION('Axis2P3D Direction',(-1.11022302463E-016,-1.22464679915E-016,-1.)) ;
#13187=DIRECTION('Axis2P3D Direction',(-1.,0.,0.)) ;
#13188=DIRECTION('Axis2P3D XDirection',(-0.,-1.,-6.12323399574E-017)) ;
#13192=DIRECTION('Axis2P3D Direction',(-1.,0.,0.)) ;
#13204=DIRECTION('Axis2P3D Direction',(0.,-1.22464679915E-016,-1.)) ;
#13205=DIRECTION('Axis2P3D XDirection',(0.,1.,0.)) ;
#13209=DIRECTION('Axis2P3D Direction',(0.,1.22464679915E-016,1.)) ;
#13216=DIRECTION('Axis2P3D Direction',(-6.12323399574E-017,-1.,1.22464679915E-016)) ;
#13228=DIRECTION('Axis2P3D Direction',(0.,-1.,1.22464679915E-016)) ;
#13229=DIRECTION('Axis2P3D XDirection',(1.,-2.24963967399E-032,-1.83697019872E-016)) ;
#13233=DIRECTION('Vector Direction',(0.,-1.,1.17880823078E-016)) ;
#13240=DIRECTION('Axis2P3D Direction',(0.,-1.,1.22464679915E-016)) ;
#13252=DIRECTION('Axis2P3D Direction',(1.,0.,0.)) ;
#13253=DIRECTION('Axis2P3D XDirection',(0.,-1.,-2.31296463464E-016)) ;
#13257=DIRECTION('Axis2P3D Direction',(-1.,0.,0.)) ;
#13264=DIRECTION('Axis2P3D Direction',(-1.,0.,0.)) ;
#13271=DIRECTION('Axis2P3D Direction',(0.,-2.2339404579E-016,1.)) ;
#13283=DIRECTION('Axis2P3D Direction',(-0.,1.22464679915E-016,1.)) ;
#13284=DIRECTION('Axis2P3D XDirection',(0.,-1.,1.22464679915E-016)) ;
#13288=DIRECTION('Vector Direction',(0.,0.,1.)) ;
#13295=DIRECTION('Vector Direction',(0.,0.,1.)) ;
#13302=DIRECTION('Axis2P3D Direction',(-0.,1.22464679915E-016,1.)) ;
#13314=DIRECTION('Axis2P3D Direction',(1.,0.,0.)) ;
#13315=DIRECTION('Axis2P3D XDirection',(0.,2.96059473233E-015,-1.)) ;
#13319=DIRECTION('Axis2P3D Direction',(-1.,0.,-0.)) ;
#13326=DIRECTION('Axis2P3D Direction',(-1.,0.,-0.)) ;
#13333=DIRECTION('Axis2P3D Direction',(0.,-1.,6.44598500735E-016)) ;
#13345=DIRECTION('Axis2P3D Direction',(0.,-1.,1.22464679915E-016)) ;
#13346=DIRECTION('Axis2P3D XDirection',(0.,-1.22464679915E-016,-1.)) ;
#13350=DIRECTION('Vector Direction',(0.,-1.,1.17880823078E-016)) ;
#13357=DIRECTION('Vector Direction',(0.,-1.,1.17880823078E-016)) ;
#13364=DIRECTION('Axis2P3D Direction',(0.,-1.,1.22464679915E-016)) ;
#13376=DIRECTION('Axis2P3D Direction',(0.,-1.22464679915E-016,-1.)) ;
#13377=DIRECTION('Axis2P3D XDirection',(0.,1.,0.)) ;
#13381=DIRECTION('Axis2P3D Direction',(0.,1.22464679915E-016,1.)) ;
#13386=DIRECTION('Axis2P3D Direction',(0.,1.22464679915E-016,1.)) ;
#13393=DIRECTION('Axis2P3D Direction',(-1.,-1.7763568394E-014,2.17540971752E-030)) ;
#13405=DIRECTION('Axis2P3D Direction',(-1.,-0.,0.)) ;
#13406=DIRECTION('Axis2P3D XDirection',(0.,-1.22464679915E-016,-1.)) ;
#13410=DIRECTION('Vector Direction',(-1.,0.,0.)) ;
#13415=DIRECTION('Axis2P3D Direction',(-1.,-0.,0.)) ;
#13427=DIRECTION('Axis2P3D Direction',(0.,-1.,1.22464679915E-016)) ;
#13428=DIRECTION('Axis2P3D XDirection',(1.7763568394E-014,0.,1.)) ;
#13432=DIRECTION('Axis2P3D Direction',(0.615384615385,-9.65299650504E-017,-0.788226981997)) ;
#13444=DIRECTION('Axis2P3D Direction',(0.,-1.,1.22464679915E-016)) ;
#13445=DIRECTION('Axis2P3D XDirection',(1.,0.,3.60981450012E-015)) ;
#13456=DIRECTION('Axis2P3D Direction',(0.,-1.22464679915E-016,-1.)) ;
#13457=DIRECTION('Axis2P3D XDirection',(-1.,0.,0.)) ;
#13461=DIRECTION('Vector Direction',(0.,0.,-1.)) ;
#13482=DIRECTION('Axis2P3D Direction',(1.,0.,-0.)) ;
#13483=DIRECTION('Axis2P3D XDirection',(0.,1.22464679915E-016,1.)) ;
#13487=DIRECTION('Axis2P3D Direction',(1.,0.,-0.)) ;
#13494=DIRECTION('Vector Direction',(1.,0.,0.)) ;
#13506=DIRECTION('Axis2P3D Direction',(0.,-1.,1.22464679915E-016)) ;
#13507=DIRECTION('Axis2P3D XDirection',(-1.,-0.,0.)) ;
#13511=DIRECTION('Vector Direction',(0.,0.,-1.)) ;
#13518=DIRECTION('Vector Direction',(-1.,0.,0.)) ;
#13530=DIRECTION('Axis2P3D Direction',(1.,0.,0.)) ;
#13531=DIRECTION('Axis2P3D XDirection',(0.,-1.,1.22464679915E-016)) ;
#13535=DIRECTION('Axis2P3D Direction',(1.,0.,0.)) ;
#13542=DIRECTION('Vector Direction',(1.,0.,0.)) ;
#13754=DIRECTION('Axis2P3D Direction',(-1.,0.,0.)) ;
#13755=DIRECTION('Axis2P3D XDirection',(0.,1.22464679915E-016,1.)) ;
#13759=DIRECTION('Axis2P3D Direction',(-1.,0.,0.)) ;
#13772=DIRECTION('Axis2P3D Direction',(0.,-1.,1.22464679915E-016)) ;
#13773=DIRECTION('Axis2P3D XDirection',(-1.,0.,-2.1492662279E-015)) ;
#13777=DIRECTION('Axis2P3D Direction',(2.77555756156E-016,-1.22464679915E-016,-1.)) ;
#13959=DIRECTION('Axis2P3D Direction',(-1.,0.,-0.)) ;
#13960=DIRECTION('Axis2P3D XDirection',(0.,1.,-1.22464679915E-016)) ;
#13964=DIRECTION('Vector Direction',(-1.,0.,0.)) ;
#13971=DIRECTION('Axis2P3D Direction',(-1.,0.,-0.)) ;
#13984=DIRECTION('Axis2P3D Direction',(0.,-1.,1.22464679915E-016)) ;
#13985=DIRECTION('Axis2P3D XDirection',(1.,0.,3.48735577508E-016)) ;
#13996=DIRECTION('Axis2P3D Direction',(0.,-1.22464679915E-016,-1.)) ;
#13997=DIRECTION('Axis2P3D XDirection',(-1.,0.,0.)) ;
#14001=DIRECTION('Axis2P3D Direction',(0.,1.22464679915E-016,1.)) ;
#14008=DIRECTION('Axis2P3D Direction',(-3.94745964311E-015,-1.,1.22464679915E-016)) ;
#14020=DIRECTION('Axis2P3D Direction',(0.,-1.,1.22464679915E-016)) ;
#14021=DIRECTION('Axis2P3D XDirection',(0.,1.22464679915E-016,1.)) ;
#14025=DIRECTION('Vector Direction',(0.,-1.,1.21430643318E-016)) ;
#14032=DIRECTION('Axis2P3D Direction',(0.,-1.,1.22464679915E-016)) ;
#14044=DIRECTION('Axis2P3D Direction',(0.,-1.22464679915E-016,-1.)) ;
#14045=DIRECTION('Axis2P3D XDirection',(-3.94745964311E-015,1.,-1.23358113847E-016)) ;
#14049=DIRECTION('Axis2P3D Direction',(0.,1.22464679915E-016,1.)) ;
#14061=DIRECTION('Axis2P3D Direction',(-1.,0.,-0.)) ;
#14062=DIRECTION('Axis2P3D XDirection',(0.,1.,-1.22464679915E-016)) ;
#14066=DIRECTION('Vector Direction',(0.,0.,-1.)) ;
#14073=DIRECTION('Vector Direction',(0.,1.,-1.23832568131E-016)) ;
#14080=DIRECTION('Vector Direction',(0.,0.,-1.)) ;
#14092=DIRECTION('Axis2P3D Direction',(0.,1.22464679915E-016,1.)) ;
#14093=DIRECTION('Axis2P3D XDirection',(1.83697019872E-016,1.,-1.22464679915E-016)) ;
#14097=DIRECTION('Axis2P3D Direction',(0.,1.22464679915E-016,1.)) ;
#14109=DIRECTION('Axis2P3D Direction',(-0.,1.22464679915E-016,1.)) ;
#14110=DIRECTION('Axis2P3D XDirection',(-1.,1.83697019872E-016,-2.24963967399E-032)) ;
#14114=DIRECTION('Axis2P3D Direction',(-0.,1.22464679915E-016,1.)) ;
#14126=DIRECTION('Axis2P3D Direction',(0.,-1.22464679915E-016,-1.)) ;
#14127=DIRECTION('Axis2P3D XDirection',(-1.,0.,0.)) ;
#14131=DIRECTION('Axis2P3D Direction',(0.,1.22464679915E-016,1.)) ;
#14138=DIRECTION('Axis2P3D Direction',(-5.92118946467E-016,-1.,1.22464679915E-016)) ;
#14150=DIRECTION('Axis2P3D Direction',(0.,-1.,1.22464679915E-016)) ;
#14151=DIRECTION('Axis2P3D XDirection',(-1.,-0.,0.)) ;
#14155=DIRECTION('Vector Direction',(0.,-1.,1.18952466924E-016)) ;
#14162=DIRECTION('Axis2P3D Direction',(0.,-1.,1.22464679915E-016)) ;
#14174=DIRECTION('Axis2P3D Direction',(0.,-1.22464679915E-016,-1.)) ;
#14175=DIRECTION('Axis2P3D XDirection',(-3.5527136788E-015,1.,-1.2952601954E-016)) ;
#14179=DIRECTION('Axis2P3D Direction',(0.,1.22464679915E-016,1.)) ;
#14191=DIRECTION('Axis2P3D Direction',(0.,1.22464679915E-016,1.)) ;
#14192=DIRECTION('Axis2P3D XDirection',(-1.,-0.,0.)) ;
#14240=DIRECTION('Axis2P3D Direction',(-0.,-1.,0.)) ;
#14241=DIRECTION('Axis2P3D XDirection',(1.,0.,0.)) ;
#14245=DIRECTION('Vector Direction',(0.,-1.,0.)) ;
#14254=DIRECTION('Axis2P3D Direction',(-0.,-1.,0.)) ;
#14261=DIRECTION('Vector Direction',(0.,-1.,0.)) ;
#14268=DIRECTION('Axis2P3D Direction',(-0.,-1.,0.)) ;
#14280=DIRECTION('Axis2P3D Direction',(-0.,-1.,0.)) ;
#14285=DIRECTION('Axis2P3D Direction',(-0.,-1.,0.)) ;
#14297=DIRECTION('Axis2P3D Direction',(0.,1.,-0.)) ;
#14298=DIRECTION('Axis2P3D XDirection',(-1.,0.,-0.)) ;
#14302=DIRECTION('Axis2P3D Direction',(0.,1.,-0.)) ;
#14311=DIRECTION('Axis2P3D Direction',(0.,1.,-0.)) ;
#14321=DIRECTION('Axis2P3D Direction',(-0.,-1.,0.)) ;
#14322=DIRECTION('Axis2P3D XDirection',(1.,-0.,0.)) ;
#14326=DIRECTION('Axis2P3D Direction',(-0.,-1.,0.)) ;
#14367=DIRECTION('Axis2P3D Direction',(0.,1.,0.)) ;
#14368=DIRECTION('Axis2P3D XDirection',(-1.,0.,1.94289029309E-016)) ;
#14372=DIRECTION('Axis2P3D Direction',(-4.4408920985E-016,0.,1.)) ;
#14379=DIRECTION('Axis2P3D Direction',(-1.11022302463E-016,0.,-1.)) ;
#14386=DIRECTION('Axis2P3D Direction',(0.,1.,0.)) ;
#14398=DIRECTION('Axis2P3D Direction',(-0.,1.,0.)) ;
#14399=DIRECTION('Axis2P3D XDirection',(1.,0.,-1.08246744901E-015)) ;
#14403=DIRECTION('Axis2P3D Direction',(-0.,1.,0.)) ;
#14415=DIRECTION('Axis2P3D Direction',(0.,-1.,-0.)) ;
#14416=DIRECTION('Axis2P3D XDirection',(0.809016994374,0.,-0.587785252293)) ;
#14420=DIRECTION('Axis2P3D Direction',(9.22770682088E-009,0.,1.)) ;
#14425=DIRECTION('Axis2P3D Direction',(-8.66869898086E-009,0.,-1.)) ;
#14437=DIRECTION('Axis2P3D Direction',(-0.,-1.,0.)) ;
#14438=DIRECTION('Axis2P3D XDirection',(-0.809016994375,0.,0.587785252293)) ;
#14449=DIRECTION('Axis2P3D Direction',(-0.,1.,0.)) ;
#14450=DIRECTION('Axis2P3D XDirection',(-1.,-0.,0.)) ;
#14454=DIRECTION('Axis2P3D Direction',(-0.,1.,0.)) ;
#14463=DIRECTION('Axis2P3D Direction',(-0.,1.,0.)) ;
#14473=DIRECTION('Axis2P3D Direction',(0.,-1.,0.)) ;
#14474=DIRECTION('Axis2P3D XDirection',(1.,0.,0.)) ;
#14505=DIRECTION('Axis2P3D Direction',(0.,-1.,0.)) ;
#14519=DIRECTION('Axis2P3D Direction',(0.,-1.,0.)) ;
#14520=DIRECTION('Axis2P3D XDirection',(-1.,0.,1.94289029309E-016)) ;
#14524=DIRECTION('Axis2P3D Direction',(0.,1.,-0.)) ;
#14533=DIRECTION('Axis2P3D Direction',(1.11022302463E-016,0.,1.)) ;
#14538=DIRECTION('Axis2P3D Direction',(4.4408920985E-016,0.,-1.)) ;
#14550=DIRECTION('Axis2P3D Direction',(0.,-1.,0.)) ;
#14551=DIRECTION('Axis2P3D XDirection',(1.,0.,-1.08246744901E-015)) ;
#14555=DIRECTION('Axis2P3D Direction',(-0.,1.,0.)) ;
#14567=DIRECTION('Axis2P3D Direction',(0.,1.,0.)) ;
#14568=DIRECTION('Axis2P3D XDirection',(0.809016994374,0.,-0.587785252293)) ;
#14572=DIRECTION('Axis2P3D Direction',(8.66869898086E-009,-0.,1.)) ;
#14577=DIRECTION('Axis2P3D Direction',(-9.22770682088E-009,0.,-1.)) ;
#14589=DIRECTION('Axis2P3D Direction',(0.,1.,0.)) ;
#14590=DIRECTION('Axis2P3D XDirection',(-0.809016994375,0.,0.587785252293)) ;
#48=AXIS2_PLACEMENT_3D(' ',#47,$,$) ;
#55=AXIS2_PLACEMENT_3D('Torus Axis2P3D',#52,#53,#54) ;
#59=AXIS2_PLACEMENT_3D('Circle Axis2P3D',#57,#58,$) ;
#68=AXIS2_PLACEMENT_3D('Circle Axis2P3D',#66,#67,$) ;
#75=AXIS2_PLACEMENT_3D('Circle Axis2P3D',#73,#74,$) ;
#82=AXIS2_PLACEMENT_3D('Circle Axis2P3D',#80,#81,$) ;
#95=AXIS2_PLACEMENT_3D('Torus Axis2P3D',#92,#93,#94) ;
#99=AXIS2_PLACEMENT_3D('Circle Axis2P3D',#97,#98,$) ;
#104=AXIS2_PLACEMENT_3D('Circle Axis2P3D',#102,#103,$) ;
#117=AXIS2_PLACEMENT_3D('Plane Axis2P3D',#114,#115,#116) ;
#130=AXIS2_PLACEMENT_3D('Circle Axis2P3D',#128,#129,$) ;
#144=AXIS2_PLACEMENT_3D('Circle Axis2P3D',#142,#143,$) ;
#172=AXIS2_PLACEMENT_3D('Circle Axis2P3D',#170,#171,$) ;
#193=AXIS2_PLACEMENT_3D('Circle Axis2P3D',#191,#192,$) ;
#207=AXIS2_PLACEMENT_3D('Circle Axis2P3D',#205,#206,$) ;
#247=AXIS2_PLACEMENT_3D('Circle Axis2P3D',#245,#246,$) ;
#256=AXIS2_PLACEMENT_3D('Circle Axis2P3D',#254,#255,$) ;
#265=AXIS2_PLACEMENT_3D('Circle Axis2P3D',#263,#264,$) ;
#274=AXIS2_PLACEMENT_3D('Circle Axis2P3D',#272,#273,$) ;
#283=AXIS2_PLACEMENT_3D('Circle Axis2P3D',#281,#282,$) ;
#292=AXIS2_PLACEMENT_3D('Circle Axis2P3D',#290,#291,$) ;
#301=AXIS2_PLACEMENT_3D('Circle Axis2P3D',#299,#300,$) ;
#310=AXIS2_PLACEMENT_3D('Circle Axis2P3D',#308,#309,$) ;
#319=AXIS2_PLACEMENT_3D('Circle Axis2P3D',#317,#318,$) ;
#328=AXIS2_PLACEMENT_3D('Circle Axis2P3D',#326,#327,$) ;
#339=AXIS2_PLACEMENT_3D('Cylinder Axis2P3D',#336,#337,#338) ;
#350=AXIS2_PLACEMENT_3D('Circle Axis2P3D',#348,#349,$) ;
#369=AXIS2_PLACEMENT_3D('Circle Axis2P3D',#367,#368,$) ;
#382=AXIS2_PLACEMENT_3D('Torus Axis2P3D',#379,#380,#381) ;
#386=AXIS2_PLACEMENT_3D('Circle Axis2P3D',#384,#385,$) ;
#393=AXIS2_PLACEMENT_3D('Circle Axis2P3D',#391,#392,$) ;
#400=AXIS2_PLACEMENT_3D('Circle Axis2P3D',#398,#399,$) ;
#413=AXIS2_PLACEMENT_3D('Torus Axis2P3D',#410,#411,#412) ;
#417=AXIS2_PLACEMENT_3D('Circle Axis2P3D',#415,#416,$) ;
#430=AXIS2_PLACEMENT_3D('Cylinder Axis2P3D',#427,#428,#429) ;
#441=AXIS2_PLACEMENT_3D('Circle Axis2P3D',#439,#440,$) ;
#460=AXIS2_PLACEMENT_3D('Circle Axis2P3D',#458,#459,$) ;
#473=AXIS2_PLACEMENT_3D('Torus Axis2P3D',#470,#471,#472) ;
#477=AXIS2_PLACEMENT_3D('Circle Axis2P3D',#475,#476,$) ;
#484=AXIS2_PLACEMENT_3D('Circle Axis2P3D',#482,#483,$) ;
#491=AXIS2_PLACEMENT_3D('Circle Axis2P3D',#489,#490,$) ;
#504=AXIS2_PLACEMENT_3D('Torus Axis2P3D',#501,#502,#503) ;
#508=AXIS2_PLACEMENT_3D('Circle Axis2P3D',#506,#507,$) ;
#521=AXIS2_PLACEMENT_3D('Cylinder Axis2P3D',#518,#519,#520) ;
#532=AXIS2_PLACEMENT_3D('Circle Axis2P3D',#530,#531,$) ;
#551=AXIS2_PLACEMENT_3D('Circle Axis2P3D',#549,#550,$) ;
#564=AXIS2_PLACEMENT_3D('Torus Axis2P3D',#561,#562,#563) ;
#568=AXIS2_PLACEMENT_3D('Circle Axis2P3D',#566,#567,$) ;
#575=AXIS2_PLACEMENT_3D('Circle Axis2P3D',#573,#574,$) ;
#582=AXIS2_PLACEMENT_3D('Circle Axis2P3D',#580,#581,$) ;
#595=AXIS2_PLACEMENT_3D('Torus Axis2P3D',#592,#593,#594) ;
#599=AXIS2_PLACEMENT_3D('Circle Axis2P3D',#597,#598,$) ;
#612=AXIS2_PLACEMENT_3D('Cylinder Axis2P3D',#609,#610,#611) ;
#623=AXIS2_PLACEMENT_3D('Circle Axis2P3D',#621,#622,$) ;
#642=AXIS2_PLACEMENT_3D('Circle Axis2P3D',#640,#641,$) ;
#655=AXIS2_PLACEMENT_3D('Torus Axis2P3D',#652,#653,#654) ;
#659=AXIS2_PLACEMENT_3D('Circle Axis2P3D',#657,#658,$) ;
#666=AXIS2_PLACEMENT_3D('Circle Axis2P3D',#664,#665,$) ;
#673=AXIS2_PLACEMENT_3D('Circle Axis2P3D',#671,#672,$) ;
#686=AXIS2_PLACEMENT_3D('Torus Axis2P3D',#683,#684,#685) ;
#690=AXIS2_PLACEMENT_3D('Circle Axis2P3D',#688,#689,$) ;
#703=AXIS2_PLACEMENT_3D('Cylinder Axis2P3D',#700,#701,#702) ;
#714=AXIS2_PLACEMENT_3D('Circle Axis2P3D',#712,#713,$) ;
#733=AXIS2_PLACEMENT_3D('Circle Axis2P3D',#731,#732,$) ;
#746=AXIS2_PLACEMENT_3D('Torus Axis2P3D',#743,#744,#745) ;
#750=AXIS2_PLACEMENT_3D('Circle Axis2P3D',#748,#749,$) ;
#757=AXIS2_PLACEMENT_3D('Circle Axis2P3D',#755,#756,$) ;
#764=AXIS2_PLACEMENT_3D('Circle Axis2P3D',#762,#763,$) ;
#777=AXIS2_PLACEMENT_3D('Torus Axis2P3D',#774,#775,#776) ;
#781=AXIS2_PLACEMENT_3D('Circle Axis2P3D',#779,#780,$) ;
#794=AXIS2_PLACEMENT_3D('Cylinder Axis2P3D',#791,#792,#793) ;
#805=AXIS2_PLACEMENT_3D('Circle Axis2P3D',#803,#804,$) ;
#824=AXIS2_PLACEMENT_3D('Circle Axis2P3D',#822,#823,$) ;
#837=AXIS2_PLACEMENT_3D('Torus Axis2P3D',#834,#835,#836) ;
#841=AXIS2_PLACEMENT_3D('Circle Axis2P3D',#839,#840,$) ;
#848=AXIS2_PLACEMENT_3D('Circle Axis2P3D',#846,#847,$) ;
#855=AXIS2_PLACEMENT_3D('Circle Axis2P3D',#853,#854,$) ;
#868=AXIS2_PLACEMENT_3D('Torus Axis2P3D',#865,#866,#867) ;
#872=AXIS2_PLACEMENT_3D('Circle Axis2P3D',#870,#871,$) ;
#885=AXIS2_PLACEMENT_3D('Torus Axis2P3D',#882,#883,#884) ;
#889=AXIS2_PLACEMENT_3D('Circle Axis2P3D',#887,#888,$) ;
#896=AXIS2_PLACEMENT_3D('Circle Axis2P3D',#894,#895,$) ;
#903=AXIS2_PLACEMENT_3D('Circle Axis2P3D',#901,#902,$) ;
#916=AXIS2_PLACEMENT_3D('Torus Axis2P3D',#913,#914,#915) ;
#920=AXIS2_PLACEMENT_3D('Circle Axis2P3D',#918,#919,$) ;
#933=AXIS2_PLACEMENT_3D('Torus Axis2P3D',#930,#931,#932) ;
#937=AXIS2_PLACEMENT_3D('Circle Axis2P3D',#935,#936,$) ;
#944=AXIS2_PLACEMENT_3D('Circle Axis2P3D',#942,#943,$) ;
#951=AXIS2_PLACEMENT_3D('Circle Axis2P3D',#949,#950,$) ;
#964=AXIS2_PLACEMENT_3D('Torus Axis2P3D',#961,#962,#963) ;
#968=AXIS2_PLACEMENT_3D('Circle Axis2P3D',#966,#967,$) ;
#981=AXIS2_PLACEMENT_3D('Torus Axis2P3D',#978,#979,#980) ;
#985=AXIS2_PLACEMENT_3D('Circle Axis2P3D',#983,#984,$) ;
#992=AXIS2_PLACEMENT_3D('Circle Axis2P3D',#990,#991,$) ;
#999=AXIS2_PLACEMENT_3D('Circle Axis2P3D',#997,#998,$) ;
#1012=AXIS2_PLACEMENT_3D('Torus Axis2P3D',#1009,#1010,#1011) ;
#1016=AXIS2_PLACEMENT_3D('Circle Axis2P3D',#1014,#1015,$) ;
#1029=AXIS2_PLACEMENT_3D('Torus Axis2P3D',#1026,#1027,#1028) ;
#1033=AXIS2_PLACEMENT_3D('Circle Axis2P3D',#1031,#1032,$) ;
#1040=AXIS2_PLACEMENT_3D('Circle Axis2P3D',#1038,#1039,$) ;
#1047=AXIS2_PLACEMENT_3D('Circle Axis2P3D',#1045,#1046,$) ;
#1060=AXIS2_PLACEMENT_3D('Torus Axis2P3D',#1057,#1058,#1059) ;
#1064=AXIS2_PLACEMENT_3D('Circle Axis2P3D',#1062,#1063,$) ;
#1077=AXIS2_PLACEMENT_3D('Torus Axis2P3D',#1074,#1075,#1076) ;
#1081=AXIS2_PLACEMENT_3D('Circle Axis2P3D',#1079,#1080,$) ;
#1088=AXIS2_PLACEMENT_3D('Circle Axis2P3D',#1086,#1087,$) ;
#1095=AXIS2_PLACEMENT_3D('Circle Axis2P3D',#1093,#1094,$) ;
#1108=AXIS2_PLACEMENT_3D('Torus Axis2P3D',#1105,#1106,#1107) ;
#1112=AXIS2_PLACEMENT_3D('Circle Axis2P3D',#1110,#1111,$) ;
#1125=AXIS2_PLACEMENT_3D('Torus Axis2P3D',#1122,#1123,#1124) ;
#1129=AXIS2_PLACEMENT_3D('Circle Axis2P3D',#1127,#1128,$) ;
#1138=AXIS2_PLACEMENT_3D('Circle Axis2P3D',#1136,#1137,$) ;
#1145=AXIS2_PLACEMENT_3D('Circle Axis2P3D',#1143,#1144,$) ;
#1152=AXIS2_PLACEMENT_3D('Circle Axis2P3D',#1150,#1151,$) ;
#1165=AXIS2_PLACEMENT_3D('Torus Axis2P3D',#1162,#1163,#1164) ;
#1169=AXIS2_PLACEMENT_3D('Circle Axis2P3D',#1167,#1168,$) ;
#1174=AXIS2_PLACEMENT_3D('Circle Axis2P3D',#1172,#1173,$) ;
#1187=AXIS2_PLACEMENT_3D('Cylinder Axis2P3D',#1184,#1185,#1186) ;
#1198=AXIS2_PLACEMENT_3D('Circle Axis2P3D',#1196,#1197,$) ;
#1217=AXIS2_PLACEMENT_3D('Circle Axis2P3D',#1215,#1216,$) ;
#1230=AXIS2_PLACEMENT_3D('Plane Axis2P3D',#1227,#1228,#1229) ;
#1234=AXIS2_PLACEMENT_3D('Circle Axis2P3D',#1232,#1233,$) ;
#1243=AXIS2_PLACEMENT_3D('Circle Axis2P3D',#1241,#1242,$) ;
#1282=AXIS2_PLACEMENT_3D('Torus Axis2P3D',#1279,#1280,#1281) ;
#1286=AXIS2_PLACEMENT_3D('Circle Axis2P3D',#1284,#1285,$) ;
#1295=AXIS2_PLACEMENT_3D('Circle Axis2P3D',#1293,#1294,$) ;
#1302=AXIS2_PLACEMENT_3D('Circle Axis2P3D',#1300,#1301,$) ;
#1309=AXIS2_PLACEMENT_3D('Circle Axis2P3D',#1307,#1308,$) ;
#1322=AXIS2_PLACEMENT_3D('Torus Axis2P3D',#1319,#1320,#1321) ;
#1326=AXIS2_PLACEMENT_3D('Circle Axis2P3D',#1324,#1325,$) ;
#1331=AXIS2_PLACEMENT_3D('Circle Axis2P3D',#1329,#1330,$) ;
#1350=AXIS2_PLACEMENT_3D('Circle Axis2P3D',#1348,#1349,$) ;
#1369=AXIS2_PLACEMENT_3D('Circle Axis2P3D',#1367,#1368,$) ;
#1382=AXIS2_PLACEMENT_3D('Plane Axis2P3D',#1379,#1380,#1381) ;
#1402=AXIS2_PLACEMENT_3D('Circle Axis2P3D',#1400,#1401,$) ;
#1409=AXIS2_PLACEMENT_3D('Circle Axis2P3D',#1407,#1408,$) ;
#1416=AXIS2_PLACEMENT_3D('Circle Axis2P3D',#1414,#1415,$) ;
#1423=AXIS2_PLACEMENT_3D('Circle Axis2P3D',#1421,#1422,$) ;
#1450=AXIS2_PLACEMENT_3D('Torus Axis2P3D',#1447,#1448,#1449) ;
#1454=AXIS2_PLACEMENT_3D('Circle Axis2P3D',#1452,#1453,$) ;
#1461=AXIS2_PLACEMENT_3D('Circle Axis2P3D',#1459,#1460,$) ;
#1468=AXIS2_PLACEMENT_3D('Circle Axis2P3D',#1466,#1467,$) ;
#1481=AXIS2_PLACEMENT_3D('Torus Axis2P3D',#1478,#1479,#1480) ;
#1485=AXIS2_PLACEMENT_3D('Circle Axis2P3D',#1483,#1484,$) ;
#1498=AXIS2_PLACEMENT_3D('Plane Axis2P3D',#1495,#1496,#1497) ;
#1518=AXIS2_PLACEMENT_3D('Circle Axis2P3D',#1516,#1517,$) ;
#1525=AXIS2_PLACEMENT_3D('Circle Axis2P3D',#1523,#1524,$) ;
#1532=AXIS2_PLACEMENT_3D('Circle Axis2P3D',#1530,#1531,$) ;
#1558=AXIS2_PLACEMENT_3D('Torus Axis2P3D',#1555,#1556,#1557) ;
#1562=AXIS2_PLACEMENT_3D('Circle Axis2P3D',#1560,#1561,$) ;
#1569=AXIS2_PLACEMENT_3D('Circle Axis2P3D',#1567,#1568,$) ;
#1576=AXIS2_PLACEMENT_3D('Circle Axis2P3D',#1574,#1575,$) ;
#1589=AXIS2_PLACEMENT_3D('Torus Axis2P3D',#1586,#1587,#1588) ;
#1593=AXIS2_PLACEMENT_3D('Circle Axis2P3D',#1591,#1592,$) ;
#1606=AXIS2_PLACEMENT_3D('Plane Axis2P3D',#1603,#1604,#1605) ;
#1626=AXIS2_PLACEMENT_3D('Circle Axis2P3D',#1624,#1625,$) ;
#1633=AXIS2_PLACEMENT_3D('Circle Axis2P3D',#1631,#1632,$) ;
#1640=AXIS2_PLACEMENT_3D('Circle Axis2P3D',#1638,#1639,$) ;
#1647=AXIS2_PLACEMENT_3D('Circle Axis2P3D',#1645,#1646,$) ;
#1674=AXIS2_PLACEMENT_3D('Torus Axis2P3D',#1671,#1672,#1673) ;
#1678=AXIS2_PLACEMENT_3D('Circle Axis2P3D',#1676,#1677,$) ;
#1683=AXIS2_PLACEMENT_3D('Circle Axis2P3D',#1681,#1682,$) ;
#1690=AXIS2_PLACEMENT_3D('Circle Axis2P3D',#1688,#1689,$) ;
#1703=AXIS2_PLACEMENT_3D('Cylinder Axis2P3D',#1700,#1701,#1702) ;
#1707=AXIS2_PLACEMENT_3D('Circle Axis2P3D',#1705,#1706,$) ;
#1720=AXIS2_PLACEMENT_3D('Torus Axis2P3D',#1717,#1718,#1719) ;
#1724=AXIS2_PLACEMENT_3D('Circle Axis2P3D',#1722,#1723,$) ;
#1731=AXIS2_PLACEMENT_3D('Circle Axis2P3D',#1729,#1730,$) ;
#1744=AXIS2_PLACEMENT_3D('Torus Axis2P3D',#1741,#1742,#1743) ;
#1748=AXIS2_PLACEMENT_3D('Circle Axis2P3D',#1746,#1747,$) ;
#1755=AXIS2_PLACEMENT_3D('Circle Axis2P3D',#1753,#1754,$) ;
#1768=AXIS2_PLACEMENT_3D('Torus Axis2P3D',#1765,#1766,#1767) ;
#1772=AXIS2_PLACEMENT_3D('Circle Axis2P3D',#1770,#1771,$) ;
#1779=AXIS2_PLACEMENT_3D('Circle Axis2P3D',#1777,#1778,$) ;
#1792=AXIS2_PLACEMENT_3D('Torus Axis2P3D',#1789,#1790,#1791) ;
#1796=AXIS2_PLACEMENT_3D('Circle Axis2P3D',#1794,#1795,$) ;
#1803=AXIS2_PLACEMENT_3D('Circle Axis2P3D',#1801,#1802,$) ;
#1816=AXIS2_PLACEMENT_3D('Cylinder Axis2P3D',#1813,#1814,#1815) ;
#1820=AXIS2_PLACEMENT_3D('Circle Axis2P3D',#1818,#1819,$) ;
#1840=AXIS2_PLACEMENT_3D('Torus Axis2P3D',#1837,#1838,#1839) ;
#1844=AXIS2_PLACEMENT_3D('Circle Axis2P3D',#1842,#1843,$) ;
#1853=AXIS2_PLACEMENT_3D('Circle Axis2P3D',#1851,#1852,$) ;
#1858=AXIS2_PLACEMENT_3D('Circle Axis2P3D',#1856,#1857,$) ;
#1871=AXIS2_PLACEMENT_3D('Cylinder Axis2P3D',#1868,#1869,#1870) ;
#1875=AXIS2_PLACEMENT_3D('Circle Axis2P3D',#1873,#1874,$) ;
#1902=AXIS2_PLACEMENT_3D('Torus Axis2P3D',#1899,#1900,#1901) ;
#1906=AXIS2_PLACEMENT_3D('Circle Axis2P3D',#1904,#1905,$) ;
#1913=AXIS2_PLACEMENT_3D('Circle Axis2P3D',#1911,#1912,$) ;
#1918=AXIS2_PLACEMENT_3D('Circle Axis2P3D',#1916,#1917,$) ;
#1931=AXIS2_PLACEMENT_3D('Cylinder Axis2P3D',#1928,#1929,#1930) ;
#1935=AXIS2_PLACEMENT_3D('Circle Axis2P3D',#1933,#1934,$) ;
#1955=AXIS2_PLACEMENT_3D('Torus Axis2P3D',#1952,#1953,#1954) ;
#1959=AXIS2_PLACEMENT_3D('Circle Axis2P3D',#1957,#1958,$) ;
#1966=AXIS2_PLACEMENT_3D('Circle Axis2P3D',#1964,#1965,$) ;
#1979=AXIS2_PLACEMENT_3D('Torus Axis2P3D',#1976,#1977,#1978) ;
#1983=AXIS2_PLACEMENT_3D('Circle Axis2P3D',#1981,#1982,$) ;
#1990=AXIS2_PLACEMENT_3D('Circle Axis2P3D',#1988,#1989,$) ;
#2003=AXIS2_PLACEMENT_3D('Torus Axis2P3D',#2000,#2001,#2002) ;
#2007=AXIS2_PLACEMENT_3D('Circle Axis2P3D',#2005,#2006,$) ;
#2014=AXIS2_PLACEMENT_3D('Circle Axis2P3D',#2012,#2013,$) ;
#2027=AXIS2_PLACEMENT_3D('Torus Axis2P3D',#2024,#2025,#2026) ;
#2031=AXIS2_PLACEMENT_3D('Circle Axis2P3D',#2029,#2030,$) ;
#2036=AXIS2_PLACEMENT_3D('Circle Axis2P3D',#2034,#2035,$) ;
#2049=AXIS2_PLACEMENT_3D('Cylinder Axis2P3D',#2046,#2047,#2048) ;
#2053=AXIS2_PLACEMENT_3D('Circle Axis2P3D',#2051,#2052,$) ;
#2066=AXIS2_PLACEMENT_3D('Torus Axis2P3D',#2063,#2064,#2065) ;
#2070=AXIS2_PLACEMENT_3D('Circle Axis2P3D',#2068,#2069,$) ;
#2077=AXIS2_PLACEMENT_3D('Circle Axis2P3D',#2075,#2076,$) ;
#2090=AXIS2_PLACEMENT_3D('Cylinder Axis2P3D',#2087,#2088,#2089) ;
#2107=AXIS2_PLACEMENT_3D('Cylinder Axis2P3D',#2104,#2105,#2106) ;
#2124=AXIS2_PLACEMENT_3D('Plane Axis2P3D',#2121,#2122,#2123) ;
#2141=AXIS2_PLACEMENT_3D('Cylinder Axis2P3D',#2138,#2139,#2140) ;
#2153=AXIS2_PLACEMENT_3D('Cylinder Axis2P3D',#2150,#2151,#2152) ;
#2164=AXIS2_PLACEMENT_3D('Circle Axis2P3D',#2162,#2163,$) ;
#2177=AXIS2_PLACEMENT_3D('Cylinder Axis2P3D',#2174,#2175,#2176) ;
#2188=AXIS2_PLACEMENT_3D('Circle Axis2P3D',#2186,#2187,$) ;
#2201=AXIS2_PLACEMENT_3D('Cylinder Axis2P3D',#2198,#2199,#2200) ;
#2212=AXIS2_PLACEMENT_3D('Circle Axis2P3D',#2210,#2211,$) ;
#2231=AXIS2_PLACEMENT_3D('Circle Axis2P3D',#2229,#2230,$) ;
#2244=AXIS2_PLACEMENT_3D('Cylinder Axis2P3D',#2241,#2242,#2243) ;
#2248=AXIS2_PLACEMENT_3D('Circle Axis2P3D',#2246,#2247,$) ;
#2276=AXIS2_PLACEMENT_3D('Circle Axis2P3D',#2274,#2275,$) ;
#2297=AXIS2_PLACEMENT_3D('Cylinder Axis2P3D',#2294,#2295,#2296) ;
#2308=AXIS2_PLACEMENT_3D('Circle Axis2P3D',#2306,#2307,$) ;
#2327=AXIS2_PLACEMENT_3D('Circle Axis2P3D',#2325,#2326,$) ;
#2697=AXIS2_PLACEMENT_3D('Torus Axis2P3D',#2694,#2695,#2696) ;
#2701=AXIS2_PLACEMENT_3D('Circle Axis2P3D',#2699,#2700,$) ;
#2714=AXIS2_PLACEMENT_3D('Cylinder Axis2P3D',#2711,#2712,#2713) ;
#2718=AXIS2_PLACEMENT_3D('Circle Axis2P3D',#2716,#2717,$) ;
#2731=AXIS2_PLACEMENT_3D('Torus Axis2P3D',#2728,#2729,#2730) ;
#2735=AXIS2_PLACEMENT_3D('Circle Axis2P3D',#2733,#2734,$) ;
#2742=AXIS2_PLACEMENT_3D('Circle Axis2P3D',#2740,#2741,$) ;
#2755=AXIS2_PLACEMENT_3D('Cylinder Axis2P3D',#2752,#2753,#2754) ;
#2759=AXIS2_PLACEMENT_3D('Circle Axis2P3D',#2757,#2758,$) ;
#2779=AXIS2_PLACEMENT_3D('Torus Axis2P3D',#2776,#2777,#2778) ;
#2783=AXIS2_PLACEMENT_3D('Circle Axis2P3D',#2781,#2782,$) ;
#2792=AXIS2_PLACEMENT_3D('Circle Axis2P3D',#2790,#2791,$) ;
#2797=AXIS2_PLACEMENT_3D('Circle Axis2P3D',#2795,#2796,$) ;
#2810=AXIS2_PLACEMENT_3D('Cylinder Axis2P3D',#2807,#2808,#2809) ;
#2814=AXIS2_PLACEMENT_3D('Circle Axis2P3D',#2812,#2813,$) ;
#2841=AXIS2_PLACEMENT_3D('Torus Axis2P3D',#2838,#2839,#2840) ;
#2845=AXIS2_PLACEMENT_3D('Circle Axis2P3D',#2843,#2844,$) ;
#2854=AXIS2_PLACEMENT_3D('Circle Axis2P3D',#2852,#2853,$) ;
#2859=AXIS2_PLACEMENT_3D('Circle Axis2P3D',#2857,#2858,$) ;
#2872=AXIS2_PLACEMENT_3D('Cylinder Axis2P3D',#2869,#2870,#2871) ;
#2876=AXIS2_PLACEMENT_3D('Circle Axis2P3D',#2874,#2875,$) ;
#2903=AXIS2_PLACEMENT_3D('Torus Axis2P3D',#2900,#2901,#2902) ;
#2907=AXIS2_PLACEMENT_3D('Circle Axis2P3D',#2905,#2906,$) ;
#2914=AXIS2_PLACEMENT_3D('Circle Axis2P3D',#2912,#2913,$) ;
#2919=AXIS2_PLACEMENT_3D('Circle Axis2P3D',#2917,#2918,$) ;
#2932=AXIS2_PLACEMENT_3D('Cylinder Axis2P3D',#2929,#2930,#2931) ;
#2936=AXIS2_PLACEMENT_3D('Circle Axis2P3D',#2934,#2935,$) ;
#2954=AXIS2_PLACEMENT_3D('Torus Axis2P3D',#2951,#2952,#2953) ;
#2958=AXIS2_PLACEMENT_3D('Circle Axis2P3D',#2956,#2957,$) ;
#2971=AXIS2_PLACEMENT_3D('Torus Axis2P3D',#2968,#2969,#2970) ;
#2983=AXIS2_PLACEMENT_3D('Cylinder Axis2P3D',#2980,#2981,#2982) ;
#3009=AXIS2_PLACEMENT_3D('Cylinder Axis2P3D',#3006,#3007,#3008) ;
#3020=AXIS2_PLACEMENT_3D('Circle Axis2P3D',#3018,#3019,$) ;
#3033=AXIS2_PLACEMENT_3D('Plane Axis2P3D',#3030,#3031,#3032) ;
#3057=AXIS2_PLACEMENT_3D('Cylinder Axis2P3D',#3054,#3055,#3056) ;
#3068=AXIS2_PLACEMENT_3D('Circle Axis2P3D',#3066,#3067,$) ;
#3281=AXIS2_PLACEMENT_3D('Cylinder Axis2P3D',#3278,#3279,#3280) ;
#3285=AXIS2_PLACEMENT_3D('Circle Axis2P3D',#3283,#3284,$) ;
#3299=AXIS2_PLACEMENT_3D('Torus Axis2P3D',#3296,#3297,#3298) ;
#3303=AXIS2_PLACEMENT_3D('Circle Axis2P3D',#3301,#3302,$) ;
#3486=AXIS2_PLACEMENT_3D('Cylinder Axis2P3D',#3483,#3484,#3485) ;
#3490=AXIS2_PLACEMENT_3D('Circle Axis2P3D',#3488,#3489,$) ;
#3511=AXIS2_PLACEMENT_3D('Torus Axis2P3D',#3508,#3509,#3510) ;
#3523=AXIS2_PLACEMENT_3D('Torus Axis2P3D',#3520,#3521,#3522) ;
#3527=AXIS2_PLACEMENT_3D('Circle Axis2P3D',#3525,#3526,$) ;
#3534=AXIS2_PLACEMENT_3D('Circle Axis2P3D',#3532,#3533,$) ;
#3547=AXIS2_PLACEMENT_3D('Cylinder Axis2P3D',#3544,#3545,#3546) ;
#3551=AXIS2_PLACEMENT_3D('Circle Axis2P3D',#3549,#3550,$) ;
#3571=AXIS2_PLACEMENT_3D('Torus Axis2P3D',#3568,#3569,#3570) ;
#3575=AXIS2_PLACEMENT_3D('Circle Axis2P3D',#3573,#3574,$) ;
#3588=AXIS2_PLACEMENT_3D('Plane Axis2P3D',#3585,#3586,#3587) ;
#3619=AXIS2_PLACEMENT_3D('Cylinder Axis2P3D',#3616,#3617,#3618) ;
#3623=AXIS2_PLACEMENT_3D('Circle Axis2P3D',#3621,#3622,$) ;
#3636=AXIS2_PLACEMENT_3D('Cylinder Axis2P3D',#3633,#3634,#3635) ;
#3640=AXIS2_PLACEMENT_3D('Circle Axis2P3D',#3638,#3639,$) ;
#3653=AXIS2_PLACEMENT_3D('Torus Axis2P3D',#3650,#3651,#3652) ;
#3657=AXIS2_PLACEMENT_3D('Circle Axis2P3D',#3655,#3656,$) ;
#3664=AXIS2_PLACEMENT_3D('Circle Axis2P3D',#3662,#3663,$) ;
#3677=AXIS2_PLACEMENT_3D('Cylinder Axis2P3D',#3674,#3675,#3676) ;
#3681=AXIS2_PLACEMENT_3D('Circle Axis2P3D',#3679,#3680,$) ;
#3701=AXIS2_PLACEMENT_3D('Torus Axis2P3D',#3698,#3699,#3700) ;
#3705=AXIS2_PLACEMENT_3D('Circle Axis2P3D',#3703,#3704,$) ;
#3718=AXIS2_PLACEMENT_3D('Plane Axis2P3D',#3715,#3716,#3717) ;
#3830=AXIS2_PLACEMENT_3D('Cylinder Axis2P3D',#3827,#3828,#3829) ;
#3864=AXIS2_PLACEMENT_3D('Cylinder Axis2P3D',#3861,#3862,#3863) ;
#3900=AXIS2_PLACEMENT_3D('Cylinder Axis2P3D',#3897,#3898,#3899) ;
#3925=AXIS2_PLACEMENT_3D('Cylinder Axis2P3D',#3922,#3923,#3924) ;
#3951=AXIS2_PLACEMENT_3D('Cylinder Axis2P3D',#3948,#3949,#3950) ;
#3976=AXIS2_PLACEMENT_3D('Cylinder Axis2P3D',#3973,#3974,#3975) ;
#4002=AXIS2_PLACEMENT_3D('Cylinder Axis2P3D',#3999,#4000,#4001) ;
#4041=AXIS2_PLACEMENT_3D('Cylinder Axis2P3D',#4038,#4039,#4040) ;
#4066=AXIS2_PLACEMENT_3D('Cylinder Axis2P3D',#4063,#4064,#4065) ;
#4091=AXIS2_PLACEMENT_3D('Cylinder Axis2P3D',#4088,#4089,#4090) ;
#4130=AXIS2_PLACEMENT_3D('Cylinder Axis2P3D',#4127,#4128,#4129) ;
#4155=AXIS2_PLACEMENT_3D('Cylinder Axis2P3D',#4152,#4153,#4154) ;
#4180=AXIS2_PLACEMENT_3D('Cylinder Axis2P3D',#4177,#4178,#4179) ;
#4197=AXIS2_PLACEMENT_3D('Cylinder Axis2P3D',#4194,#4195,#4196) ;
#4240=AXIS2_PLACEMENT_3D('Cylinder Axis2P3D',#4237,#4238,#4239) ;
#4273=AXIS2_PLACEMENT_3D('Cylinder Axis2P3D',#4270,#4271,#4272) ;
#4305=AXIS2_PLACEMENT_3D('Cylinder Axis2P3D',#4302,#4303,#4304) ;
#4338=AXIS2_PLACEMENT_3D('Cylinder Axis2P3D',#4335,#4336,#4337) ;
#4370=AXIS2_PLACEMENT_3D('Cylinder Axis2P3D',#4367,#4368,#4369) ;
#4403=AXIS2_PLACEMENT_3D('Cylinder Axis2P3D',#4400,#4401,#4402) ;
#4436=AXIS2_PLACEMENT_3D('Cylinder Axis2P3D',#4433,#4434,#4435) ;
#4468=AXIS2_PLACEMENT_3D('Cylinder Axis2P3D',#4465,#4466,#4467) ;
#4501=AXIS2_PLACEMENT_3D('Cylinder Axis2P3D',#4498,#4499,#4500) ;
#4534=AXIS2_PLACEMENT_3D('Cylinder Axis2P3D',#4531,#4532,#4533) ;
#4566=AXIS2_PLACEMENT_3D('Cylinder Axis2P3D',#4563,#4564,#4565) ;
#4599=AXIS2_PLACEMENT_3D('Cylinder Axis2P3D',#4596,#4597,#4598) ;
#4727=AXIS2_PLACEMENT_3D('Cylinder Axis2P3D',#4724,#4725,#4726) ;
#4762=AXIS2_PLACEMENT_3D('Cylinder Axis2P3D',#4759,#4760,#4761) ;
#4787=AXIS2_PLACEMENT_3D('Cylinder Axis2P3D',#4784,#4785,#4786) ;
#4812=AXIS2_PLACEMENT_3D('Cylinder Axis2P3D',#4809,#4810,#4811) ;
#4838=AXIS2_PLACEMENT_3D('Cylinder Axis2P3D',#4835,#4836,#4837) ;
#4864=AXIS2_PLACEMENT_3D('Cylinder Axis2P3D',#4861,#4862,#4863) ;
#4889=AXIS2_PLACEMENT_3D('Cylinder Axis2P3D',#4886,#4887,#4888) ;
#4914=AXIS2_PLACEMENT_3D('Cylinder Axis2P3D',#4911,#4912,#4913) ;
#4940=AXIS2_PLACEMENT_3D('Cylinder Axis2P3D',#4937,#4938,#4939) ;
#4966=AXIS2_PLACEMENT_3D('Cylinder Axis2P3D',#4963,#4964,#4965) ;
#4992=AXIS2_PLACEMENT_3D('Cylinder Axis2P3D',#4989,#4990,#4991) ;
#5196=AXIS2_PLACEMENT_3D('Cylinder Axis2P3D',#5193,#5194,#5195) ;
#5230=AXIS2_PLACEMENT_3D('Cylinder Axis2P3D',#5227,#5228,#5229) ;
#5255=AXIS2_PLACEMENT_3D('Cylinder Axis2P3D',#5252,#5253,#5254) ;
#5281=AXIS2_PLACEMENT_3D('Cylinder Axis2P3D',#5278,#5279,#5280) ;
#5306=AXIS2_PLACEMENT_3D('Cylinder Axis2P3D',#5303,#5304,#5305) ;
#5332=AXIS2_PLACEMENT_3D('Cylinder Axis2P3D',#5329,#5330,#5331) ;
#5357=AXIS2_PLACEMENT_3D('Cylinder Axis2P3D',#5354,#5355,#5356) ;
#5383=AXIS2_PLACEMENT_3D('Cylinder Axis2P3D',#5380,#5381,#5382) ;
#5409=AXIS2_PLACEMENT_3D('Cylinder Axis2P3D',#5406,#5407,#5408) ;
#5434=AXIS2_PLACEMENT_3D('Cylinder Axis2P3D',#5431,#5432,#5433) ;
#5460=AXIS2_PLACEMENT_3D('Cylinder Axis2P3D',#5457,#5458,#5459) ;
#5486=AXIS2_PLACEMENT_3D('Cylinder Axis2P3D',#5483,#5484,#5485) ;
#5511=AXIS2_PLACEMENT_3D('Cylinder Axis2P3D',#5508,#5509,#5510) ;
#5536=AXIS2_PLACEMENT_3D('Cylinder Axis2P3D',#5533,#5534,#5535) ;
#5562=AXIS2_PLACEMENT_3D('Cylinder Axis2P3D',#5559,#5560,#5561) ;
#5587=AXIS2_PLACEMENT_3D('Cylinder Axis2P3D',#5584,#5585,#5586) ;
#5613=AXIS2_PLACEMENT_3D('Cylinder Axis2P3D',#5610,#5611,#5612) ;
#5638=AXIS2_PLACEMENT_3D('Cylinder Axis2P3D',#5635,#5636,#5637) ;
#5664=AXIS2_PLACEMENT_3D('Cylinder Axis2P3D',#5661,#5662,#5663) ;
#5690=AXIS2_PLACEMENT_3D('Cylinder Axis2P3D',#5687,#5688,#5689) ;
#5716=AXIS2_PLACEMENT_3D('Cylinder Axis2P3D',#5713,#5714,#5715) ;
#5742=AXIS2_PLACEMENT_3D('Cylinder Axis2P3D',#5739,#5740,#5741) ;
#5767=AXIS2_PLACEMENT_3D('Cylinder Axis2P3D',#5764,#5765,#5766) ;
#5883=AXIS2_PLACEMENT_3D('Cylinder Axis2P3D',#5880,#5881,#5882) ;
#5917=AXIS2_PLACEMENT_3D('Cylinder Axis2P3D',#5914,#5915,#5916) ;
#5942=AXIS2_PLACEMENT_3D('Cylinder Axis2P3D',#5939,#5940,#5941) ;
#5967=AXIS2_PLACEMENT_3D('Cylinder Axis2P3D',#5964,#5965,#5966) ;
#5992=AXIS2_PLACEMENT_3D('Cylinder Axis2P3D',#5989,#5990,#5991) ;
#6017=AXIS2_PLACEMENT_3D('Cylinder Axis2P3D',#6014,#6015,#6016) ;
#6042=AXIS2_PLACEMENT_3D('Cylinder Axis2P3D',#6039,#6040,#6041) ;
#6067=AXIS2_PLACEMENT_3D('Cylinder Axis2P3D',#6064,#6065,#6066) ;
#6092=AXIS2_PLACEMENT_3D('Cylinder Axis2P3D',#6089,#6090,#6091) ;
#6118=AXIS2_PLACEMENT_3D('Cylinder Axis2P3D',#6115,#6116,#6117) ;
#6143=AXIS2_PLACEMENT_3D('Cylinder Axis2P3D',#6140,#6141,#6142) ;
#6168=AXIS2_PLACEMENT_3D('Cylinder Axis2P3D',#6165,#6166,#6167) ;
#6252=AXIS2_PLACEMENT_3D('Cylinder Axis2P3D',#6249,#6250,#6251) ;
#6286=AXIS2_PLACEMENT_3D('Cylinder Axis2P3D',#6283,#6284,#6285) ;
#6311=AXIS2_PLACEMENT_3D('Cylinder Axis2P3D',#6308,#6309,#6310) ;
#6337=AXIS2_PLACEMENT_3D('Cylinder Axis2P3D',#6334,#6335,#6336) ;
#6362=AXIS2_PLACEMENT_3D('Cylinder Axis2P3D',#6359,#6360,#6361) ;
#6387=AXIS2_PLACEMENT_3D('Cylinder Axis2P3D',#6384,#6385,#6386) ;
#6412=AXIS2_PLACEMENT_3D('Cylinder Axis2P3D',#6409,#6410,#6411) ;
#6437=AXIS2_PLACEMENT_3D('Cylinder Axis2P3D',#6434,#6435,#6436) ;
#6454=AXIS2_PLACEMENT_3D('Plane Axis2P3D',#6451,#6452,#6453) ;
#6485=AXIS2_PLACEMENT_3D('Plane Axis2P3D',#6482,#6483,#6484) ;
#6509=AXIS2_PLACEMENT_3D('Plane Axis2P3D',#6506,#6507,#6508) ;
#6533=AXIS2_PLACEMENT_3D('Plane Axis2P3D',#6530,#6531,#6532) ;
#6557=AXIS2_PLACEMENT_3D('Plane Axis2P3D',#6554,#6555,#6556) ;
#6581=AXIS2_PLACEMENT_3D('Plane Axis2P3D',#6578,#6579,#6580) ;
#6605=AXIS2_PLACEMENT_3D('Plane Axis2P3D',#6602,#6603,#6604) ;
#6629=AXIS2_PLACEMENT_3D('Plane Axis2P3D',#6626,#6627,#6628) ;
#6653=AXIS2_PLACEMENT_3D('Plane Axis2P3D',#6650,#6651,#6652) ;
#6677=AXIS2_PLACEMENT_3D('Plane Axis2P3D',#6674,#6675,#6676) ;
#6701=AXIS2_PLACEMENT_3D('Plane Axis2P3D',#6698,#6699,#6700) ;
#6725=AXIS2_PLACEMENT_3D('Plane Axis2P3D',#6722,#6723,#6724) ;
#6749=AXIS2_PLACEMENT_3D('Plane Axis2P3D',#6746,#6747,#6748) ;
#6766=AXIS2_PLACEMENT_3D('Cylinder Axis2P3D',#6763,#6764,#6765) ;
#6801=AXIS2_PLACEMENT_3D('Cylinder Axis2P3D',#6798,#6799,#6800) ;
#6826=AXIS2_PLACEMENT_3D('Cylinder Axis2P3D',#6823,#6824,#6825) ;
#6851=AXIS2_PLACEMENT_3D('Cylinder Axis2P3D',#6848,#6849,#6850) ;
#6877=AXIS2_PLACEMENT_3D('Cylinder Axis2P3D',#6874,#6875,#6876) ;
#6902=AXIS2_PLACEMENT_3D('Cylinder Axis2P3D',#6899,#6900,#6901) ;
#6928=AXIS2_PLACEMENT_3D('Cylinder Axis2P3D',#6925,#6926,#6927) ;
#6954=AXIS2_PLACEMENT_3D('Cylinder Axis2P3D',#6951,#6952,#6953) ;
#6979=AXIS2_PLACEMENT_3D('Cylinder Axis2P3D',#6976,#6977,#6978) ;
#7005=AXIS2_PLACEMENT_3D('Cylinder Axis2P3D',#7002,#7003,#7004) ;
#7031=AXIS2_PLACEMENT_3D('Cylinder Axis2P3D',#7028,#7029,#7030) ;
#7056=AXIS2_PLACEMENT_3D('Cylinder Axis2P3D',#7053,#7054,#7055) ;
#7082=AXIS2_PLACEMENT_3D('Cylinder Axis2P3D',#7079,#7080,#7081) ;
#7099=AXIS2_PLACEMENT_3D('Plane Axis2P3D',#7096,#7097,#7098) ;
#7130=AXIS2_PLACEMENT_3D('Plane Axis2P3D',#7127,#7128,#7129) ;
#7154=AXIS2_PLACEMENT_3D('Plane Axis2P3D',#7151,#7152,#7153) ;
#7178=AXIS2_PLACEMENT_3D('Plane Axis2P3D',#7175,#7176,#7177) ;
#7202=AXIS2_PLACEMENT_3D('Plane Axis2P3D',#7199,#7200,#7201) ;
#7226=AXIS2_PLACEMENT_3D('Plane Axis2P3D',#7223,#7224,#7225) ;
#7250=AXIS2_PLACEMENT_3D('Plane Axis2P3D',#7247,#7248,#7249) ;
#7274=AXIS2_PLACEMENT_3D('Plane Axis2P3D',#7271,#7272,#7273) ;
#7298=AXIS2_PLACEMENT_3D('Plane Axis2P3D',#7295,#7296,#7297) ;
#7322=AXIS2_PLACEMENT_3D('Plane Axis2P3D',#7319,#7320,#7321) ;
#7346=AXIS2_PLACEMENT_3D('Plane Axis2P3D',#7343,#7344,#7345) ;
#7370=AXIS2_PLACEMENT_3D('Plane Axis2P3D',#7367,#7368,#7369) ;
#7413=AXIS2_PLACEMENT_3D('Plane Axis2P3D',#7410,#7411,#7412) ;
#7437=AXIS2_PLACEMENT_3D('Plane Axis2P3D',#7434,#7435,#7436) ;
#7461=AXIS2_PLACEMENT_3D('Plane Axis2P3D',#7458,#7459,#7460) ;
#7485=AXIS2_PLACEMENT_3D('Plane Axis2P3D',#7482,#7483,#7484) ;
#7509=AXIS2_PLACEMENT_3D('Plane Axis2P3D',#7506,#7507,#7508) ;
#7533=AXIS2_PLACEMENT_3D('Plane Axis2P3D',#7530,#7531,#7532) ;
#7557=AXIS2_PLACEMENT_3D('Plane Axis2P3D',#7554,#7555,#7556) ;
#7581=AXIS2_PLACEMENT_3D('Plane Axis2P3D',#7578,#7579,#7580) ;
#7605=AXIS2_PLACEMENT_3D('Plane Axis2P3D',#7602,#7603,#7604) ;
#7629=AXIS2_PLACEMENT_3D('Plane Axis2P3D',#7626,#7627,#7628) ;
#7646=AXIS2_PLACEMENT_3D('Cylinder Axis2P3D',#7643,#7644,#7645) ;
#7680=AXIS2_PLACEMENT_3D('Cylinder Axis2P3D',#7677,#7678,#7679) ;
#7705=AXIS2_PLACEMENT_3D('Cylinder Axis2P3D',#7702,#7703,#7704) ;
#7730=AXIS2_PLACEMENT_3D('Cylinder Axis2P3D',#7727,#7728,#7729) ;
#7755=AXIS2_PLACEMENT_3D('Cylinder Axis2P3D',#7752,#7753,#7754) ;
#7780=AXIS2_PLACEMENT_3D('Cylinder Axis2P3D',#7777,#7778,#7779) ;
#7805=AXIS2_PLACEMENT_3D('Cylinder Axis2P3D',#7802,#7803,#7804) ;
#7831=AXIS2_PLACEMENT_3D('Cylinder Axis2P3D',#7828,#7829,#7830) ;
#7856=AXIS2_PLACEMENT_3D('Cylinder Axis2P3D',#7853,#7854,#7855) ;
#7882=AXIS2_PLACEMENT_3D('Cylinder Axis2P3D',#7879,#7880,#7881) ;
#7908=AXIS2_PLACEMENT_3D('Cylinder Axis2P3D',#7905,#7906,#7907) ;
#7933=AXIS2_PLACEMENT_3D('Cylinder Axis2P3D',#7930,#7931,#7932) ;
#7959=AXIS2_PLACEMENT_3D('Cylinder Axis2P3D',#7956,#7957,#7958) ;
#7984=AXIS2_PLACEMENT_3D('Cylinder Axis2P3D',#7981,#7982,#7983) ;
#8009=AXIS2_PLACEMENT_3D('Cylinder Axis2P3D',#8006,#8007,#8008) ;
#8034=AXIS2_PLACEMENT_3D('Cylinder Axis2P3D',#8031,#8032,#8033) ;
#8060=AXIS2_PLACEMENT_3D('Cylinder Axis2P3D',#8057,#8058,#8059) ;
#8086=AXIS2_PLACEMENT_3D('Cylinder Axis2P3D',#8083,#8084,#8085) ;
#8112=AXIS2_PLACEMENT_3D('Cylinder Axis2P3D',#8109,#8110,#8111) ;
#8138=AXIS2_PLACEMENT_3D('Cylinder Axis2P3D',#8135,#8136,#8137) ;
#8164=AXIS2_PLACEMENT_3D('Cylinder Axis2P3D',#8161,#8162,#8163) ;
#8189=AXIS2_PLACEMENT_3D('Cylinder Axis2P3D',#8186,#8187,#8188) ;
#8215=AXIS2_PLACEMENT_3D('Cylinder Axis2P3D',#8212,#8213,#8214) ;
#8258=AXIS2_PLACEMENT_3D('Plane Axis2P3D',#8255,#8256,#8257) ;
#8282=AXIS2_PLACEMENT_3D('Plane Axis2P3D',#8279,#8280,#8281) ;
#8325=AXIS2_PLACEMENT_3D('Plane Axis2P3D',#8322,#8323,#8324) ;
#8368=AXIS2_PLACEMENT_3D('Plane Axis2P3D',#8365,#8366,#8367) ;
#8392=AXIS2_PLACEMENT_3D('Plane Axis2P3D',#8389,#8390,#8391) ;
#8435=AXIS2_PLACEMENT_3D('Plane Axis2P3D',#8432,#8433,#8434) ;
#8478=AXIS2_PLACEMENT_3D('Plane Axis2P3D',#8475,#8476,#8477) ;
#8502=AXIS2_PLACEMENT_3D('Plane Axis2P3D',#8499,#8500,#8501) ;
#8519=AXIS2_PLACEMENT_3D('Cylinder Axis2P3D',#8516,#8517,#8518) ;
#8553=AXIS2_PLACEMENT_3D('Cylinder Axis2P3D',#8550,#8551,#8552) ;
#8578=AXIS2_PLACEMENT_3D('Cylinder Axis2P3D',#8575,#8576,#8577) ;
#8604=AXIS2_PLACEMENT_3D('Cylinder Axis2P3D',#8601,#8602,#8603) ;
#8640=AXIS2_PLACEMENT_3D('Cylinder Axis2P3D',#8637,#8638,#8639) ;
#8665=AXIS2_PLACEMENT_3D('Cylinder Axis2P3D',#8662,#8663,#8664) ;
#8691=AXIS2_PLACEMENT_3D('Cylinder Axis2P3D',#8688,#8689,#8690) ;
#8716=AXIS2_PLACEMENT_3D('Cylinder Axis2P3D',#8713,#8714,#8715) ;
#8742=AXIS2_PLACEMENT_3D('Cylinder Axis2P3D',#8739,#8740,#8741) ;
#8781=AXIS2_PLACEMENT_3D('Cylinder Axis2P3D',#8778,#8779,#8780) ;
#8806=AXIS2_PLACEMENT_3D('Cylinder Axis2P3D',#8803,#8804,#8805) ;
#8831=AXIS2_PLACEMENT_3D('Cylinder Axis2P3D',#8828,#8829,#8830) ;
#8870=AXIS2_PLACEMENT_3D('Cylinder Axis2P3D',#8867,#8868,#8869) ;
#8913=AXIS2_PLACEMENT_3D('Plane Axis2P3D',#8910,#8911,#8912) ;
#8937=AXIS2_PLACEMENT_3D('Plane Axis2P3D',#8934,#8935,#8936) ;
#8980=AXIS2_PLACEMENT_3D('Plane Axis2P3D',#8977,#8978,#8979) ;
#9004=AXIS2_PLACEMENT_3D('Plane Axis2P3D',#9001,#9002,#9003) ;
#9028=AXIS2_PLACEMENT_3D('Plane Axis2P3D',#9025,#9026,#9027) ;
#9052=AXIS2_PLACEMENT_3D('Plane Axis2P3D',#9049,#9050,#9051) ;
#9076=AXIS2_PLACEMENT_3D('Plane Axis2P3D',#9073,#9074,#9075) ;
#9100=AXIS2_PLACEMENT_3D('Plane Axis2P3D',#9097,#9098,#9099) ;
#9124=AXIS2_PLACEMENT_3D('Plane Axis2P3D',#9121,#9122,#9123) ;
#9148=AXIS2_PLACEMENT_3D('Plane Axis2P3D',#9145,#9146,#9147) ;
#9165=AXIS2_PLACEMENT_3D('Cylinder Axis2P3D',#9162,#9163,#9164) ;
#9199=AXIS2_PLACEMENT_3D('Cylinder Axis2P3D',#9196,#9197,#9198) ;
#9224=AXIS2_PLACEMENT_3D('Cylinder Axis2P3D',#9221,#9222,#9223) ;
#9250=AXIS2_PLACEMENT_3D('Cylinder Axis2P3D',#9247,#9248,#9249) ;
#9275=AXIS2_PLACEMENT_3D('Cylinder Axis2P3D',#9272,#9273,#9274) ;
#9300=AXIS2_PLACEMENT_3D('Cylinder Axis2P3D',#9297,#9298,#9299) ;
#9326=AXIS2_PLACEMENT_3D('Cylinder Axis2P3D',#9323,#9324,#9325) ;
#9352=AXIS2_PLACEMENT_3D('Cylinder Axis2P3D',#9349,#9350,#9351) ;
#9377=AXIS2_PLACEMENT_3D('Cylinder Axis2P3D',#9374,#9375,#9376) ;
#9402=AXIS2_PLACEMENT_3D('Cylinder Axis2P3D',#9399,#9400,#9401) ;
#9428=AXIS2_PLACEMENT_3D('Cylinder Axis2P3D',#9425,#9426,#9427) ;
#9454=AXIS2_PLACEMENT_3D('Cylinder Axis2P3D',#9451,#9452,#9453) ;
#9497=AXIS2_PLACEMENT_3D('Plane Axis2P3D',#9494,#9495,#9496) ;
#9521=AXIS2_PLACEMENT_3D('Plane Axis2P3D',#9518,#9519,#9520) ;
#9583=AXIS2_PLACEMENT_3D('Plane Axis2P3D',#9580,#9581,#9582) ;
#9626=AXIS2_PLACEMENT_3D('Plane Axis2P3D',#9623,#9624,#9625) ;
#9643=AXIS2_PLACEMENT_3D('Plane Axis2P3D',#9640,#9641,#9642) ;
#9825=AXIS2_PLACEMENT_3D('Cylinder Axis2P3D',#9822,#9823,#9824) ;
#9850=AXIS2_PLACEMENT_3D('Cylinder Axis2P3D',#9847,#9848,#9849) ;
#9869=AXIS2_PLACEMENT_3D('Cylinder Axis2P3D',#9866,#9867,#9868) ;
#9888=AXIS2_PLACEMENT_3D('Cylinder Axis2P3D',#9885,#9886,#9887) ;
#9906=AXIS2_PLACEMENT_3D('Cylinder Axis2P3D',#9903,#9904,#9905) ;
#9925=AXIS2_PLACEMENT_3D('Cylinder Axis2P3D',#9922,#9923,#9924) ;
#9943=AXIS2_PLACEMENT_3D('Cylinder Axis2P3D',#9940,#9941,#9942) ;
#9961=AXIS2_PLACEMENT_3D('Cylinder Axis2P3D',#9958,#9959,#9960) ;
#10064=AXIS2_PLACEMENT_3D('Plane Axis2P3D',#10061,#10062,#10063) ;
#10114=AXIS2_PLACEMENT_3D('Plane Axis2P3D',#10111,#10112,#10113) ;
#10138=AXIS2_PLACEMENT_3D('Plane Axis2P3D',#10135,#10136,#10137) ;
#10162=AXIS2_PLACEMENT_3D('Plane Axis2P3D',#10159,#10160,#10161) ;
#10186=AXIS2_PLACEMENT_3D('Plane Axis2P3D',#10183,#10184,#10185) ;
#10210=AXIS2_PLACEMENT_3D('Plane Axis2P3D',#10207,#10208,#10209) ;
#10234=AXIS2_PLACEMENT_3D('Plane Axis2P3D',#10231,#10232,#10233) ;
#10258=AXIS2_PLACEMENT_3D('Plane Axis2P3D',#10255,#10256,#10257) ;
#10282=AXIS2_PLACEMENT_3D('Plane Axis2P3D',#10279,#10280,#10281) ;
#10306=AXIS2_PLACEMENT_3D('Plane Axis2P3D',#10303,#10304,#10305) ;
#10323=AXIS2_PLACEMENT_3D('Cylinder Axis2P3D',#10320,#10321,#10322) ;
#10347=AXIS2_PLACEMENT_3D('Cylinder Axis2P3D',#10344,#10345,#10346) ;
#10365=AXIS2_PLACEMENT_3D('Cylinder Axis2P3D',#10362,#10363,#10364) ;
#10383=AXIS2_PLACEMENT_3D('Cylinder Axis2P3D',#10380,#10381,#10382) ;
#10402=AXIS2_PLACEMENT_3D('Cylinder Axis2P3D',#10399,#10400,#10401) ;
#10420=AXIS2_PLACEMENT_3D('Cylinder Axis2P3D',#10417,#10418,#10419) ;
#10439=AXIS2_PLACEMENT_3D('Cylinder Axis2P3D',#10436,#10437,#10438) ;
#10458=AXIS2_PLACEMENT_3D('Cylinder Axis2P3D',#10455,#10456,#10457) ;
#10477=AXIS2_PLACEMENT_3D('Cylinder Axis2P3D',#10474,#10475,#10476) ;
#10496=AXIS2_PLACEMENT_3D('Cylinder Axis2P3D',#10493,#10494,#10495) ;
#10514=AXIS2_PLACEMENT_3D('Cylinder Axis2P3D',#10511,#10512,#10513) ;
#10530=AXIS2_PLACEMENT_3D('Torus Axis2P3D',#10527,#10528,#10529) ;
#10534=AXIS2_PLACEMENT_3D('Circle Axis2P3D',#10532,#10533,$) ;
#10543=AXIS2_PLACEMENT_3D('Circle Axis2P3D',#10541,#10542,$) ;
#10550=AXIS2_PLACEMENT_3D('Circle Axis2P3D',#10548,#10549,$) ;
#10557=AXIS2_PLACEMENT_3D('Circle Axis2P3D',#10555,#10556,$) ;
#10570=AXIS2_PLACEMENT_3D('Torus Axis2P3D',#10567,#10568,#10569) ;
#10574=AXIS2_PLACEMENT_3D('Circle Axis2P3D',#10572,#10573,$) ;
#10579=AXIS2_PLACEMENT_3D('Circle Axis2P3D',#10577,#10578,$) ;
#10592=AXIS2_PLACEMENT_3D('Plane Axis2P3D',#10589,#10590,#10591) ;
#10612=AXIS2_PLACEMENT_3D('Circle Axis2P3D',#10610,#10611,$) ;
#10626=AXIS2_PLACEMENT_3D('Circle Axis2P3D',#10624,#10625,$) ;
#10647=AXIS2_PLACEMENT_3D('Circle Axis2P3D',#10645,#10646,$) ;
#10675=AXIS2_PLACEMENT_3D('Circle Axis2P3D',#10673,#10674,$) ;
#10689=AXIS2_PLACEMENT_3D('Circle Axis2P3D',#10687,#10688,$) ;
#10722=AXIS2_PLACEMENT_3D('Circle Axis2P3D',#10720,#10721,$) ;
#10731=AXIS2_PLACEMENT_3D('Circle Axis2P3D',#10729,#10730,$) ;
#10740=AXIS2_PLACEMENT_3D('Circle Axis2P3D',#10738,#10739,$) ;
#10749=AXIS2_PLACEMENT_3D('Circle Axis2P3D',#10747,#10748,$) ;
#10758=AXIS2_PLACEMENT_3D('Circle Axis2P3D',#10756,#10757,$) ;
#10767=AXIS2_PLACEMENT_3D('Circle Axis2P3D',#10765,#10766,$) ;
#10776=AXIS2_PLACEMENT_3D('Circle Axis2P3D',#10774,#10775,$) ;
#10785=AXIS2_PLACEMENT_3D('Circle Axis2P3D',#10783,#10784,$) ;
#10794=AXIS2_PLACEMENT_3D('Circle Axis2P3D',#10792,#10793,$) ;
#10803=AXIS2_PLACEMENT_3D('Circle Axis2P3D',#10801,#10802,$) ;
#10814=AXIS2_PLACEMENT_3D('Cylinder Axis2P3D',#10811,#10812,#10813) ;
#10825=AXIS2_PLACEMENT_3D('Circle Axis2P3D',#10823,#10824,$) ;
#10844=AXIS2_PLACEMENT_3D('Circle Axis2P3D',#10842,#10843,$) ;
#10857=AXIS2_PLACEMENT_3D('Torus Axis2P3D',#10854,#10855,#10856) ;
#10861=AXIS2_PLACEMENT_3D('Circle Axis2P3D',#10859,#10860,$) ;
#10868=AXIS2_PLACEMENT_3D('Circle Axis2P3D',#10866,#10867,$) ;
#10875=AXIS2_PLACEMENT_3D('Circle Axis2P3D',#10873,#10874,$) ;
#10888=AXIS2_PLACEMENT_3D('Torus Axis2P3D',#10885,#10886,#10887) ;
#10892=AXIS2_PLACEMENT_3D('Circle Axis2P3D',#10890,#10891,$) ;
#10905=AXIS2_PLACEMENT_3D('Cylinder Axis2P3D',#10902,#10903,#10904) ;
#10916=AXIS2_PLACEMENT_3D('Circle Axis2P3D',#10914,#10915,$) ;
#10935=AXIS2_PLACEMENT_3D('Circle Axis2P3D',#10933,#10934,$) ;
#10948=AXIS2_PLACEMENT_3D('Torus Axis2P3D',#10945,#10946,#10947) ;
#10952=AXIS2_PLACEMENT_3D('Circle Axis2P3D',#10950,#10951,$) ;
#10959=AXIS2_PLACEMENT_3D('Circle Axis2P3D',#10957,#10958,$) ;
#10966=AXIS2_PLACEMENT_3D('Circle Axis2P3D',#10964,#10965,$) ;
#10979=AXIS2_PLACEMENT_3D('Torus Axis2P3D',#10976,#10977,#10978) ;
#10983=AXIS2_PLACEMENT_3D('Circle Axis2P3D',#10981,#10982,$) ;
#10996=AXIS2_PLACEMENT_3D('Cylinder Axis2P3D',#10993,#10994,#10995) ;
#11007=AXIS2_PLACEMENT_3D('Circle Axis2P3D',#11005,#11006,$) ;
#11026=AXIS2_PLACEMENT_3D('Circle Axis2P3D',#11024,#11025,$) ;
#11039=AXIS2_PLACEMENT_3D('Torus Axis2P3D',#11036,#11037,#11038) ;
#11043=AXIS2_PLACEMENT_3D('Circle Axis2P3D',#11041,#11042,$) ;
#11050=AXIS2_PLACEMENT_3D('Circle Axis2P3D',#11048,#11049,$) ;
#11057=AXIS2_PLACEMENT_3D('Circle Axis2P3D',#11055,#11056,$) ;
#11070=AXIS2_PLACEMENT_3D('Torus Axis2P3D',#11067,#11068,#11069) ;
#11074=AXIS2_PLACEMENT_3D('Circle Axis2P3D',#11072,#11073,$) ;
#11087=AXIS2_PLACEMENT_3D('Cylinder Axis2P3D',#11084,#11085,#11086) ;
#11098=AXIS2_PLACEMENT_3D('Circle Axis2P3D',#11096,#11097,$) ;
#11117=AXIS2_PLACEMENT_3D('Circle Axis2P3D',#11115,#11116,$) ;
#11130=AXIS2_PLACEMENT_3D('Torus Axis2P3D',#11127,#11128,#11129) ;
#11134=AXIS2_PLACEMENT_3D('Circle Axis2P3D',#11132,#11133,$) ;
#11141=AXIS2_PLACEMENT_3D('Circle Axis2P3D',#11139,#11140,$) ;
#11148=AXIS2_PLACEMENT_3D('Circle Axis2P3D',#11146,#11147,$) ;
#11161=AXIS2_PLACEMENT_3D('Torus Axis2P3D',#11158,#11159,#11160) ;
#11165=AXIS2_PLACEMENT_3D('Circle Axis2P3D',#11163,#11164,$) ;
#11178=AXIS2_PLACEMENT_3D('Cylinder Axis2P3D',#11175,#11176,#11177) ;
#11189=AXIS2_PLACEMENT_3D('Circle Axis2P3D',#11187,#11188,$) ;
#11208=AXIS2_PLACEMENT_3D('Circle Axis2P3D',#11206,#11207,$) ;
#11221=AXIS2_PLACEMENT_3D('Torus Axis2P3D',#11218,#11219,#11220) ;
#11225=AXIS2_PLACEMENT_3D('Circle Axis2P3D',#11223,#11224,$) ;
#11232=AXIS2_PLACEMENT_3D('Circle Axis2P3D',#11230,#11231,$) ;
#11239=AXIS2_PLACEMENT_3D('Circle Axis2P3D',#11237,#11238,$) ;
#11252=AXIS2_PLACEMENT_3D('Torus Axis2P3D',#11249,#11250,#11251) ;
#11256=AXIS2_PLACEMENT_3D('Circle Axis2P3D',#11254,#11255,$) ;
#11269=AXIS2_PLACEMENT_3D('Cylinder Axis2P3D',#11266,#11267,#11268) ;
#11280=AXIS2_PLACEMENT_3D('Circle Axis2P3D',#11278,#11279,$) ;
#11299=AXIS2_PLACEMENT_3D('Circle Axis2P3D',#11297,#11298,$) ;
#11312=AXIS2_PLACEMENT_3D('Torus Axis2P3D',#11309,#11310,#11311) ;
#11316=AXIS2_PLACEMENT_3D('Circle Axis2P3D',#11314,#11315,$) ;
#11323=AXIS2_PLACEMENT_3D('Circle Axis2P3D',#11321,#11322,$) ;
#11330=AXIS2_PLACEMENT_3D('Circle Axis2P3D',#11328,#11329,$) ;
#11343=AXIS2_PLACEMENT_3D('Torus Axis2P3D',#11340,#11341,#11342) ;
#11347=AXIS2_PLACEMENT_3D('Circle Axis2P3D',#11345,#11346,$) ;
#11360=AXIS2_PLACEMENT_3D('Torus Axis2P3D',#11357,#11358,#11359) ;
#11364=AXIS2_PLACEMENT_3D('Circle Axis2P3D',#11362,#11363,$) ;
#11371=AXIS2_PLACEMENT_3D('Circle Axis2P3D',#11369,#11370,$) ;
#11378=AXIS2_PLACEMENT_3D('Circle Axis2P3D',#11376,#11377,$) ;
#11391=AXIS2_PLACEMENT_3D('Torus Axis2P3D',#11388,#11389,#11390) ;
#11395=AXIS2_PLACEMENT_3D('Circle Axis2P3D',#11393,#11394,$) ;
#11408=AXIS2_PLACEMENT_3D('Torus Axis2P3D',#11405,#11406,#11407) ;
#11412=AXIS2_PLACEMENT_3D('Circle Axis2P3D',#11410,#11411,$) ;
#11419=AXIS2_PLACEMENT_3D('Circle Axis2P3D',#11417,#11418,$) ;
#11426=AXIS2_PLACEMENT_3D('Circle Axis2P3D',#11424,#11425,$) ;
#11439=AXIS2_PLACEMENT_3D('Torus Axis2P3D',#11436,#11437,#11438) ;
#11443=AXIS2_PLACEMENT_3D('Circle Axis2P3D',#11441,#11442,$) ;
#11456=AXIS2_PLACEMENT_3D('Torus Axis2P3D',#11453,#11454,#11455) ;
#11460=AXIS2_PLACEMENT_3D('Circle Axis2P3D',#11458,#11459,$) ;
#11467=AXIS2_PLACEMENT_3D('Circle Axis2P3D',#11465,#11466,$) ;
#11474=AXIS2_PLACEMENT_3D('Circle Axis2P3D',#11472,#11473,$) ;
#11487=AXIS2_PLACEMENT_3D('Torus Axis2P3D',#11484,#11485,#11486) ;
#11491=AXIS2_PLACEMENT_3D('Circle Axis2P3D',#11489,#11490,$) ;
#11504=AXIS2_PLACEMENT_3D('Torus Axis2P3D',#11501,#11502,#11503) ;
#11508=AXIS2_PLACEMENT_3D('Circle Axis2P3D',#11506,#11507,$) ;
#11515=AXIS2_PLACEMENT_3D('Circle Axis2P3D',#11513,#11514,$) ;
#11522=AXIS2_PLACEMENT_3D('Circle Axis2P3D',#11520,#11521,$) ;
#11535=AXIS2_PLACEMENT_3D('Torus Axis2P3D',#11532,#11533,#11534) ;
#11539=AXIS2_PLACEMENT_3D('Circle Axis2P3D',#11537,#11538,$) ;
#11552=AXIS2_PLACEMENT_3D('Torus Axis2P3D',#11549,#11550,#11551) ;
#11556=AXIS2_PLACEMENT_3D('Circle Axis2P3D',#11554,#11555,$) ;
#11563=AXIS2_PLACEMENT_3D('Circle Axis2P3D',#11561,#11562,$) ;
#11570=AXIS2_PLACEMENT_3D('Circle Axis2P3D',#11568,#11569,$) ;
#11583=AXIS2_PLACEMENT_3D('Torus Axis2P3D',#11580,#11581,#11582) ;
#11587=AXIS2_PLACEMENT_3D('Circle Axis2P3D',#11585,#11586,$) ;
#11600=AXIS2_PLACEMENT_3D('Torus Axis2P3D',#11597,#11598,#11599) ;
#11604=AXIS2_PLACEMENT_3D('Circle Axis2P3D',#11602,#11603,$) ;
#11613=AXIS2_PLACEMENT_3D('Circle Axis2P3D',#11611,#11612,$) ;
#11620=AXIS2_PLACEMENT_3D('Circle Axis2P3D',#11618,#11619,$) ;
#11627=AXIS2_PLACEMENT_3D('Circle Axis2P3D',#11625,#11626,$) ;
#11640=AXIS2_PLACEMENT_3D('Torus Axis2P3D',#11637,#11638,#11639) ;
#11644=AXIS2_PLACEMENT_3D('Circle Axis2P3D',#11642,#11643,$) ;
#11649=AXIS2_PLACEMENT_3D('Circle Axis2P3D',#11647,#11648,$) ;
#11662=AXIS2_PLACEMENT_3D('Cylinder Axis2P3D',#11659,#11660,#11661) ;
#11673=AXIS2_PLACEMENT_3D('Circle Axis2P3D',#11671,#11672,$) ;
#11692=AXIS2_PLACEMENT_3D('Circle Axis2P3D',#11690,#11691,$) ;
#11705=AXIS2_PLACEMENT_3D('Plane Axis2P3D',#11702,#11703,#11704) ;
#11732=AXIS2_PLACEMENT_3D('Circle Axis2P3D',#11730,#11731,$) ;
#11739=AXIS2_PLACEMENT_3D('Circle Axis2P3D',#11737,#11738,$) ;
#11757=AXIS2_PLACEMENT_3D('Torus Axis2P3D',#11754,#11755,#11756) ;
#11761=AXIS2_PLACEMENT_3D('Circle Axis2P3D',#11759,#11760,$) ;
#11770=AXIS2_PLACEMENT_3D('Circle Axis2P3D',#11768,#11769,$) ;
#11777=AXIS2_PLACEMENT_3D('Circle Axis2P3D',#11775,#11776,$) ;
#11784=AXIS2_PLACEMENT_3D('Circle Axis2P3D',#11782,#11783,$) ;
#11797=AXIS2_PLACEMENT_3D('Torus Axis2P3D',#11794,#11795,#11796) ;
#11801=AXIS2_PLACEMENT_3D('Circle Axis2P3D',#11799,#11800,$) ;
#11806=AXIS2_PLACEMENT_3D('Circle Axis2P3D',#11804,#11805,$) ;
#11825=AXIS2_PLACEMENT_3D('Circle Axis2P3D',#11823,#11824,$) ;
#11844=AXIS2_PLACEMENT_3D('Circle Axis2P3D',#11842,#11843,$) ;
#11857=AXIS2_PLACEMENT_3D('Plane Axis2P3D',#11854,#11855,#11856) ;
#11870=AXIS2_PLACEMENT_3D('Circle Axis2P3D',#11868,#11869,$) ;
#11877=AXIS2_PLACEMENT_3D('Circle Axis2P3D',#11875,#11876,$) ;
#11884=AXIS2_PLACEMENT_3D('Circle Axis2P3D',#11882,#11883,$) ;
#11891=AXIS2_PLACEMENT_3D('Circle Axis2P3D',#11889,#11890,$) ;
#11925=AXIS2_PLACEMENT_3D('Torus Axis2P3D',#11922,#11923,#11924) ;
#11929=AXIS2_PLACEMENT_3D('Circle Axis2P3D',#11927,#11928,$) ;
#11936=AXIS2_PLACEMENT_3D('Circle Axis2P3D',#11934,#11935,$) ;
#11943=AXIS2_PLACEMENT_3D('Circle Axis2P3D',#11941,#11942,$) ;
#11956=AXIS2_PLACEMENT_3D('Torus Axis2P3D',#11953,#11954,#11955) ;
#11960=AXIS2_PLACEMENT_3D('Circle Axis2P3D',#11958,#11959,$) ;
#11973=AXIS2_PLACEMENT_3D('Plane Axis2P3D',#11970,#11971,#11972) ;
#11986=AXIS2_PLACEMENT_3D('Circle Axis2P3D',#11984,#11985,$) ;
#11993=AXIS2_PLACEMENT_3D('Circle Axis2P3D',#11991,#11992,$) ;
#12000=AXIS2_PLACEMENT_3D('Circle Axis2P3D',#11998,#11999,$) ;
#12033=AXIS2_PLACEMENT_3D('Torus Axis2P3D',#12030,#12031,#12032) ;
#12037=AXIS2_PLACEMENT_3D('Circle Axis2P3D',#12035,#12036,$) ;
#12044=AXIS2_PLACEMENT_3D('Circle Axis2P3D',#12042,#12043,$) ;
#12051=AXIS2_PLACEMENT_3D('Circle Axis2P3D',#12049,#12050,$) ;
#12064=AXIS2_PLACEMENT_3D('Torus Axis2P3D',#12061,#12062,#12063) ;
#12068=AXIS2_PLACEMENT_3D('Circle Axis2P3D',#12066,#12067,$) ;
#12081=AXIS2_PLACEMENT_3D('Plane Axis2P3D',#12078,#12079,#12080) ;
#12094=AXIS2_PLACEMENT_3D('Circle Axis2P3D',#12092,#12093,$) ;
#12101=AXIS2_PLACEMENT_3D('Circle Axis2P3D',#12099,#12100,$) ;
#12108=AXIS2_PLACEMENT_3D('Circle Axis2P3D',#12106,#12107,$) ;
#12115=AXIS2_PLACEMENT_3D('Circle Axis2P3D',#12113,#12114,$) ;
#12149=AXIS2_PLACEMENT_3D('Torus Axis2P3D',#12146,#12147,#12148) ;
#12153=AXIS2_PLACEMENT_3D('Circle Axis2P3D',#12151,#12152,$) ;
#12160=AXIS2_PLACEMENT_3D('Circle Axis2P3D',#12158,#12159,$) ;
#12165=AXIS2_PLACEMENT_3D('Circle Axis2P3D',#12163,#12164,$) ;
#12178=AXIS2_PLACEMENT_3D('Cylinder Axis2P3D',#12175,#12176,#12177) ;
#12182=AXIS2_PLACEMENT_3D('Circle Axis2P3D',#12180,#12181,$) ;
#12195=AXIS2_PLACEMENT_3D('Torus Axis2P3D',#12192,#12193,#12194) ;
#12199=AXIS2_PLACEMENT_3D('Circle Axis2P3D',#12197,#12198,$) ;
#12206=AXIS2_PLACEMENT_3D('Circle Axis2P3D',#12204,#12205,$) ;
#12219=AXIS2_PLACEMENT_3D('Torus Axis2P3D',#12216,#12217,#12218) ;
#12223=AXIS2_PLACEMENT_3D('Circle Axis2P3D',#12221,#12222,$) ;
#12230=AXIS2_PLACEMENT_3D('Circle Axis2P3D',#12228,#12229,$) ;
#12243=AXIS2_PLACEMENT_3D('Torus Axis2P3D',#12240,#12241,#12242) ;
#12247=AXIS2_PLACEMENT_3D('Circle Axis2P3D',#12245,#12246,$) ;
#12254=AXIS2_PLACEMENT_3D('Circle Axis2P3D',#12252,#12253,$) ;
#12267=AXIS2_PLACEMENT_3D('Torus Axis2P3D',#12264,#12265,#12266) ;
#12271=AXIS2_PLACEMENT_3D('Circle Axis2P3D',#12269,#12270,$) ;
#12278=AXIS2_PLACEMENT_3D('Circle Axis2P3D',#12276,#12277,$) ;
#12291=AXIS2_PLACEMENT_3D('Cylinder Axis2P3D',#12288,#12289,#12290) ;
#12302=AXIS2_PLACEMENT_3D('Circle Axis2P3D',#12300,#12301,$) ;
#12315=AXIS2_PLACEMENT_3D('Torus Axis2P3D',#12312,#12313,#12314) ;
#12319=AXIS2_PLACEMENT_3D('Circle Axis2P3D',#12317,#12318,$) ;
#12326=AXIS2_PLACEMENT_3D('Circle Axis2P3D',#12324,#12325,$) ;
#12333=AXIS2_PLACEMENT_3D('Circle Axis2P3D',#12331,#12332,$) ;
#12346=AXIS2_PLACEMENT_3D('Cylinder Axis2P3D',#12343,#12344,#12345) ;
#12364=AXIS2_PLACEMENT_3D('Circle Axis2P3D',#12362,#12363,$) ;
#12377=AXIS2_PLACEMENT_3D('Torus Axis2P3D',#12374,#12375,#12376) ;
#12381=AXIS2_PLACEMENT_3D('Circle Axis2P3D',#12379,#12380,$) ;
#12386=AXIS2_PLACEMENT_3D('Circle Axis2P3D',#12384,#12385,$) ;
#12393=AXIS2_PLACEMENT_3D('Circle Axis2P3D',#12391,#12392,$) ;
#12406=AXIS2_PLACEMENT_3D('Cylinder Axis2P3D',#12403,#12404,#12405) ;
#12417=AXIS2_PLACEMENT_3D('Circle Axis2P3D',#12415,#12416,$) ;
#12430=AXIS2_PLACEMENT_3D('Torus Axis2P3D',#12427,#12428,#12429) ;
#12434=AXIS2_PLACEMENT_3D('Circle Axis2P3D',#12432,#12433,$) ;
#12441=AXIS2_PLACEMENT_3D('Circle Axis2P3D',#12439,#12440,$) ;
#12454=AXIS2_PLACEMENT_3D('Torus Axis2P3D',#12451,#12452,#12453) ;
#12458=AXIS2_PLACEMENT_3D('Circle Axis2P3D',#12456,#12457,$) ;
#12465=AXIS2_PLACEMENT_3D('Circle Axis2P3D',#12463,#12464,$) ;
#12478=AXIS2_PLACEMENT_3D('Torus Axis2P3D',#12475,#12476,#12477) ;
#12482=AXIS2_PLACEMENT_3D('Circle Axis2P3D',#12480,#12481,$) ;
#12489=AXIS2_PLACEMENT_3D('Circle Axis2P3D',#12487,#12488,$) ;
#12502=AXIS2_PLACEMENT_3D('Torus Axis2P3D',#12499,#12500,#12501) ;
#12506=AXIS2_PLACEMENT_3D('Circle Axis2P3D',#12504,#12505,$) ;
#12511=AXIS2_PLACEMENT_3D('Circle Axis2P3D',#12509,#12510,$) ;
#12524=AXIS2_PLACEMENT_3D('Cylinder Axis2P3D',#12521,#12522,#12523) ;
#12528=AXIS2_PLACEMENT_3D('Circle Axis2P3D',#12526,#12527,$) ;
#12541=AXIS2_PLACEMENT_3D('Torus Axis2P3D',#12538,#12539,#12540) ;
#12545=AXIS2_PLACEMENT_3D('Circle Axis2P3D',#12543,#12544,$) ;
#12552=AXIS2_PLACEMENT_3D('Circle Axis2P3D',#12550,#12551,$) ;
#12565=AXIS2_PLACEMENT_3D('Cylinder Axis2P3D',#12562,#12563,#12564) ;
#12582=AXIS2_PLACEMENT_3D('Cylinder Axis2P3D',#12579,#12580,#12581) ;
#12599=AXIS2_PLACEMENT_3D('Plane Axis2P3D',#12596,#12597,#12598) ;
#12616=AXIS2_PLACEMENT_3D('Cylinder Axis2P3D',#12613,#12614,#12615) ;
#12628=AXIS2_PLACEMENT_3D('Cylinder Axis2P3D',#12625,#12626,#12627) ;
#12632=AXIS2_PLACEMENT_3D('Circle Axis2P3D',#12630,#12631,$) ;
#12652=AXIS2_PLACEMENT_3D('Cylinder Axis2P3D',#12649,#12650,#12651) ;
#12656=AXIS2_PLACEMENT_3D('Circle Axis2P3D',#12654,#12655,$) ;
#12676=AXIS2_PLACEMENT_3D('Cylinder Axis2P3D',#12673,#12674,#12675) ;
#12687=AXIS2_PLACEMENT_3D('Circle Axis2P3D',#12685,#12686,$) ;
#12706=AXIS2_PLACEMENT_3D('Circle Axis2P3D',#12704,#12705,$) ;
#12719=AXIS2_PLACEMENT_3D('Cylinder Axis2P3D',#12716,#12717,#12718) ;
#12730=AXIS2_PLACEMENT_3D('Circle Axis2P3D',#12728,#12729,$) ;
#12749=AXIS2_PLACEMENT_3D('Circle Axis2P3D',#12747,#12748,$) ;
#12772=AXIS2_PLACEMENT_3D('Cylinder Axis2P3D',#12769,#12770,#12771) ;
#12783=AXIS2_PLACEMENT_3D('Circle Axis2P3D',#12781,#12782,$) ;
#12811=AXIS2_PLACEMENT_3D('Circle Axis2P3D',#12809,#12810,$) ;
#13172=AXIS2_PLACEMENT_3D('Torus Axis2P3D',#13169,#13170,#13171) ;
#13176=AXIS2_PLACEMENT_3D('Circle Axis2P3D',#13174,#13175,$) ;
#13189=AXIS2_PLACEMENT_3D('Cylinder Axis2P3D',#13186,#13187,#13188) ;
#13193=AXIS2_PLACEMENT_3D('Circle Axis2P3D',#13191,#13192,$) ;
#13206=AXIS2_PLACEMENT_3D('Torus Axis2P3D',#13203,#13204,#13205) ;
#13210=AXIS2_PLACEMENT_3D('Circle Axis2P3D',#13208,#13209,$) ;
#13217=AXIS2_PLACEMENT_3D('Circle Axis2P3D',#13215,#13216,$) ;
#13230=AXIS2_PLACEMENT_3D('Cylinder Axis2P3D',#13227,#13228,#13229) ;
#13241=AXIS2_PLACEMENT_3D('Circle Axis2P3D',#13239,#13240,$) ;
#13254=AXIS2_PLACEMENT_3D('Torus Axis2P3D',#13251,#13252,#13253) ;
#13258=AXIS2_PLACEMENT_3D('Circle Axis2P3D',#13256,#13257,$) ;
#13265=AXIS2_PLACEMENT_3D('Circle Axis2P3D',#13263,#13264,$) ;
#13272=AXIS2_PLACEMENT_3D('Circle Axis2P3D',#13270,#13271,$) ;
#13285=AXIS2_PLACEMENT_3D('Cylinder Axis2P3D',#13282,#13283,#13284) ;
#13303=AXIS2_PLACEMENT_3D('Circle Axis2P3D',#13301,#13302,$) ;
#13316=AXIS2_PLACEMENT_3D('Torus Axis2P3D',#13313,#13314,#13315) ;
#13320=AXIS2_PLACEMENT_3D('Circle Axis2P3D',#13318,#13319,$) ;
#13327=AXIS2_PLACEMENT_3D('Circle Axis2P3D',#13325,#13326,$) ;
#13334=AXIS2_PLACEMENT_3D('Circle Axis2P3D',#13332,#13333,$) ;
#13347=AXIS2_PLACEMENT_3D('Cylinder Axis2P3D',#13344,#13345,#13346) ;
#13365=AXIS2_PLACEMENT_3D('Circle Axis2P3D',#13363,#13364,$) ;
#13378=AXIS2_PLACEMENT_3D('Torus Axis2P3D',#13375,#13376,#13377) ;
#13382=AXIS2_PLACEMENT_3D('Circle Axis2P3D',#13380,#13381,$) ;
#13387=AXIS2_PLACEMENT_3D('Circle Axis2P3D',#13385,#13386,$) ;
#13394=AXIS2_PLACEMENT_3D('Circle Axis2P3D',#13392,#13393,$) ;
#13407=AXIS2_PLACEMENT_3D('Cylinder Axis2P3D',#13404,#13405,#13406) ;
#13416=AXIS2_PLACEMENT_3D('Circle Axis2P3D',#13414,#13415,$) ;
#13429=AXIS2_PLACEMENT_3D('Torus Axis2P3D',#13426,#13427,#13428) ;
#13433=AXIS2_PLACEMENT_3D('Circle Axis2P3D',#13431,#13432,$) ;
#13446=AXIS2_PLACEMENT_3D('Torus Axis2P3D',#13443,#13444,#13445) ;
#13458=AXIS2_PLACEMENT_3D('Cylinder Axis2P3D',#13455,#13456,#13457) ;
#13484=AXIS2_PLACEMENT_3D('Cylinder Axis2P3D',#13481,#13482,#13483) ;
#13488=AXIS2_PLACEMENT_3D('Circle Axis2P3D',#13486,#13487,$) ;
#13508=AXIS2_PLACEMENT_3D('Plane Axis2P3D',#13505,#13506,#13507) ;
#13532=AXIS2_PLACEMENT_3D('Cylinder Axis2P3D',#13529,#13530,#13531) ;
#13536=AXIS2_PLACEMENT_3D('Circle Axis2P3D',#13534,#13535,$) ;
#13756=AXIS2_PLACEMENT_3D('Cylinder Axis2P3D',#13753,#13754,#13755) ;
#13760=AXIS2_PLACEMENT_3D('Circle Axis2P3D',#13758,#13759,$) ;
#13774=AXIS2_PLACEMENT_3D('Torus Axis2P3D',#13771,#13772,#13773) ;
#13778=AXIS2_PLACEMENT_3D('Circle Axis2P3D',#13776,#13777,$) ;
#13961=AXIS2_PLACEMENT_3D('Cylinder Axis2P3D',#13958,#13959,#13960) ;
#13972=AXIS2_PLACEMENT_3D('Circle Axis2P3D',#13970,#13971,$) ;
#13986=AXIS2_PLACEMENT_3D('Torus Axis2P3D',#13983,#13984,#13985) ;
#13998=AXIS2_PLACEMENT_3D('Torus Axis2P3D',#13995,#13996,#13997) ;
#14002=AXIS2_PLACEMENT_3D('Circle Axis2P3D',#14000,#14001,$) ;
#14009=AXIS2_PLACEMENT_3D('Circle Axis2P3D',#14007,#14008,$) ;
#14022=AXIS2_PLACEMENT_3D('Cylinder Axis2P3D',#14019,#14020,#14021) ;
#14033=AXIS2_PLACEMENT_3D('Circle Axis2P3D',#14031,#14032,$) ;
#14046=AXIS2_PLACEMENT_3D('Torus Axis2P3D',#14043,#14044,#14045) ;
#14050=AXIS2_PLACEMENT_3D('Circle Axis2P3D',#14048,#14049,$) ;
#14063=AXIS2_PLACEMENT_3D('Plane Axis2P3D',#14060,#14061,#14062) ;
#14094=AXIS2_PLACEMENT_3D('Cylinder Axis2P3D',#14091,#14092,#14093) ;
#14098=AXIS2_PLACEMENT_3D('Circle Axis2P3D',#14096,#14097,$) ;
#14111=AXIS2_PLACEMENT_3D('Cylinder Axis2P3D',#14108,#14109,#14110) ;
#14115=AXIS2_PLACEMENT_3D('Circle Axis2P3D',#14113,#14114,$) ;
#14128=AXIS2_PLACEMENT_3D('Torus Axis2P3D',#14125,#14126,#14127) ;
#14132=AXIS2_PLACEMENT_3D('Circle Axis2P3D',#14130,#14131,$) ;
#14139=AXIS2_PLACEMENT_3D('Circle Axis2P3D',#14137,#14138,$) ;
#14152=AXIS2_PLACEMENT_3D('Cylinder Axis2P3D',#14149,#14150,#14151) ;
#14163=AXIS2_PLACEMENT_3D('Circle Axis2P3D',#14161,#14162,$) ;
#14176=AXIS2_PLACEMENT_3D('Torus Axis2P3D',#14173,#14174,#14175) ;
#14180=AXIS2_PLACEMENT_3D('Circle Axis2P3D',#14178,#14179,$) ;
#14193=AXIS2_PLACEMENT_3D('Plane Axis2P3D',#14190,#14191,#14192) ;
#14242=AXIS2_PLACEMENT_3D('Cylinder Axis2P3D',#14239,#14240,#14241) ;
#14255=AXIS2_PLACEMENT_3D('Circle Axis2P3D',#14253,#14254,$) ;
#14269=AXIS2_PLACEMENT_3D('Circle Axis2P3D',#14267,#14268,$) ;
#14281=AXIS2_PLACEMENT_3D('Circle Axis2P3D',#14279,#14280,$) ;
#14286=AXIS2_PLACEMENT_3D('Circle Axis2P3D',#14284,#14285,$) ;
#14299=AXIS2_PLACEMENT_3D('Plane Axis2P3D',#14296,#14297,#14298) ;
#14303=AXIS2_PLACEMENT_3D('Circle Axis2P3D',#14301,#14302,$) ;
#14312=AXIS2_PLACEMENT_3D('Circle Axis2P3D',#14310,#14311,$) ;
#14323=AXIS2_PLACEMENT_3D('Plane Axis2P3D',#14320,#14321,#14322) ;
#14327=AXIS2_PLACEMENT_3D('Circle Axis2P3D',#14325,#14326,$) ;
#14369=AXIS2_PLACEMENT_3D('Torus Axis2P3D',#14366,#14367,#14368) ;
#14373=AXIS2_PLACEMENT_3D('Circle Axis2P3D',#14371,#14372,$) ;
#14380=AXIS2_PLACEMENT_3D('Circle Axis2P3D',#14378,#14379,$) ;
#14387=AXIS2_PLACEMENT_3D('Circle Axis2P3D',#14385,#14386,$) ;
#14400=AXIS2_PLACEMENT_3D('Torus Axis2P3D',#14397,#14398,#14399) ;
#14404=AXIS2_PLACEMENT_3D('Circle Axis2P3D',#14402,#14403,$) ;
#14417=AXIS2_PLACEMENT_3D('Torus Axis2P3D',#14414,#14415,#14416) ;
#14421=AXIS2_PLACEMENT_3D('Circle Axis2P3D',#14419,#14420,$) ;
#14426=AXIS2_PLACEMENT_3D('Circle Axis2P3D',#14424,#14425,$) ;
#14439=AXIS2_PLACEMENT_3D('Torus Axis2P3D',#14436,#14437,#14438) ;
#14451=AXIS2_PLACEMENT_3D('Plane Axis2P3D',#14448,#14449,#14450) ;
#14455=AXIS2_PLACEMENT_3D('Circle Axis2P3D',#14453,#14454,$) ;
#14464=AXIS2_PLACEMENT_3D('Circle Axis2P3D',#14462,#14463,$) ;
#14475=AXIS2_PLACEMENT_3D('Plane Axis2P3D',#14472,#14473,#14474) ;
#14506=AXIS2_PLACEMENT_3D('Circle Axis2P3D',#14504,#14505,$) ;
#14521=AXIS2_PLACEMENT_3D('Torus Axis2P3D',#14518,#14519,#14520) ;
#14525=AXIS2_PLACEMENT_3D('Circle Axis2P3D',#14523,#14524,$) ;
#14534=AXIS2_PLACEMENT_3D('Circle Axis2P3D',#14532,#14533,$) ;
#14539=AXIS2_PLACEMENT_3D('Circle Axis2P3D',#14537,#14538,$) ;
#14552=AXIS2_PLACEMENT_3D('Torus Axis2P3D',#14549,#14550,#14551) ;
#14556=AXIS2_PLACEMENT_3D('Circle Axis2P3D',#14554,#14555,$) ;
#14569=AXIS2_PLACEMENT_3D('Torus Axis2P3D',#14566,#14567,#14568) ;
#14573=AXIS2_PLACEMENT_3D('Circle Axis2P3D',#14571,#14572,$) ;
#14578=AXIS2_PLACEMENT_3D('Circle Axis2P3D',#14576,#14577,$) ;
#14591=AXIS2_PLACEMENT_3D('Torus Axis2P3D',#14588,#14589,#14590) ;
#40=PRODUCT_DEFINITION_SHAPE(' ',' ',#14) ;
#31=APPROVAL_PERSON_ORGANIZATION(#25,#21,#19) ;
#25=PERSON_AND_ORGANIZATION(#22,#23) ;
#22=PERSON(' ',' ',' ',$,$,$) ;
#23=ORGANIZATION(' ',' ',' ') ;
#21=APPROVAL(#20,' ') ;
#20=APPROVAL_STATUS('not_yet_approved') ;
#19=APPROVAL_ROLE('APPROVER') ;
#13=DATE_AND_TIME(#11,#12) ;
#12=LOCAL_TIME(20,5,30.,#10) ;
#10=COORDINATED_UNIVERSAL_TIME_OFFSET(0,0,.AHEAD.) ;
#86=ORIENTED_EDGE('',*,*,#65,.T.) ;
#87=ORIENTED_EDGE('',*,*,#72,.T.) ;
#88=ORIENTED_EDGE('',*,*,#79,.F.) ;
#89=ORIENTED_EDGE('',*,*,#84,.F.) ;
#108=ORIENTED_EDGE('',*,*,#79,.T.) ;
#109=ORIENTED_EDGE('',*,*,#101,.T.) ;
#110=ORIENTED_EDGE('',*,*,#65,.F.) ;
#111=ORIENTED_EDGE('',*,*,#106,.F.) ;
#225=ORIENTED_EDGE('',*,*,#127,.F.) ;
#226=ORIENTED_EDGE('',*,*,#134,.F.) ;
#227=ORIENTED_EDGE('',*,*,#141,.F.) ;
#228=ORIENTED_EDGE('',*,*,#148,.F.) ;
#229=ORIENTED_EDGE('',*,*,#155,.F.) ;
#230=ORIENTED_EDGE('',*,*,#162,.F.) ;
#231=ORIENTED_EDGE('',*,*,#169,.F.) ;
#232=ORIENTED_EDGE('',*,*,#176,.F.) ;
#233=ORIENTED_EDGE('',*,*,#183,.F.) ;
#234=ORIENTED_EDGE('',*,*,#190,.F.) ;
#235=ORIENTED_EDGE('',*,*,#197,.F.) ;
#236=ORIENTED_EDGE('',*,*,#204,.F.) ;
#237=ORIENTED_EDGE('',*,*,#211,.F.) ;
#238=ORIENTED_EDGE('',*,*,#218,.F.) ;
#239=ORIENTED_EDGE('',*,*,#223,.F.) ;
#242=ORIENTED_EDGE('',*,*,#106,.T.) ;
#243=ORIENTED_EDGE('',*,*,#84,.T.) ;
#260=ORIENTED_EDGE('',*,*,#253,.T.) ;
#261=ORIENTED_EDGE('',*,*,#258,.T.) ;
#278=ORIENTED_EDGE('',*,*,#271,.T.) ;
#279=ORIENTED_EDGE('',*,*,#276,.T.) ;
#296=ORIENTED_EDGE('',*,*,#289,.T.) ;
#297=ORIENTED_EDGE('',*,*,#294,.T.) ;
#314=ORIENTED_EDGE('',*,*,#307,.T.) ;
#315=ORIENTED_EDGE('',*,*,#312,.T.) ;
#332=ORIENTED_EDGE('',*,*,#325,.T.) ;
#333=ORIENTED_EDGE('',*,*,#330,.T.) ;
#361=ORIENTED_EDGE('',*,*,#72,.F.) ;
#362=ORIENTED_EDGE('',*,*,#347,.F.) ;
#363=ORIENTED_EDGE('',*,*,#354,.T.) ;
#364=ORIENTED_EDGE('',*,*,#359,.T.) ;
#373=ORIENTED_EDGE('',*,*,#101,.F.) ;
#374=ORIENTED_EDGE('',*,*,#359,.F.) ;
#375=ORIENTED_EDGE('',*,*,#371,.T.) ;
#376=ORIENTED_EDGE('',*,*,#347,.T.) ;
#404=ORIENTED_EDGE('',*,*,#390,.T.) ;
#405=ORIENTED_EDGE('',*,*,#397,.T.) ;
#406=ORIENTED_EDGE('',*,*,#402,.F.) ;
#407=ORIENTED_EDGE('',*,*,#258,.F.) ;
#421=ORIENTED_EDGE('',*,*,#402,.T.) ;
#422=ORIENTED_EDGE('',*,*,#419,.T.) ;
#423=ORIENTED_EDGE('',*,*,#390,.F.) ;
#424=ORIENTED_EDGE('',*,*,#253,.F.) ;
#452=ORIENTED_EDGE('',*,*,#397,.F.) ;
#453=ORIENTED_EDGE('',*,*,#438,.F.) ;
#454=ORIENTED_EDGE('',*,*,#445,.T.) ;
#455=ORIENTED_EDGE('',*,*,#450,.T.) ;
#464=ORIENTED_EDGE('',*,*,#419,.F.) ;
#465=ORIENTED_EDGE('',*,*,#450,.F.) ;
#466=ORIENTED_EDGE('',*,*,#462,.T.) ;
#467=ORIENTED_EDGE('',*,*,#438,.T.) ;
#495=ORIENTED_EDGE('',*,*,#481,.T.) ;
#496=ORIENTED_EDGE('',*,*,#488,.T.) ;
#497=ORIENTED_EDGE('',*,*,#493,.F.) ;
#498=ORIENTED_EDGE('',*,*,#276,.F.) ;
#512=ORIENTED_EDGE('',*,*,#493,.T.) ;
#513=ORIENTED_EDGE('',*,*,#510,.T.) ;
#514=ORIENTED_EDGE('',*,*,#481,.F.) ;
#515=ORIENTED_EDGE('',*,*,#271,.F.) ;
#543=ORIENTED_EDGE('',*,*,#510,.F.) ;
#544=ORIENTED_EDGE('',*,*,#529,.F.) ;
#545=ORIENTED_EDGE('',*,*,#536,.T.) ;
#546=ORIENTED_EDGE('',*,*,#541,.T.) ;
#555=ORIENTED_EDGE('',*,*,#488,.F.) ;
#556=ORIENTED_EDGE('',*,*,#541,.F.) ;
#557=ORIENTED_EDGE('',*,*,#553,.T.) ;
#558=ORIENTED_EDGE('',*,*,#529,.T.) ;
#586=ORIENTED_EDGE('',*,*,#572,.T.) ;
#587=ORIENTED_EDGE('',*,*,#579,.T.) ;
#588=ORIENTED_EDGE('',*,*,#584,.F.) ;
#589=ORIENTED_EDGE('',*,*,#294,.F.) ;
#603=ORIENTED_EDGE('',*,*,#584,.T.) ;
#604=ORIENTED_EDGE('',*,*,#601,.T.) ;
#605=ORIENTED_EDGE('',*,*,#572,.F.) ;
#606=ORIENTED_EDGE('',*,*,#289,.F.) ;
#634=ORIENTED_EDGE('',*,*,#579,.F.) ;
#635=ORIENTED_EDGE('',*,*,#620,.F.) ;
#636=ORIENTED_EDGE('',*,*,#627,.T.) ;
#637=ORIENTED_EDGE('',*,*,#632,.T.) ;
#646=ORIENTED_EDGE('',*,*,#601,.F.) ;
#647=ORIENTED_EDGE('',*,*,#632,.F.) ;
#648=ORIENTED_EDGE('',*,*,#644,.T.) ;
#649=ORIENTED_EDGE('',*,*,#620,.T.) ;
#677=ORIENTED_EDGE('',*,*,#663,.T.) ;
#678=ORIENTED_EDGE('',*,*,#670,.T.) ;
#679=ORIENTED_EDGE('',*,*,#675,.F.) ;
#680=ORIENTED_EDGE('',*,*,#312,.F.) ;
#694=ORIENTED_EDGE('',*,*,#675,.T.) ;
#695=ORIENTED_EDGE('',*,*,#692,.T.) ;
#696=ORIENTED_EDGE('',*,*,#663,.F.) ;
#697=ORIENTED_EDGE('',*,*,#307,.F.) ;
#725=ORIENTED_EDGE('',*,*,#670,.F.) ;
#726=ORIENTED_EDGE('',*,*,#711,.F.) ;
#727=ORIENTED_EDGE('',*,*,#718,.T.) ;
#728=ORIENTED_EDGE('',*,*,#723,.T.) ;
#737=ORIENTED_EDGE('',*,*,#692,.F.) ;
#738=ORIENTED_EDGE('',*,*,#723,.F.) ;
#739=ORIENTED_EDGE('',*,*,#735,.T.) ;
#740=ORIENTED_EDGE('',*,*,#711,.T.) ;
#768=ORIENTED_EDGE('',*,*,#754,.T.) ;
#769=ORIENTED_EDGE('',*,*,#761,.T.) ;
#770=ORIENTED_EDGE('',*,*,#766,.F.) ;
#771=ORIENTED_EDGE('',*,*,#330,.F.) ;
#785=ORIENTED_EDGE('',*,*,#766,.T.) ;
#786=ORIENTED_EDGE('',*,*,#783,.T.) ;
#787=ORIENTED_EDGE('',*,*,#754,.F.) ;
#788=ORIENTED_EDGE('',*,*,#325,.F.) ;
#816=ORIENTED_EDGE('',*,*,#761,.F.) ;
#817=ORIENTED_EDGE('',*,*,#802,.F.) ;
#818=ORIENTED_EDGE('',*,*,#809,.T.) ;
#819=ORIENTED_EDGE('',*,*,#814,.T.) ;
#828=ORIENTED_EDGE('',*,*,#783,.F.) ;
#829=ORIENTED_EDGE('',*,*,#814,.F.) ;
#830=ORIENTED_EDGE('',*,*,#826,.T.) ;
#831=ORIENTED_EDGE('',*,*,#802,.T.) ;
#859=ORIENTED_EDGE('',*,*,#845,.T.) ;
#860=ORIENTED_EDGE('',*,*,#852,.T.) ;
#861=ORIENTED_EDGE('',*,*,#857,.F.) ;
#862=ORIENTED_EDGE('',*,*,#553,.F.) ;
#876=ORIENTED_EDGE('',*,*,#857,.T.) ;
#877=ORIENTED_EDGE('',*,*,#874,.T.) ;
#878=ORIENTED_EDGE('',*,*,#845,.F.) ;
#879=ORIENTED_EDGE('',*,*,#536,.F.) ;
#907=ORIENTED_EDGE('',*,*,#893,.T.) ;
#908=ORIENTED_EDGE('',*,*,#900,.T.) ;
#909=ORIENTED_EDGE('',*,*,#905,.F.) ;
#910=ORIENTED_EDGE('',*,*,#462,.F.) ;
#924=ORIENTED_EDGE('',*,*,#905,.T.) ;
#925=ORIENTED_EDGE('',*,*,#922,.T.) ;
#926=ORIENTED_EDGE('',*,*,#893,.F.) ;
#927=ORIENTED_EDGE('',*,*,#445,.F.) ;
#955=ORIENTED_EDGE('',*,*,#941,.T.) ;
#956=ORIENTED_EDGE('',*,*,#948,.T.) ;
#957=ORIENTED_EDGE('',*,*,#953,.F.) ;
#958=ORIENTED_EDGE('',*,*,#371,.F.) ;
#972=ORIENTED_EDGE('',*,*,#953,.T.) ;
#973=ORIENTED_EDGE('',*,*,#970,.T.) ;
#974=ORIENTED_EDGE('',*,*,#941,.F.) ;
#975=ORIENTED_EDGE('',*,*,#354,.F.) ;
#1003=ORIENTED_EDGE('',*,*,#989,.T.) ;
#1004=ORIENTED_EDGE('',*,*,#996,.T.) ;
#1005=ORIENTED_EDGE('',*,*,#1001,.F.) ;
#1006=ORIENTED_EDGE('',*,*,#644,.F.) ;
#1020=ORIENTED_EDGE('',*,*,#1001,.T.) ;
#1021=ORIENTED_EDGE('',*,*,#1018,.T.) ;
#1022=ORIENTED_EDGE('',*,*,#989,.F.) ;
#1023=ORIENTED_EDGE('',*,*,#627,.F.) ;
#1051=ORIENTED_EDGE('',*,*,#1037,.T.) ;
#1052=ORIENTED_EDGE('',*,*,#1044,.T.) ;
#1053=ORIENTED_EDGE('',*,*,#1049,.F.) ;
#1054=ORIENTED_EDGE('',*,*,#735,.F.) ;
#1068=ORIENTED_EDGE('',*,*,#1049,.T.) ;
#1069=ORIENTED_EDGE('',*,*,#1066,.T.) ;
#1070=ORIENTED_EDGE('',*,*,#1037,.F.) ;
#1071=ORIENTED_EDGE('',*,*,#718,.F.) ;
#1099=ORIENTED_EDGE('',*,*,#1085,.T.) ;
#1100=ORIENTED_EDGE('',*,*,#1092,.T.) ;
#1101=ORIENTED_EDGE('',*,*,#1097,.F.) ;
#1102=ORIENTED_EDGE('',*,*,#809,.F.) ;
#1116=ORIENTED_EDGE('',*,*,#1097,.T.) ;
#1117=ORIENTED_EDGE('',*,*,#1114,.T.) ;
#1118=ORIENTED_EDGE('',*,*,#1085,.F.) ;
#1119=ORIENTED_EDGE('',*,*,#826,.F.) ;
#1156=ORIENTED_EDGE('',*,*,#1135,.T.) ;
#1157=ORIENTED_EDGE('',*,*,#1142,.T.) ;
#1158=ORIENTED_EDGE('',*,*,#1149,.F.) ;
#1159=ORIENTED_EDGE('',*,*,#1154,.F.) ;
#1178=ORIENTED_EDGE('',*,*,#1149,.T.) ;
#1179=ORIENTED_EDGE('',*,*,#1171,.T.) ;
#1180=ORIENTED_EDGE('',*,*,#1135,.F.) ;
#1181=ORIENTED_EDGE('',*,*,#1176,.F.) ;
#1209=ORIENTED_EDGE('',*,*,#1154,.T.) ;
#1210=ORIENTED_EDGE('',*,*,#1195,.T.) ;
#1211=ORIENTED_EDGE('',*,*,#1202,.T.) ;
#1212=ORIENTED_EDGE('',*,*,#1207,.F.) ;
#1221=ORIENTED_EDGE('',*,*,#1176,.T.) ;
#1222=ORIENTED_EDGE('',*,*,#1207,.T.) ;
#1223=ORIENTED_EDGE('',*,*,#1219,.T.) ;
#1224=ORIENTED_EDGE('',*,*,#1195,.F.) ;
#1268=ORIENTED_EDGE('',*,*,#1240,.F.) ;
#1269=ORIENTED_EDGE('',*,*,#1247,.F.) ;
#1270=ORIENTED_EDGE('',*,*,#1254,.T.) ;
#1271=ORIENTED_EDGE('',*,*,#1261,.T.) ;
#1272=ORIENTED_EDGE('',*,*,#1266,.T.) ;
#1275=ORIENTED_EDGE('',*,*,#1171,.F.) ;
#1276=ORIENTED_EDGE('',*,*,#1142,.F.) ;
#1313=ORIENTED_EDGE('',*,*,#1292,.T.) ;
#1314=ORIENTED_EDGE('',*,*,#1299,.T.) ;
#1315=ORIENTED_EDGE('',*,*,#1306,.F.) ;
#1316=ORIENTED_EDGE('',*,*,#1311,.F.) ;
#1335=ORIENTED_EDGE('',*,*,#1306,.T.) ;
#1336=ORIENTED_EDGE('',*,*,#1328,.T.) ;
#1337=ORIENTED_EDGE('',*,*,#1292,.F.) ;
#1338=ORIENTED_EDGE('',*,*,#1333,.F.) ;
#1361=ORIENTED_EDGE('',*,*,#1311,.T.) ;
#1362=ORIENTED_EDGE('',*,*,#1347,.T.) ;
#1363=ORIENTED_EDGE('',*,*,#1354,.T.) ;
#1364=ORIENTED_EDGE('',*,*,#1359,.F.) ;
#1373=ORIENTED_EDGE('',*,*,#1333,.T.) ;
#1374=ORIENTED_EDGE('',*,*,#1359,.T.) ;
#1375=ORIENTED_EDGE('',*,*,#1371,.T.) ;
#1376=ORIENTED_EDGE('',*,*,#1347,.F.) ;
#1434=ORIENTED_EDGE('',*,*,#1392,.T.) ;
#1435=ORIENTED_EDGE('',*,*,#1399,.T.) ;
#1436=ORIENTED_EDGE('',*,*,#1406,.T.) ;
#1437=ORIENTED_EDGE('',*,*,#1413,.T.) ;
#1438=ORIENTED_EDGE('',*,*,#1420,.T.) ;
#1439=ORIENTED_EDGE('',*,*,#1427,.T.) ;
#1440=ORIENTED_EDGE('',*,*,#1432,.T.) ;
#1443=ORIENTED_EDGE('',*,*,#1299,.F.) ;
#1444=ORIENTED_EDGE('',*,*,#1328,.F.) ;
#1472=ORIENTED_EDGE('',*,*,#1458,.T.) ;
#1473=ORIENTED_EDGE('',*,*,#1465,.T.) ;
#1474=ORIENTED_EDGE('',*,*,#1470,.F.) ;
#1475=ORIENTED_EDGE('',*,*,#1354,.F.) ;
#1489=ORIENTED_EDGE('',*,*,#1470,.T.) ;
#1490=ORIENTED_EDGE('',*,*,#1487,.T.) ;
#1491=ORIENTED_EDGE('',*,*,#1458,.F.) ;
#1492=ORIENTED_EDGE('',*,*,#1371,.F.) ;
#1543=ORIENTED_EDGE('',*,*,#1508,.F.) ;
#1544=ORIENTED_EDGE('',*,*,#1515,.T.) ;
#1545=ORIENTED_EDGE('',*,*,#1522,.T.) ;
#1546=ORIENTED_EDGE('',*,*,#1529,.T.) ;
#1547=ORIENTED_EDGE('',*,*,#1536,.T.) ;
#1548=ORIENTED_EDGE('',*,*,#1541,.T.) ;
#1551=ORIENTED_EDGE('',*,*,#1465,.F.) ;
#1552=ORIENTED_EDGE('',*,*,#1487,.F.) ;
#1580=ORIENTED_EDGE('',*,*,#1566,.T.) ;
#1581=ORIENTED_EDGE('',*,*,#1573,.T.) ;
#1582=ORIENTED_EDGE('',*,*,#1578,.F.) ;
#1583=ORIENTED_EDGE('',*,*,#1219,.F.) ;
#1597=ORIENTED_EDGE('',*,*,#1578,.T.) ;
#1598=ORIENTED_EDGE('',*,*,#1595,.T.) ;
#1599=ORIENTED_EDGE('',*,*,#1566,.F.) ;
#1600=ORIENTED_EDGE('',*,*,#1202,.F.) ;
#1658=ORIENTED_EDGE('',*,*,#1616,.F.) ;
#1659=ORIENTED_EDGE('',*,*,#1623,.T.) ;
#1660=ORIENTED_EDGE('',*,*,#1630,.T.) ;
#1661=ORIENTED_EDGE('',*,*,#1637,.T.) ;
#1662=ORIENTED_EDGE('',*,*,#1644,.T.) ;
#1663=ORIENTED_EDGE('',*,*,#1651,.T.) ;
#1664=ORIENTED_EDGE('',*,*,#1656,.T.) ;
#1667=ORIENTED_EDGE('',*,*,#1573,.F.) ;
#1668=ORIENTED_EDGE('',*,*,#1595,.F.) ;
#1694=ORIENTED_EDGE('',*,*,#1680,.T.) ;
#1695=ORIENTED_EDGE('',*,*,#148,.T.) ;
#1696=ORIENTED_EDGE('',*,*,#1687,.F.) ;
#1697=ORIENTED_EDGE('',*,*,#1692,.F.) ;
#1711=ORIENTED_EDGE('',*,*,#1709,.T.) ;
#1712=ORIENTED_EDGE('',*,*,#155,.T.) ;
#1713=ORIENTED_EDGE('',*,*,#1680,.F.) ;
#1714=ORIENTED_EDGE('',*,*,#1432,.F.) ;
#1735=ORIENTED_EDGE('',*,*,#1728,.T.) ;
#1736=ORIENTED_EDGE('',*,*,#1733,.T.) ;
#1737=ORIENTED_EDGE('',*,*,#1709,.F.) ;
#1738=ORIENTED_EDGE('',*,*,#1427,.F.) ;
#1759=ORIENTED_EDGE('',*,*,#1752,.T.) ;
#1760=ORIENTED_EDGE('',*,*,#1757,.T.) ;
#1761=ORIENTED_EDGE('',*,*,#1728,.F.) ;
#1762=ORIENTED_EDGE('',*,*,#1420,.F.) ;
#1783=ORIENTED_EDGE('',*,*,#1776,.T.) ;
#1784=ORIENTED_EDGE('',*,*,#1781,.T.) ;
#1785=ORIENTED_EDGE('',*,*,#1752,.F.) ;
#1786=ORIENTED_EDGE('',*,*,#1413,.F.) ;
#1807=ORIENTED_EDGE('',*,*,#1800,.T.) ;
#1808=ORIENTED_EDGE('',*,*,#1805,.T.) ;
#1809=ORIENTED_EDGE('',*,*,#1776,.F.) ;
#1810=ORIENTED_EDGE('',*,*,#1406,.F.) ;
#1831=ORIENTED_EDGE('',*,*,#1824,.T.) ;
#1832=ORIENTED_EDGE('',*,*,#1829,.T.) ;
#1833=ORIENTED_EDGE('',*,*,#1800,.F.) ;
#1834=ORIENTED_EDGE('',*,*,#1399,.F.) ;
#1862=ORIENTED_EDGE('',*,*,#1850,.T.) ;
#1863=ORIENTED_EDGE('',*,*,#1855,.T.) ;
#1864=ORIENTED_EDGE('',*,*,#1824,.F.) ;
#1865=ORIENTED_EDGE('',*,*,#1860,.F.) ;
#1893=ORIENTED_EDGE('',*,*,#1881,.T.) ;
#1894=ORIENTED_EDGE('',*,*,#1886,.T.) ;
#1895=ORIENTED_EDGE('',*,*,#1850,.F.) ;
#1896=ORIENTED_EDGE('',*,*,#1891,.F.) ;
#1922=ORIENTED_EDGE('',*,*,#1910,.T.) ;
#1923=ORIENTED_EDGE('',*,*,#1915,.T.) ;
#1924=ORIENTED_EDGE('',*,*,#1881,.F.) ;
#1925=ORIENTED_EDGE('',*,*,#1920,.F.) ;
#1946=ORIENTED_EDGE('',*,*,#1939,.T.) ;
#1947=ORIENTED_EDGE('',*,*,#1944,.T.) ;
#1948=ORIENTED_EDGE('',*,*,#1910,.F.) ;
#1949=ORIENTED_EDGE('',*,*,#1656,.F.) ;
#1970=ORIENTED_EDGE('',*,*,#1963,.T.) ;
#1971=ORIENTED_EDGE('',*,*,#1968,.T.) ;
#1972=ORIENTED_EDGE('',*,*,#1939,.F.) ;
#1973=ORIENTED_EDGE('',*,*,#1651,.F.) ;
#1994=ORIENTED_EDGE('',*,*,#1987,.T.) ;
#1995=ORIENTED_EDGE('',*,*,#1992,.T.) ;
#1996=ORIENTED_EDGE('',*,*,#1963,.F.) ;
#1997=ORIENTED_EDGE('',*,*,#1644,.F.) ;
#2018=ORIENTED_EDGE('',*,*,#2011,.T.) ;
#2019=ORIENTED_EDGE('',*,*,#2016,.T.) ;
#2020=ORIENTED_EDGE('',*,*,#1987,.F.) ;
#2021=ORIENTED_EDGE('',*,*,#1637,.F.) ;
#2040=ORIENTED_EDGE('',*,*,#2033,.T.) ;
#2041=ORIENTED_EDGE('',*,*,#2038,.T.) ;
#2042=ORIENTED_EDGE('',*,*,#2011,.F.) ;
#2043=ORIENTED_EDGE('',*,*,#1630,.F.) ;
#2057=ORIENTED_EDGE('',*,*,#2055,.T.) ;
#2058=ORIENTED_EDGE('',*,*,#127,.T.) ;
#2059=ORIENTED_EDGE('',*,*,#2033,.F.) ;
#2060=ORIENTED_EDGE('',*,*,#1623,.F.) ;
#2081=ORIENTED_EDGE('',*,*,#2074,.T.) ;
#2082=ORIENTED_EDGE('',*,*,#134,.T.) ;
#2083=ORIENTED_EDGE('',*,*,#2055,.F.) ;
#2084=ORIENTED_EDGE('',*,*,#2079,.F.) ;
#2098=ORIENTED_EDGE('',*,*,#1687,.T.) ;
#2099=ORIENTED_EDGE('',*,*,#141,.T.) ;
#2100=ORIENTED_EDGE('',*,*,#2074,.F.) ;
#2101=ORIENTED_EDGE('',*,*,#2096,.F.) ;
#2115=ORIENTED_EDGE('',*,*,#1616,.T.) ;
#2116=ORIENTED_EDGE('',*,*,#1920,.T.) ;
#2117=ORIENTED_EDGE('',*,*,#2113,.F.) ;
#2118=ORIENTED_EDGE('',*,*,#2079,.T.) ;
#2132=ORIENTED_EDGE('',*,*,#2096,.T.) ;
#2133=ORIENTED_EDGE('',*,*,#2113,.T.) ;
#2134=ORIENTED_EDGE('',*,*,#1891,.T.) ;
#2135=ORIENTED_EDGE('',*,*,#2130,.F.) ;
#2144=ORIENTED_EDGE('',*,*,#2130,.T.) ;
#2145=ORIENTED_EDGE('',*,*,#1860,.T.) ;
#2146=ORIENTED_EDGE('',*,*,#1392,.F.) ;
#2147=ORIENTED_EDGE('',*,*,#1692,.T.) ;
#2168=ORIENTED_EDGE('',*,*,#1733,.F.) ;
#2169=ORIENTED_EDGE('',*,*,#2161,.F.) ;
#2170=ORIENTED_EDGE('',*,*,#2166,.F.) ;
#2171=ORIENTED_EDGE('',*,*,#162,.T.) ;
#2192=ORIENTED_EDGE('',*,*,#2185,.F.) ;
#2193=ORIENTED_EDGE('',*,*,#2190,.F.) ;
#2194=ORIENTED_EDGE('',*,*,#2161,.T.) ;
#2195=ORIENTED_EDGE('',*,*,#1757,.F.) ;
#2223=ORIENTED_EDGE('',*,*,#1805,.F.) ;
#2224=ORIENTED_EDGE('',*,*,#2209,.F.) ;
#2225=ORIENTED_EDGE('',*,*,#2216,.F.) ;
#2226=ORIENTED_EDGE('',*,*,#2221,.T.) ;
#2235=ORIENTED_EDGE('',*,*,#2221,.F.) ;
#2236=ORIENTED_EDGE('',*,*,#2233,.F.) ;
#2237=ORIENTED_EDGE('',*,*,#2185,.T.) ;
#2238=ORIENTED_EDGE('',*,*,#1781,.F.) ;
#2259=ORIENTED_EDGE('',*,*,#2038,.F.) ;
#2260=ORIENTED_EDGE('',*,*,#223,.T.) ;
#2261=ORIENTED_EDGE('',*,*,#2252,.T.) ;
#2262=ORIENTED_EDGE('',*,*,#2257,.F.) ;
#2287=ORIENTED_EDGE('',*,*,#2257,.T.) ;
#2288=ORIENTED_EDGE('',*,*,#2273,.T.) ;
#2289=ORIENTED_EDGE('',*,*,#2280,.T.) ;
#2290=ORIENTED_EDGE('',*,*,#2285,.F.) ;
#2291=ORIENTED_EDGE('',*,*,#2016,.F.) ;
#2319=ORIENTED_EDGE('',*,*,#1968,.F.) ;
#2320=ORIENTED_EDGE('',*,*,#2305,.T.) ;
#2321=ORIENTED_EDGE('',*,*,#2312,.T.) ;
#2322=ORIENTED_EDGE('',*,*,#2317,.F.) ;
#2340=ORIENTED_EDGE('',*,*,#2285,.T.) ;
#2341=ORIENTED_EDGE('',*,*,#2331,.T.) ;
#2342=ORIENTED_EDGE('',*,*,#2338,.F.) ;
#2343=ORIENTED_EDGE('',*,*,#2305,.F.) ;
#2344=ORIENTED_EDGE('',*,*,#1992,.F.) ;
#2689=ORIENTED_EDGE('',*,*,#2529,.T.) ;
#2690=ORIENTED_EDGE('',*,*,#2166,.T.) ;
#2691=ORIENTED_EDGE('',*,*,#2687,.F.) ;
#2705=ORIENTED_EDGE('',*,*,#2190,.T.) ;
#2706=ORIENTED_EDGE('',*,*,#2703,.F.) ;
#2707=ORIENTED_EDGE('',*,*,#1522,.F.) ;
#2708=ORIENTED_EDGE('',*,*,#2687,.T.) ;
#2722=ORIENTED_EDGE('',*,*,#1515,.F.) ;
#2723=ORIENTED_EDGE('',*,*,#2720,.T.) ;
#2724=ORIENTED_EDGE('',*,*,#169,.T.) ;
#2725=ORIENTED_EDGE('',*,*,#2529,.F.) ;
#2746=ORIENTED_EDGE('',*,*,#2739,.T.) ;
#2747=ORIENTED_EDGE('',*,*,#176,.T.) ;
#2748=ORIENTED_EDGE('',*,*,#2720,.F.) ;
#2749=ORIENTED_EDGE('',*,*,#2744,.F.) ;
#2770=ORIENTED_EDGE('',*,*,#2763,.T.) ;
#2771=ORIENTED_EDGE('',*,*,#183,.T.) ;
#2772=ORIENTED_EDGE('',*,*,#2739,.F.) ;
#2773=ORIENTED_EDGE('',*,*,#2768,.F.) ;
#2801=ORIENTED_EDGE('',*,*,#2789,.T.) ;
#2802=ORIENTED_EDGE('',*,*,#2794,.T.) ;
#2803=ORIENTED_EDGE('',*,*,#2763,.F.) ;
#2804=ORIENTED_EDGE('',*,*,#2799,.F.) ;
#2832=ORIENTED_EDGE('',*,*,#2820,.T.) ;
#2833=ORIENTED_EDGE('',*,*,#2825,.T.) ;
#2834=ORIENTED_EDGE('',*,*,#2789,.F.) ;
#2835=ORIENTED_EDGE('',*,*,#2830,.F.) ;
#2863=ORIENTED_EDGE('',*,*,#2851,.T.) ;
#2864=ORIENTED_EDGE('',*,*,#2856,.T.) ;
#2865=ORIENTED_EDGE('',*,*,#2820,.F.) ;
#2866=ORIENTED_EDGE('',*,*,#2861,.F.) ;
#2894=ORIENTED_EDGE('',*,*,#2882,.T.) ;
#2895=ORIENTED_EDGE('',*,*,#2887,.T.) ;
#2896=ORIENTED_EDGE('',*,*,#2851,.F.) ;
#2897=ORIENTED_EDGE('',*,*,#2892,.F.) ;
#2923=ORIENTED_EDGE('',*,*,#2911,.T.) ;
#2924=ORIENTED_EDGE('',*,*,#2916,.T.) ;
#2925=ORIENTED_EDGE('',*,*,#2882,.F.) ;
#2926=ORIENTED_EDGE('',*,*,#2921,.F.) ;
#2945=ORIENTED_EDGE('',*,*,#2938,.T.) ;
#2946=ORIENTED_EDGE('',*,*,#2943,.T.) ;
#2947=ORIENTED_EDGE('',*,*,#2911,.F.) ;
#2948=ORIENTED_EDGE('',*,*,#1541,.F.) ;
#2962=ORIENTED_EDGE('',*,*,#2960,.T.) ;
#2963=ORIENTED_EDGE('',*,*,#2216,.T.) ;
#2964=ORIENTED_EDGE('',*,*,#2938,.F.) ;
#2965=ORIENTED_EDGE('',*,*,#1536,.F.) ;
#2974=ORIENTED_EDGE('',*,*,#2703,.T.) ;
#2975=ORIENTED_EDGE('',*,*,#2233,.T.) ;
#2976=ORIENTED_EDGE('',*,*,#2960,.F.) ;
#2977=ORIENTED_EDGE('',*,*,#1529,.F.) ;
#2991=ORIENTED_EDGE('',*,*,#1508,.T.) ;
#2992=ORIENTED_EDGE('',*,*,#2921,.T.) ;
#2993=ORIENTED_EDGE('',*,*,#2989,.F.) ;
#2994=ORIENTED_EDGE('',*,*,#2744,.T.) ;
#2998=ORIENTED_EDGE('',*,*,#2989,.T.) ;
#2999=ORIENTED_EDGE('',*,*,#2892,.T.) ;
#3000=ORIENTED_EDGE('',*,*,#2861,.T.) ;
#3001=ORIENTED_EDGE('',*,*,#2830,.T.) ;
#3002=ORIENTED_EDGE('',*,*,#2799,.T.) ;
#3003=ORIENTED_EDGE('',*,*,#2768,.T.) ;
#3024=ORIENTED_EDGE('',*,*,#3017,.F.) ;
#3025=ORIENTED_EDGE('',*,*,#3022,.T.) ;
#3026=ORIENTED_EDGE('',*,*,#190,.T.) ;
#3027=ORIENTED_EDGE('',*,*,#2794,.F.) ;
#3048=ORIENTED_EDGE('',*,*,#2825,.F.) ;
#3049=ORIENTED_EDGE('',*,*,#3041,.F.) ;
#3050=ORIENTED_EDGE('',*,*,#3046,.F.) ;
#3051=ORIENTED_EDGE('',*,*,#3017,.T.) ;
#3072=ORIENTED_EDGE('',*,*,#3065,.F.) ;
#3073=ORIENTED_EDGE('',*,*,#3070,.T.) ;
#3074=ORIENTED_EDGE('',*,*,#3041,.T.) ;
#3075=ORIENTED_EDGE('',*,*,#2856,.F.) ;
#3164=ORIENTED_EDGE('',*,*,#3130,.T.) ;
#3165=ORIENTED_EDGE('',*,*,#3156,.F.) ;
#3166=ORIENTED_EDGE('',*,*,#3162,.F.) ;
#3272=ORIENTED_EDGE('',*,*,#3270,.T.) ;
#3273=ORIENTED_EDGE('',*,*,#3162,.T.) ;
#3274=ORIENTED_EDGE('',*,*,#2273,.F.) ;
#3275=ORIENTED_EDGE('',*,*,#2252,.F.) ;
#3289=ORIENTED_EDGE('',*,*,#218,.T.) ;
#3290=ORIENTED_EDGE('',*,*,#3287,.F.) ;
#3291=ORIENTED_EDGE('',*,*,#1254,.F.) ;
#3292=ORIENTED_EDGE('',*,*,#3130,.F.) ;
#3293=ORIENTED_EDGE('',*,*,#3270,.F.) ;
#3307=ORIENTED_EDGE('',*,*,#1247,.T.) ;
#3308=ORIENTED_EDGE('',*,*,#3305,.F.) ;
#3309=ORIENTED_EDGE('',*,*,#2280,.F.) ;
#3310=ORIENTED_EDGE('',*,*,#3156,.T.) ;
#3399=ORIENTED_EDGE('',*,*,#3363,.T.) ;
#3400=ORIENTED_EDGE('',*,*,#3391,.F.) ;
#3401=ORIENTED_EDGE('',*,*,#3397,.F.) ;
#3477=ORIENTED_EDGE('',*,*,#2338,.T.) ;
#3478=ORIENTED_EDGE('',*,*,#3397,.T.) ;
#3479=ORIENTED_EDGE('',*,*,#3475,.F.) ;
#3480=ORIENTED_EDGE('',*,*,#2312,.F.) ;
#3501=ORIENTED_EDGE('',*,*,#1266,.F.) ;
#3502=ORIENTED_EDGE('',*,*,#3494,.F.) ;
#3503=ORIENTED_EDGE('',*,*,#3499,.F.) ;
#3504=ORIENTED_EDGE('',*,*,#3475,.T.) ;
#3505=ORIENTED_EDGE('',*,*,#3391,.T.) ;
#3514=ORIENTED_EDGE('',*,*,#2331,.F.) ;
#3515=ORIENTED_EDGE('',*,*,#3305,.T.) ;
#3516=ORIENTED_EDGE('',*,*,#1240,.T.) ;
#3517=ORIENTED_EDGE('',*,*,#3363,.F.) ;
#3538=ORIENTED_EDGE('',*,*,#3531,.T.) ;
#3539=ORIENTED_EDGE('',*,*,#197,.T.) ;
#3540=ORIENTED_EDGE('',*,*,#3022,.F.) ;
#3541=ORIENTED_EDGE('',*,*,#3536,.F.) ;
#3562=ORIENTED_EDGE('',*,*,#3555,.T.) ;
#3563=ORIENTED_EDGE('',*,*,#204,.T.) ;
#3564=ORIENTED_EDGE('',*,*,#3531,.F.) ;
#3565=ORIENTED_EDGE('',*,*,#3560,.F.) ;
#3579=ORIENTED_EDGE('',*,*,#3287,.T.) ;
#3580=ORIENTED_EDGE('',*,*,#211,.T.) ;
#3581=ORIENTED_EDGE('',*,*,#3555,.F.) ;
#3582=ORIENTED_EDGE('',*,*,#3577,.F.) ;
#3610=ORIENTED_EDGE('',*,*,#3560,.T.) ;
#3611=ORIENTED_EDGE('',*,*,#3596,.T.) ;
#3612=ORIENTED_EDGE('',*,*,#3603,.F.) ;
#3613=ORIENTED_EDGE('',*,*,#3608,.F.) ;
#3627=ORIENTED_EDGE('',*,*,#3608,.T.) ;
#3628=ORIENTED_EDGE('',*,*,#3625,.F.) ;
#3629=ORIENTED_EDGE('',*,*,#1261,.F.) ;
#3630=ORIENTED_EDGE('',*,*,#3577,.T.) ;
#3644=ORIENTED_EDGE('',*,*,#3046,.T.) ;
#3645=ORIENTED_EDGE('',*,*,#3642,.F.) ;
#3646=ORIENTED_EDGE('',*,*,#3596,.F.) ;
#3647=ORIENTED_EDGE('',*,*,#3536,.T.) ;
#3668=ORIENTED_EDGE('',*,*,#3661,.T.) ;
#3669=ORIENTED_EDGE('',*,*,#3642,.T.) ;
#3670=ORIENTED_EDGE('',*,*,#3070,.F.) ;
#3671=ORIENTED_EDGE('',*,*,#3666,.F.) ;
#3692=ORIENTED_EDGE('',*,*,#3685,.T.) ;
#3693=ORIENTED_EDGE('',*,*,#3603,.T.) ;
#3694=ORIENTED_EDGE('',*,*,#3661,.F.) ;
#3695=ORIENTED_EDGE('',*,*,#3690,.F.) ;
#3709=ORIENTED_EDGE('',*,*,#3494,.T.) ;
#3710=ORIENTED_EDGE('',*,*,#3625,.T.) ;
#3711=ORIENTED_EDGE('',*,*,#3685,.F.) ;
#3712=ORIENTED_EDGE('',*,*,#3707,.F.) ;
#3812=ORIENTED_EDGE('',*,*,#3728,.T.) ;
#3813=ORIENTED_EDGE('',*,*,#3735,.T.) ;
#3814=ORIENTED_EDGE('',*,*,#3742,.T.) ;
#3815=ORIENTED_EDGE('',*,*,#3749,.T.) ;
#3816=ORIENTED_EDGE('',*,*,#3756,.T.) ;
#3817=ORIENTED_EDGE('',*,*,#3763,.T.) ;
#3818=ORIENTED_EDGE('',*,*,#3770,.T.) ;
#3819=ORIENTED_EDGE('',*,*,#3777,.T.) ;
#3820=ORIENTED_EDGE('',*,*,#3784,.T.) ;
#3821=ORIENTED_EDGE('',*,*,#3791,.T.) ;
#3822=ORIENTED_EDGE('',*,*,#3798,.T.) ;
#3823=ORIENTED_EDGE('',*,*,#3805,.T.) ;
#3824=ORIENTED_EDGE('',*,*,#3810,.T.) ;
#3855=ORIENTED_EDGE('',*,*,#3840,.T.) ;
#3856=ORIENTED_EDGE('',*,*,#3810,.F.) ;
#3857=ORIENTED_EDGE('',*,*,#3848,.T.) ;
#3858=ORIENTED_EDGE('',*,*,#3853,.T.) ;
#3891=ORIENTED_EDGE('',*,*,#3884,.F.) ;
#3892=ORIENTED_EDGE('',*,*,#3728,.F.) ;
#3893=ORIENTED_EDGE('',*,*,#3840,.F.) ;
#3894=ORIENTED_EDGE('',*,*,#3889,.T.) ;
#3916=ORIENTED_EDGE('',*,*,#3909,.T.) ;
#3917=ORIENTED_EDGE('',*,*,#3735,.F.) ;
#3918=ORIENTED_EDGE('',*,*,#3884,.T.) ;
#3919=ORIENTED_EDGE('',*,*,#3914,.T.) ;
#3942=ORIENTED_EDGE('',*,*,#3935,.T.) ;
#3943=ORIENTED_EDGE('',*,*,#3742,.F.) ;
#3944=ORIENTED_EDGE('',*,*,#3909,.F.) ;
#3945=ORIENTED_EDGE('',*,*,#3940,.T.) ;
#3967=ORIENTED_EDGE('',*,*,#3960,.T.) ;
#3968=ORIENTED_EDGE('',*,*,#3749,.F.) ;
#3969=ORIENTED_EDGE('',*,*,#3935,.F.) ;
#3970=ORIENTED_EDGE('',*,*,#3965,.T.) ;
#3993=ORIENTED_EDGE('',*,*,#3986,.T.) ;
#3994=ORIENTED_EDGE('',*,*,#3756,.F.) ;
#3995=ORIENTED_EDGE('',*,*,#3960,.F.) ;
#3996=ORIENTED_EDGE('',*,*,#3991,.T.) ;
#4032=ORIENTED_EDGE('',*,*,#4025,.F.) ;
#4033=ORIENTED_EDGE('',*,*,#3763,.F.) ;
#4034=ORIENTED_EDGE('',*,*,#3986,.F.) ;
#4035=ORIENTED_EDGE('',*,*,#4030,.T.) ;
#4057=ORIENTED_EDGE('',*,*,#4050,.T.) ;
#4058=ORIENTED_EDGE('',*,*,#3770,.F.) ;
#4059=ORIENTED_EDGE('',*,*,#4025,.T.) ;
#4060=ORIENTED_EDGE('',*,*,#4055,.T.) ;
#4082=ORIENTED_EDGE('',*,*,#4075,.T.) ;
#4083=ORIENTED_EDGE('',*,*,#3777,.F.) ;
#4084=ORIENTED_EDGE('',*,*,#4050,.F.) ;
#4085=ORIENTED_EDGE('',*,*,#4080,.T.) ;
#4121=ORIENTED_EDGE('',*,*,#4114,.F.) ;
#4122=ORIENTED_EDGE('',*,*,#3784,.F.) ;
#4123=ORIENTED_EDGE('',*,*,#4075,.F.) ;
#4124=ORIENTED_EDGE('',*,*,#4119,.T.) ;
#4146=ORIENTED_EDGE('',*,*,#4139,.T.) ;
#4147=ORIENTED_EDGE('',*,*,#3791,.F.) ;
#4148=ORIENTED_EDGE('',*,*,#4114,.T.) ;
#4149=ORIENTED_EDGE('',*,*,#4144,.T.) ;
#4171=ORIENTED_EDGE('',*,*,#4164,.T.) ;
#4172=ORIENTED_EDGE('',*,*,#3798,.F.) ;
#4173=ORIENTED_EDGE('',*,*,#4139,.F.) ;
#4174=ORIENTED_EDGE('',*,*,#4169,.T.) ;
#4188=ORIENTED_EDGE('',*,*,#3848,.F.) ;
#4189=ORIENTED_EDGE('',*,*,#3805,.F.) ;
#4190=ORIENTED_EDGE('',*,*,#4164,.F.) ;
#4191=ORIENTED_EDGE('',*,*,#4186,.T.) ;
#4231=ORIENTED_EDGE('',*,*,#4209,.T.) ;
#4232=ORIENTED_EDGE('',*,*,#4216,.F.) ;
#4233=ORIENTED_EDGE('',*,*,#4224,.T.) ;
#4234=ORIENTED_EDGE('',*,*,#4229,.T.) ;
#4264=ORIENTED_EDGE('',*,*,#4252,.T.) ;
#4265=ORIENTED_EDGE('',*,*,#4257,.F.) ;
#4266=ORIENTED_EDGE('',*,*,#4209,.F.) ;
#4267=ORIENTED_EDGE('',*,*,#4262,.T.) ;
#4296=ORIENTED_EDGE('',*,*,#4284,.T.) ;
#4297=ORIENTED_EDGE('',*,*,#4289,.F.) ;
#4298=ORIENTED_EDGE('',*,*,#4252,.F.) ;
#4299=ORIENTED_EDGE('',*,*,#4294,.T.) ;
#4329=ORIENTED_EDGE('',*,*,#4317,.T.) ;
#4330=ORIENTED_EDGE('',*,*,#4322,.F.) ;
#4331=ORIENTED_EDGE('',*,*,#4284,.F.) ;
#4332=ORIENTED_EDGE('',*,*,#4327,.T.) ;
#4361=ORIENTED_EDGE('',*,*,#4349,.T.) ;
#4362=ORIENTED_EDGE('',*,*,#4354,.F.) ;
#4363=ORIENTED_EDGE('',*,*,#4317,.F.) ;
#4364=ORIENTED_EDGE('',*,*,#4359,.T.) ;
#4394=ORIENTED_EDGE('',*,*,#4382,.T.) ;
#4395=ORIENTED_EDGE('',*,*,#4387,.F.) ;
#4396=ORIENTED_EDGE('',*,*,#4349,.F.) ;
#4397=ORIENTED_EDGE('',*,*,#4392,.T.) ;
#4427=ORIENTED_EDGE('',*,*,#4415,.T.) ;
#4428=ORIENTED_EDGE('',*,*,#4420,.F.) ;
#4429=ORIENTED_EDGE('',*,*,#4382,.F.) ;
#4430=ORIENTED_EDGE('',*,*,#4425,.T.) ;
#4459=ORIENTED_EDGE('',*,*,#4447,.T.) ;
#4460=ORIENTED_EDGE('',*,*,#4452,.F.) ;
#4461=ORIENTED_EDGE('',*,*,#4415,.F.) ;
#4462=ORIENTED_EDGE('',*,*,#4457,.T.) ;
#4492=ORIENTED_EDGE('',*,*,#4480,.T.) ;
#4493=ORIENTED_EDGE('',*,*,#4485,.F.) ;
#4494=ORIENTED_EDGE('',*,*,#4447,.F.) ;
#4495=ORIENTED_EDGE('',*,*,#4490,.T.) ;
#4525=ORIENTED_EDGE('',*,*,#4513,.T.) ;
#4526=ORIENTED_EDGE('',*,*,#4518,.F.) ;
#4527=ORIENTED_EDGE('',*,*,#4480,.F.) ;
#4528=ORIENTED_EDGE('',*,*,#4523,.T.) ;
#4557=ORIENTED_EDGE('',*,*,#4545,.T.) ;
#4558=ORIENTED_EDGE('',*,*,#4550,.F.) ;
#4559=ORIENTED_EDGE('',*,*,#4513,.F.) ;
#4560=ORIENTED_EDGE('',*,*,#4555,.T.) ;
#4590=ORIENTED_EDGE('',*,*,#4578,.T.) ;
#4591=ORIENTED_EDGE('',*,*,#4583,.F.) ;
#4592=ORIENTED_EDGE('',*,*,#4545,.F.) ;
#4593=ORIENTED_EDGE('',*,*,#4588,.T.) ;
#4612=ORIENTED_EDGE('',*,*,#4224,.F.) ;
#4613=ORIENTED_EDGE('',*,*,#4605,.F.) ;
#4614=ORIENTED_EDGE('',*,*,#4578,.F.) ;
#4615=ORIENTED_EDGE('',*,*,#4610,.T.) ;
#4619=ORIENTED_EDGE('',*,*,#4257,.T.) ;
#4620=ORIENTED_EDGE('',*,*,#4289,.T.) ;
#4621=ORIENTED_EDGE('',*,*,#4322,.T.) ;
#4622=ORIENTED_EDGE('',*,*,#4354,.T.) ;
#4623=ORIENTED_EDGE('',*,*,#4387,.T.) ;
#4624=ORIENTED_EDGE('',*,*,#4420,.T.) ;
#4625=ORIENTED_EDGE('',*,*,#4452,.T.) ;
#4626=ORIENTED_EDGE('',*,*,#4485,.T.) ;
#4627=ORIENTED_EDGE('',*,*,#4518,.T.) ;
#4628=ORIENTED_EDGE('',*,*,#4550,.T.) ;
#4629=ORIENTED_EDGE('',*,*,#4583,.T.) ;
#4630=ORIENTED_EDGE('',*,*,#4605,.T.) ;
#4631=ORIENTED_EDGE('',*,*,#4216,.T.) ;
#4711=ORIENTED_EDGE('',*,*,#4641,.F.) ;
#4712=ORIENTED_EDGE('',*,*,#4648,.F.) ;
#4713=ORIENTED_EDGE('',*,*,#4655,.F.) ;
#4714=ORIENTED_EDGE('',*,*,#4662,.F.) ;
#4715=ORIENTED_EDGE('',*,*,#4669,.F.) ;
#4716=ORIENTED_EDGE('',*,*,#4676,.F.) ;
#4717=ORIENTED_EDGE('',*,*,#4683,.F.) ;
#4718=ORIENTED_EDGE('',*,*,#4690,.F.) ;
#4719=ORIENTED_EDGE('',*,*,#4697,.F.) ;
#4720=ORIENTED_EDGE('',*,*,#4704,.F.) ;
#4721=ORIENTED_EDGE('',*,*,#4709,.F.) ;
#4753=ORIENTED_EDGE('',*,*,#4737,.T.) ;
#4754=ORIENTED_EDGE('',*,*,#4744,.F.) ;
#4755=ORIENTED_EDGE('',*,*,#4751,.F.) ;
#4756=ORIENTED_EDGE('',*,*,#4641,.T.) ;
#4778=ORIENTED_EDGE('',*,*,#4771,.F.) ;
#4779=ORIENTED_EDGE('',*,*,#4776,.F.) ;
#4780=ORIENTED_EDGE('',*,*,#4737,.F.) ;
#4781=ORIENTED_EDGE('',*,*,#4709,.T.) ;
#4803=ORIENTED_EDGE('',*,*,#4796,.F.) ;
#4804=ORIENTED_EDGE('',*,*,#4801,.F.) ;
#4805=ORIENTED_EDGE('',*,*,#4771,.T.) ;
#4806=ORIENTED_EDGE('',*,*,#4704,.T.) ;
#4829=ORIENTED_EDGE('',*,*,#4822,.T.) ;
#4830=ORIENTED_EDGE('',*,*,#4827,.F.) ;
#4831=ORIENTED_EDGE('',*,*,#4796,.T.) ;
#4832=ORIENTED_EDGE('',*,*,#4697,.T.) ;
#4855=ORIENTED_EDGE('',*,*,#4848,.T.) ;
#4856=ORIENTED_EDGE('',*,*,#4853,.F.) ;
#4857=ORIENTED_EDGE('',*,*,#4822,.F.) ;
#4858=ORIENTED_EDGE('',*,*,#4690,.T.) ;
#4880=ORIENTED_EDGE('',*,*,#4873,.T.) ;
#4881=ORIENTED_EDGE('',*,*,#4878,.F.) ;
#4882=ORIENTED_EDGE('',*,*,#4848,.F.) ;
#4883=ORIENTED_EDGE('',*,*,#4683,.T.) ;
#4905=ORIENTED_EDGE('',*,*,#4898,.T.) ;
#4906=ORIENTED_EDGE('',*,*,#4903,.F.) ;
#4907=ORIENTED_EDGE('',*,*,#4873,.F.) ;
#4908=ORIENTED_EDGE('',*,*,#4676,.T.) ;
#4931=ORIENTED_EDGE('',*,*,#4924,.T.) ;
#4932=ORIENTED_EDGE('',*,*,#4929,.F.) ;
#4933=ORIENTED_EDGE('',*,*,#4898,.F.) ;
#4934=ORIENTED_EDGE('',*,*,#4669,.T.) ;
#4957=ORIENTED_EDGE('',*,*,#4950,.T.) ;
#4958=ORIENTED_EDGE('',*,*,#4955,.F.) ;
#4959=ORIENTED_EDGE('',*,*,#4924,.F.) ;
#4960=ORIENTED_EDGE('',*,*,#4662,.T.) ;
#4983=ORIENTED_EDGE('',*,*,#4976,.T.) ;
#4984=ORIENTED_EDGE('',*,*,#4981,.F.) ;
#4985=ORIENTED_EDGE('',*,*,#4950,.F.) ;
#4986=ORIENTED_EDGE('',*,*,#4655,.T.) ;
#5000=ORIENTED_EDGE('',*,*,#4751,.T.) ;
#5001=ORIENTED_EDGE('',*,*,#4998,.F.) ;
#5002=ORIENTED_EDGE('',*,*,#4976,.F.) ;
#5003=ORIENTED_EDGE('',*,*,#4648,.T.) ;
#5168=ORIENTED_EDGE('',*,*,#5014,.T.) ;
#5169=ORIENTED_EDGE('',*,*,#5021,.T.) ;
#5170=ORIENTED_EDGE('',*,*,#5028,.T.) ;
#5171=ORIENTED_EDGE('',*,*,#5035,.T.) ;
#5172=ORIENTED_EDGE('',*,*,#5042,.T.) ;
#5173=ORIENTED_EDGE('',*,*,#5049,.T.) ;
#5174=ORIENTED_EDGE('',*,*,#5056,.T.) ;
#5175=ORIENTED_EDGE('',*,*,#5063,.T.) ;
#5176=ORIENTED_EDGE('',*,*,#5070,.T.) ;
#5177=ORIENTED_EDGE('',*,*,#5077,.T.) ;
#5178=ORIENTED_EDGE('',*,*,#5084,.T.) ;
#5179=ORIENTED_EDGE('',*,*,#5091,.T.) ;
#5180=ORIENTED_EDGE('',*,*,#5098,.T.) ;
#5181=ORIENTED_EDGE('',*,*,#5105,.T.) ;
#5182=ORIENTED_EDGE('',*,*,#5112,.T.) ;
#5183=ORIENTED_EDGE('',*,*,#5119,.T.) ;
#5184=ORIENTED_EDGE('',*,*,#5126,.T.) ;
#5185=ORIENTED_EDGE('',*,*,#5133,.T.) ;
#5186=ORIENTED_EDGE('',*,*,#5140,.T.) ;
#5187=ORIENTED_EDGE('',*,*,#5147,.T.) ;
#5188=ORIENTED_EDGE('',*,*,#5154,.T.) ;
#5189=ORIENTED_EDGE('',*,*,#5161,.T.) ;
#5190=ORIENTED_EDGE('',*,*,#5166,.T.) ;
#5221=ORIENTED_EDGE('',*,*,#5206,.T.) ;
#5222=ORIENTED_EDGE('',*,*,#5166,.F.) ;
#5223=ORIENTED_EDGE('',*,*,#5214,.T.) ;
#5224=ORIENTED_EDGE('',*,*,#5219,.T.) ;
#5246=ORIENTED_EDGE('',*,*,#5239,.F.) ;
#5247=ORIENTED_EDGE('',*,*,#5014,.F.) ;
#5248=ORIENTED_EDGE('',*,*,#5206,.F.) ;
#5249=ORIENTED_EDGE('',*,*,#5244,.T.) ;
#5272=ORIENTED_EDGE('',*,*,#5265,.T.) ;
#5273=ORIENTED_EDGE('',*,*,#5021,.F.) ;
#5274=ORIENTED_EDGE('',*,*,#5239,.T.) ;
#5275=ORIENTED_EDGE('',*,*,#5270,.T.) ;
#5297=ORIENTED_EDGE('',*,*,#5290,.T.) ;
#5298=ORIENTED_EDGE('',*,*,#5028,.F.) ;
#5299=ORIENTED_EDGE('',*,*,#5265,.F.) ;
#5300=ORIENTED_EDGE('',*,*,#5295,.T.) ;
#5323=ORIENTED_EDGE('',*,*,#5316,.T.) ;
#5324=ORIENTED_EDGE('',*,*,#5035,.F.) ;
#5325=ORIENTED_EDGE('',*,*,#5290,.F.) ;
#5326=ORIENTED_EDGE('',*,*,#5321,.T.) ;
#5348=ORIENTED_EDGE('',*,*,#5341,.T.) ;
#5349=ORIENTED_EDGE('',*,*,#5042,.F.) ;
#5350=ORIENTED_EDGE('',*,*,#5316,.F.) ;
#5351=ORIENTED_EDGE('',*,*,#5346,.T.) ;
#5374=ORIENTED_EDGE('',*,*,#5367,.T.) ;
#5375=ORIENTED_EDGE('',*,*,#5049,.F.) ;
#5376=ORIENTED_EDGE('',*,*,#5341,.F.) ;
#5377=ORIENTED_EDGE('',*,*,#5372,.T.) ;
#5400=ORIENTED_EDGE('',*,*,#5393,.T.) ;
#5401=ORIENTED_EDGE('',*,*,#5056,.F.) ;
#5402=ORIENTED_EDGE('',*,*,#5367,.F.) ;
#5403=ORIENTED_EDGE('',*,*,#5398,.T.) ;
#5425=ORIENTED_EDGE('',*,*,#5418,.T.) ;
#5426=ORIENTED_EDGE('',*,*,#5063,.F.) ;
#5427=ORIENTED_EDGE('',*,*,#5393,.F.) ;
#5428=ORIENTED_EDGE('',*,*,#5423,.T.) ;
#5451=ORIENTED_EDGE('',*,*,#5444,.T.) ;
#5452=ORIENTED_EDGE('',*,*,#5070,.F.) ;
#5453=ORIENTED_EDGE('',*,*,#5418,.F.) ;
#5454=ORIENTED_EDGE('',*,*,#5449,.T.) ;
#5477=ORIENTED_EDGE('',*,*,#5470,.T.) ;
#5478=ORIENTED_EDGE('',*,*,#5077,.F.) ;
#5479=ORIENTED_EDGE('',*,*,#5444,.F.) ;
#5480=ORIENTED_EDGE('',*,*,#5475,.T.) ;
#5502=ORIENTED_EDGE('',*,*,#5495,.T.) ;
#5503=ORIENTED_EDGE('',*,*,#5084,.F.) ;
#5504=ORIENTED_EDGE('',*,*,#5470,.F.) ;
#5505=ORIENTED_EDGE('',*,*,#5500,.T.) ;
#5527=ORIENTED_EDGE('',*,*,#5520,.T.) ;
#5528=ORIENTED_EDGE('',*,*,#5091,.F.) ;
#5529=ORIENTED_EDGE('',*,*,#5495,.F.) ;
#5530=ORIENTED_EDGE('',*,*,#5525,.T.) ;
#5553=ORIENTED_EDGE('',*,*,#5546,.T.) ;
#5554=ORIENTED_EDGE('',*,*,#5098,.F.) ;
#5555=ORIENTED_EDGE('',*,*,#5520,.F.) ;
#5556=ORIENTED_EDGE('',*,*,#5551,.T.) ;
#5578=ORIENTED_EDGE('',*,*,#5571,.T.) ;
#5579=ORIENTED_EDGE('',*,*,#5105,.F.) ;
#5580=ORIENTED_EDGE('',*,*,#5546,.F.) ;
#5581=ORIENTED_EDGE('',*,*,#5576,.T.) ;
#5604=ORIENTED_EDGE('',*,*,#5597,.T.) ;
#5605=ORIENTED_EDGE('',*,*,#5112,.F.) ;
#5606=ORIENTED_EDGE('',*,*,#5571,.F.) ;
#5607=ORIENTED_EDGE('',*,*,#5602,.T.) ;
#5629=ORIENTED_EDGE('',*,*,#5622,.T.) ;
#5630=ORIENTED_EDGE('',*,*,#5119,.F.) ;
#5631=ORIENTED_EDGE('',*,*,#5597,.F.) ;
#5632=ORIENTED_EDGE('',*,*,#5627,.T.) ;
#5655=ORIENTED_EDGE('',*,*,#5648,.T.) ;
#5656=ORIENTED_EDGE('',*,*,#5126,.F.) ;
#5657=ORIENTED_EDGE('',*,*,#5622,.F.) ;
#5658=ORIENTED_EDGE('',*,*,#5653,.T.) ;
#5681=ORIENTED_EDGE('',*,*,#5674,.T.) ;
#5682=ORIENTED_EDGE('',*,*,#5133,.F.) ;
#5683=ORIENTED_EDGE('',*,*,#5648,.F.) ;
#5684=ORIENTED_EDGE('',*,*,#5679,.T.) ;
#5707=ORIENTED_EDGE('',*,*,#5700,.T.) ;
#5708=ORIENTED_EDGE('',*,*,#5140,.F.) ;
#5709=ORIENTED_EDGE('',*,*,#5674,.F.) ;
#5710=ORIENTED_EDGE('',*,*,#5705,.T.) ;
#5733=ORIENTED_EDGE('',*,*,#5726,.T.) ;
#5734=ORIENTED_EDGE('',*,*,#5147,.F.) ;
#5735=ORIENTED_EDGE('',*,*,#5700,.F.) ;
#5736=ORIENTED_EDGE('',*,*,#5731,.T.) ;
#5758=ORIENTED_EDGE('',*,*,#5751,.T.) ;
#5759=ORIENTED_EDGE('',*,*,#5154,.F.) ;
#5760=ORIENTED_EDGE('',*,*,#5726,.F.) ;
#5761=ORIENTED_EDGE('',*,*,#5756,.T.) ;
#5775=ORIENTED_EDGE('',*,*,#5214,.F.) ;
#5776=ORIENTED_EDGE('',*,*,#5161,.F.) ;
#5777=ORIENTED_EDGE('',*,*,#5751,.F.) ;
#5778=ORIENTED_EDGE('',*,*,#5773,.T.) ;
#5866=ORIENTED_EDGE('',*,*,#5789,.T.) ;
#5867=ORIENTED_EDGE('',*,*,#5796,.T.) ;
#5868=ORIENTED_EDGE('',*,*,#5803,.T.) ;
#5869=ORIENTED_EDGE('',*,*,#5810,.T.) ;
#5870=ORIENTED_EDGE('',*,*,#5817,.T.) ;
#5871=ORIENTED_EDGE('',*,*,#5824,.T.) ;
#5872=ORIENTED_EDGE('',*,*,#5831,.T.) ;
#5873=ORIENTED_EDGE('',*,*,#5838,.T.) ;
#5874=ORIENTED_EDGE('',*,*,#5845,.T.) ;
#5875=ORIENTED_EDGE('',*,*,#5852,.T.) ;
#5876=ORIENTED_EDGE('',*,*,#5859,.T.) ;
#5877=ORIENTED_EDGE('',*,*,#5864,.T.) ;
#5908=ORIENTED_EDGE('',*,*,#5893,.T.) ;
#5909=ORIENTED_EDGE('',*,*,#5864,.F.) ;
#5910=ORIENTED_EDGE('',*,*,#5901,.T.) ;
#5911=ORIENTED_EDGE('',*,*,#5906,.T.) ;
#5933=ORIENTED_EDGE('',*,*,#5926,.T.) ;
#5934=ORIENTED_EDGE('',*,*,#5789,.F.) ;
#5935=ORIENTED_EDGE('',*,*,#5893,.F.) ;
#5936=ORIENTED_EDGE('',*,*,#5931,.T.) ;
#5958=ORIENTED_EDGE('',*,*,#5951,.F.) ;
#5959=ORIENTED_EDGE('',*,*,#5796,.F.) ;
#5960=ORIENTED_EDGE('',*,*,#5926,.F.) ;
#5961=ORIENTED_EDGE('',*,*,#5956,.T.) ;
#5983=ORIENTED_EDGE('',*,*,#5976,.T.) ;
#5984=ORIENTED_EDGE('',*,*,#5803,.F.) ;
#5985=ORIENTED_EDGE('',*,*,#5951,.T.) ;
#5986=ORIENTED_EDGE('',*,*,#5981,.T.) ;
#6008=ORIENTED_EDGE('',*,*,#6001,.T.) ;
#6009=ORIENTED_EDGE('',*,*,#5810,.F.) ;
#6010=ORIENTED_EDGE('',*,*,#5976,.F.) ;
#6011=ORIENTED_EDGE('',*,*,#6006,.T.) ;
#6033=ORIENTED_EDGE('',*,*,#6026,.T.) ;
#6034=ORIENTED_EDGE('',*,*,#5817,.F.) ;
#6035=ORIENTED_EDGE('',*,*,#6001,.F.) ;
#6036=ORIENTED_EDGE('',*,*,#6031,.T.) ;
#6058=ORIENTED_EDGE('',*,*,#6051,.F.) ;
#6059=ORIENTED_EDGE('',*,*,#5824,.F.) ;
#6060=ORIENTED_EDGE('',*,*,#6026,.F.) ;
#6061=ORIENTED_EDGE('',*,*,#6056,.T.) ;
#6083=ORIENTED_EDGE('',*,*,#6076,.T.) ;
#6084=ORIENTED_EDGE('',*,*,#5831,.F.) ;
#6085=ORIENTED_EDGE('',*,*,#6051,.T.) ;
#6086=ORIENTED_EDGE('',*,*,#6081,.T.) ;
#6109=ORIENTED_EDGE('',*,*,#6102,.T.) ;
#6110=ORIENTED_EDGE('',*,*,#5838,.F.) ;
#6111=ORIENTED_EDGE('',*,*,#6076,.F.) ;
#6112=ORIENTED_EDGE('',*,*,#6107,.T.) ;
#6134=ORIENTED_EDGE('',*,*,#6127,.T.) ;
#6135=ORIENTED_EDGE('',*,*,#5845,.F.) ;
#6136=ORIENTED_EDGE('',*,*,#6102,.F.) ;
#6137=ORIENTED_EDGE('',*,*,#6132,.T.) ;
#6159=ORIENTED_EDGE('',*,*,#6152,.T.) ;
#6160=ORIENTED_EDGE('',*,*,#5852,.F.) ;
#6161=ORIENTED_EDGE('',*,*,#6127,.F.) ;
#6162=ORIENTED_EDGE('',*,*,#6157,.T.) ;
#6176=ORIENTED_EDGE('',*,*,#5901,.F.) ;
#6177=ORIENTED_EDGE('',*,*,#5859,.F.) ;
#6178=ORIENTED_EDGE('',*,*,#6152,.F.) ;
#6179=ORIENTED_EDGE('',*,*,#6174,.T.) ;
#6239=ORIENTED_EDGE('',*,*,#6190,.T.) ;
#6240=ORIENTED_EDGE('',*,*,#6197,.T.) ;
#6241=ORIENTED_EDGE('',*,*,#6204,.T.) ;
#6242=ORIENTED_EDGE('',*,*,#6211,.T.) ;
#6243=ORIENTED_EDGE('',*,*,#6218,.T.) ;
#6244=ORIENTED_EDGE('',*,*,#6225,.T.) ;
#6245=ORIENTED_EDGE('',*,*,#6232,.T.) ;
#6246=ORIENTED_EDGE('',*,*,#6237,.T.) ;
#6277=ORIENTED_EDGE('',*,*,#6262,.T.) ;
#6278=ORIENTED_EDGE('',*,*,#6237,.F.) ;
#6279=ORIENTED_EDGE('',*,*,#6270,.F.) ;
#6280=ORIENTED_EDGE('',*,*,#6275,.T.) ;
#6302=ORIENTED_EDGE('',*,*,#6295,.T.) ;
#6303=ORIENTED_EDGE('',*,*,#6190,.F.) ;
#6304=ORIENTED_EDGE('',*,*,#6262,.F.) ;
#6305=ORIENTED_EDGE('',*,*,#6300,.T.) ;
#6328=ORIENTED_EDGE('',*,*,#6321,.T.) ;
#6329=ORIENTED_EDGE('',*,*,#6197,.F.) ;
#6330=ORIENTED_EDGE('',*,*,#6295,.F.) ;
#6331=ORIENTED_EDGE('',*,*,#6326,.T.) ;
#6353=ORIENTED_EDGE('',*,*,#6346,.T.) ;
#6354=ORIENTED_EDGE('',*,*,#6204,.F.) ;
#6355=ORIENTED_EDGE('',*,*,#6321,.F.) ;
#6356=ORIENTED_EDGE('',*,*,#6351,.T.) ;
#6378=ORIENTED_EDGE('',*,*,#6371,.F.) ;
#6379=ORIENTED_EDGE('',*,*,#6211,.F.) ;
#6380=ORIENTED_EDGE('',*,*,#6346,.F.) ;
#6381=ORIENTED_EDGE('',*,*,#6376,.T.) ;
#6403=ORIENTED_EDGE('',*,*,#6396,.T.) ;
#6404=ORIENTED_EDGE('',*,*,#6218,.F.) ;
#6405=ORIENTED_EDGE('',*,*,#6371,.T.) ;
#6406=ORIENTED_EDGE('',*,*,#6401,.T.) ;
#6428=ORIENTED_EDGE('',*,*,#6421,.T.) ;
#6429=ORIENTED_EDGE('',*,*,#6225,.F.) ;
#6430=ORIENTED_EDGE('',*,*,#6396,.F.) ;
#6431=ORIENTED_EDGE('',*,*,#6426,.T.) ;
#6445=ORIENTED_EDGE('',*,*,#6270,.T.) ;
#6446=ORIENTED_EDGE('',*,*,#6232,.F.) ;
#6447=ORIENTED_EDGE('',*,*,#6421,.F.) ;
#6448=ORIENTED_EDGE('',*,*,#6443,.T.) ;
#6476=ORIENTED_EDGE('',*,*,#6462,.T.) ;
#6477=ORIENTED_EDGE('',*,*,#4229,.F.) ;
#6478=ORIENTED_EDGE('',*,*,#6469,.F.) ;
#6479=ORIENTED_EDGE('',*,*,#6474,.F.) ;
#6500=ORIENTED_EDGE('',*,*,#6469,.T.) ;
#6501=ORIENTED_EDGE('',*,*,#4610,.F.) ;
#6502=ORIENTED_EDGE('',*,*,#6493,.F.) ;
#6503=ORIENTED_EDGE('',*,*,#6498,.F.) ;
#6524=ORIENTED_EDGE('',*,*,#6517,.T.) ;
#6525=ORIENTED_EDGE('',*,*,#4262,.F.) ;
#6526=ORIENTED_EDGE('',*,*,#6462,.F.) ;
#6527=ORIENTED_EDGE('',*,*,#6522,.F.) ;
#6548=ORIENTED_EDGE('',*,*,#6493,.T.) ;
#6549=ORIENTED_EDGE('',*,*,#4588,.F.) ;
#6550=ORIENTED_EDGE('',*,*,#6541,.F.) ;
#6551=ORIENTED_EDGE('',*,*,#6546,.F.) ;
#6572=ORIENTED_EDGE('',*,*,#6565,.T.) ;
#6573=ORIENTED_EDGE('',*,*,#4294,.F.) ;
#6574=ORIENTED_EDGE('',*,*,#6517,.F.) ;
#6575=ORIENTED_EDGE('',*,*,#6570,.F.) ;
#6596=ORIENTED_EDGE('',*,*,#6589,.T.) ;
#6597=ORIENTED_EDGE('',*,*,#4327,.F.) ;
#6598=ORIENTED_EDGE('',*,*,#6565,.F.) ;
#6599=ORIENTED_EDGE('',*,*,#6594,.F.) ;
#6620=ORIENTED_EDGE('',*,*,#6613,.T.) ;
#6621=ORIENTED_EDGE('',*,*,#4359,.F.) ;
#6622=ORIENTED_EDGE('',*,*,#6589,.F.) ;
#6623=ORIENTED_EDGE('',*,*,#6618,.F.) ;
#6644=ORIENTED_EDGE('',*,*,#6637,.T.) ;
#6645=ORIENTED_EDGE('',*,*,#4392,.F.) ;
#6646=ORIENTED_EDGE('',*,*,#6613,.F.) ;
#6647=ORIENTED_EDGE('',*,*,#6642,.F.) ;
#6668=ORIENTED_EDGE('',*,*,#6661,.T.) ;
#6669=ORIENTED_EDGE('',*,*,#4425,.F.) ;
#6670=ORIENTED_EDGE('',*,*,#6637,.F.) ;
#6671=ORIENTED_EDGE('',*,*,#6666,.F.) ;
#6692=ORIENTED_EDGE('',*,*,#6685,.T.) ;
#6693=ORIENTED_EDGE('',*,*,#4457,.F.) ;
#6694=ORIENTED_EDGE('',*,*,#6661,.F.) ;
#6695=ORIENTED_EDGE('',*,*,#6690,.F.) ;
#6716=ORIENTED_EDGE('',*,*,#6709,.T.) ;
#6717=ORIENTED_EDGE('',*,*,#4490,.F.) ;
#6718=ORIENTED_EDGE('',*,*,#6685,.F.) ;
#6719=ORIENTED_EDGE('',*,*,#6714,.F.) ;
#6740=ORIENTED_EDGE('',*,*,#6733,.T.) ;
#6741=ORIENTED_EDGE('',*,*,#4523,.F.) ;
#6742=ORIENTED_EDGE('',*,*,#6709,.F.) ;
#6743=ORIENTED_EDGE('',*,*,#6738,.F.) ;
#6757=ORIENTED_EDGE('',*,*,#6541,.T.) ;
#6758=ORIENTED_EDGE('',*,*,#4555,.F.) ;
#6759=ORIENTED_EDGE('',*,*,#6733,.F.) ;
#6760=ORIENTED_EDGE('',*,*,#6755,.F.) ;
#6792=ORIENTED_EDGE('',*,*,#6776,.F.) ;
#6793=ORIENTED_EDGE('',*,*,#6783,.T.) ;
#6794=ORIENTED_EDGE('',*,*,#6546,.T.) ;
#6795=ORIENTED_EDGE('',*,*,#6790,.F.) ;
#6817=ORIENTED_EDGE('',*,*,#6809,.F.) ;
#6818=ORIENTED_EDGE('',*,*,#6815,.T.) ;
#6819=ORIENTED_EDGE('',*,*,#6498,.T.) ;
#6820=ORIENTED_EDGE('',*,*,#6783,.F.) ;
#6842=ORIENTED_EDGE('',*,*,#6834,.F.) ;
#6843=ORIENTED_EDGE('',*,*,#6840,.T.) ;
#6844=ORIENTED_EDGE('',*,*,#6474,.T.) ;
#6845=ORIENTED_EDGE('',*,*,#6815,.F.) ;
#6868=ORIENTED_EDGE('',*,*,#6859,.F.) ;
#6869=ORIENTED_EDGE('',*,*,#6866,.T.) ;
#6870=ORIENTED_EDGE('',*,*,#6522,.T.) ;
#6871=ORIENTED_EDGE('',*,*,#6840,.F.) ;
#6893=ORIENTED_EDGE('',*,*,#6885,.F.) ;
#6894=ORIENTED_EDGE('',*,*,#6891,.T.) ;
#6895=ORIENTED_EDGE('',*,*,#6570,.T.) ;
#6896=ORIENTED_EDGE('',*,*,#6866,.F.) ;
#6919=ORIENTED_EDGE('',*,*,#6910,.F.) ;
#6920=ORIENTED_EDGE('',*,*,#6917,.T.) ;
#6921=ORIENTED_EDGE('',*,*,#6594,.T.) ;
#6922=ORIENTED_EDGE('',*,*,#6891,.F.) ;
#6945=ORIENTED_EDGE('',*,*,#6936,.F.) ;
#6946=ORIENTED_EDGE('',*,*,#6943,.T.) ;
#6947=ORIENTED_EDGE('',*,*,#6618,.T.) ;
#6948=ORIENTED_EDGE('',*,*,#6917,.F.) ;
#6970=ORIENTED_EDGE('',*,*,#6962,.F.) ;
#6971=ORIENTED_EDGE('',*,*,#6968,.T.) ;
#6972=ORIENTED_EDGE('',*,*,#6642,.T.) ;
#6973=ORIENTED_EDGE('',*,*,#6943,.F.) ;
#6996=ORIENTED_EDGE('',*,*,#6987,.F.) ;
#6997=ORIENTED_EDGE('',*,*,#6994,.T.) ;
#6998=ORIENTED_EDGE('',*,*,#6666,.T.) ;
#6999=ORIENTED_EDGE('',*,*,#6968,.F.) ;
#7022=ORIENTED_EDGE('',*,*,#7013,.F.) ;
#7023=ORIENTED_EDGE('',*,*,#7020,.T.) ;
#7024=ORIENTED_EDGE('',*,*,#6690,.T.) ;
#7025=ORIENTED_EDGE('',*,*,#6994,.F.) ;
#7047=ORIENTED_EDGE('',*,*,#7039,.F.) ;
#7048=ORIENTED_EDGE('',*,*,#7045,.T.) ;
#7049=ORIENTED_EDGE('',*,*,#6714,.T.) ;
#7050=ORIENTED_EDGE('',*,*,#7020,.F.) ;
#7073=ORIENTED_EDGE('',*,*,#7064,.F.) ;
#7074=ORIENTED_EDGE('',*,*,#7071,.T.) ;
#7075=ORIENTED_EDGE('',*,*,#6738,.T.) ;
#7076=ORIENTED_EDGE('',*,*,#7045,.F.) ;
#7090=ORIENTED_EDGE('',*,*,#7088,.F.) ;
#7091=ORIENTED_EDGE('',*,*,#6790,.T.) ;
#7092=ORIENTED_EDGE('',*,*,#6755,.T.) ;
#7093=ORIENTED_EDGE('',*,*,#7071,.F.) ;
#7121=ORIENTED_EDGE('',*,*,#7107,.T.) ;
#7122=ORIENTED_EDGE('',*,*,#5551,.F.) ;
#7123=ORIENTED_EDGE('',*,*,#7114,.F.) ;
#7124=ORIENTED_EDGE('',*,*,#7119,.F.) ;
#7145=ORIENTED_EDGE('',*,*,#7114,.T.) ;
#7146=ORIENTED_EDGE('',*,*,#5525,.F.) ;
#7147=ORIENTED_EDGE('',*,*,#7138,.F.) ;
#7148=ORIENTED_EDGE('',*,*,#7143,.F.) ;
#7169=ORIENTED_EDGE('',*,*,#7162,.T.) ;
#7170=ORIENTED_EDGE('',*,*,#5576,.F.) ;
#7171=ORIENTED_EDGE('',*,*,#7107,.F.) ;
#7172=ORIENTED_EDGE('',*,*,#7167,.F.) ;
#7193=ORIENTED_EDGE('',*,*,#7138,.T.) ;
#7194=ORIENTED_EDGE('',*,*,#5500,.F.) ;
#7195=ORIENTED_EDGE('',*,*,#7186,.F.) ;
#7196=ORIENTED_EDGE('',*,*,#7191,.F.) ;
#7217=ORIENTED_EDGE('',*,*,#7210,.T.) ;
#7218=ORIENTED_EDGE('',*,*,#5602,.F.) ;
#7219=ORIENTED_EDGE('',*,*,#7162,.F.) ;
#7220=ORIENTED_EDGE('',*,*,#7215,.F.) ;
#7241=ORIENTED_EDGE('',*,*,#7234,.T.) ;
#7242=ORIENTED_EDGE('',*,*,#5627,.F.) ;
#7243=ORIENTED_EDGE('',*,*,#7210,.F.) ;
#7244=ORIENTED_EDGE('',*,*,#7239,.F.) ;
#7265=ORIENTED_EDGE('',*,*,#7258,.T.) ;
#7266=ORIENTED_EDGE('',*,*,#5653,.F.) ;
#7267=ORIENTED_EDGE('',*,*,#7234,.F.) ;
#7268=ORIENTED_EDGE('',*,*,#7263,.F.) ;
#7289=ORIENTED_EDGE('',*,*,#7282,.T.) ;
#7290=ORIENTED_EDGE('',*,*,#5679,.F.) ;
#7291=ORIENTED_EDGE('',*,*,#7258,.F.) ;
#7292=ORIENTED_EDGE('',*,*,#7287,.F.) ;
#7313=ORIENTED_EDGE('',*,*,#7306,.T.) ;
#7314=ORIENTED_EDGE('',*,*,#5705,.F.) ;
#7315=ORIENTED_EDGE('',*,*,#7282,.F.) ;
#7316=ORIENTED_EDGE('',*,*,#7311,.F.) ;
#7337=ORIENTED_EDGE('',*,*,#7330,.T.) ;
#7338=ORIENTED_EDGE('',*,*,#5731,.F.) ;
#7339=ORIENTED_EDGE('',*,*,#7306,.F.) ;
#7340=ORIENTED_EDGE('',*,*,#7335,.F.) ;
#7361=ORIENTED_EDGE('',*,*,#7354,.T.) ;
#7362=ORIENTED_EDGE('',*,*,#5756,.F.) ;
#7363=ORIENTED_EDGE('',*,*,#7330,.F.) ;
#7364=ORIENTED_EDGE('',*,*,#7359,.F.) ;
#7385=ORIENTED_EDGE('',*,*,#7378,.T.) ;
#7386=ORIENTED_EDGE('',*,*,#5773,.F.) ;
#7387=ORIENTED_EDGE('',*,*,#7354,.F.) ;
#7388=ORIENTED_EDGE('',*,*,#7383,.F.) ;
#7404=ORIENTED_EDGE('',*,*,#7397,.T.) ;
#7405=ORIENTED_EDGE('',*,*,#5219,.F.) ;
#7406=ORIENTED_EDGE('',*,*,#7378,.F.) ;
#7407=ORIENTED_EDGE('',*,*,#7402,.F.) ;
#7428=ORIENTED_EDGE('',*,*,#7421,.T.) ;
#7429=ORIENTED_EDGE('',*,*,#5244,.F.) ;
#7430=ORIENTED_EDGE('',*,*,#7397,.F.) ;
#7431=ORIENTED_EDGE('',*,*,#7426,.F.) ;
#7452=ORIENTED_EDGE('',*,*,#7445,.T.) ;
#7453=ORIENTED_EDGE('',*,*,#5270,.F.) ;
#7454=ORIENTED_EDGE('',*,*,#7421,.F.) ;
#7455=ORIENTED_EDGE('',*,*,#7450,.F.) ;
#7476=ORIENTED_EDGE('',*,*,#7469,.T.) ;
#7477=ORIENTED_EDGE('',*,*,#5295,.F.) ;
#7478=ORIENTED_EDGE('',*,*,#7445,.F.) ;
#7479=ORIENTED_EDGE('',*,*,#7474,.F.) ;
#7500=ORIENTED_EDGE('',*,*,#7493,.T.) ;
#7501=ORIENTED_EDGE('',*,*,#5321,.F.) ;
#7502=ORIENTED_EDGE('',*,*,#7469,.F.) ;
#7503=ORIENTED_EDGE('',*,*,#7498,.F.) ;
#7524=ORIENTED_EDGE('',*,*,#7517,.T.) ;
#7525=ORIENTED_EDGE('',*,*,#5346,.F.) ;
#7526=ORIENTED_EDGE('',*,*,#7493,.F.) ;
#7527=ORIENTED_EDGE('',*,*,#7522,.F.) ;
#7548=ORIENTED_EDGE('',*,*,#7541,.T.) ;
#7549=ORIENTED_EDGE('',*,*,#5372,.F.) ;
#7550=ORIENTED_EDGE('',*,*,#7517,.F.) ;
#7551=ORIENTED_EDGE('',*,*,#7546,.F.) ;
#7572=ORIENTED_EDGE('',*,*,#7565,.T.) ;
#7573=ORIENTED_EDGE('',*,*,#5398,.F.) ;
#7574=ORIENTED_EDGE('',*,*,#7541,.F.) ;
#7575=ORIENTED_EDGE('',*,*,#7570,.F.) ;
#7596=ORIENTED_EDGE('',*,*,#7589,.T.) ;
#7597=ORIENTED_EDGE('',*,*,#5423,.F.) ;
#7598=ORIENTED_EDGE('',*,*,#7565,.F.) ;
#7599=ORIENTED_EDGE('',*,*,#7594,.F.) ;
#7620=ORIENTED_EDGE('',*,*,#7613,.T.) ;
#7621=ORIENTED_EDGE('',*,*,#5449,.F.) ;
#7622=ORIENTED_EDGE('',*,*,#7589,.F.) ;
#7623=ORIENTED_EDGE('',*,*,#7618,.F.) ;
#7637=ORIENTED_EDGE('',*,*,#7186,.T.) ;
#7638=ORIENTED_EDGE('',*,*,#5475,.F.) ;
#7639=ORIENTED_EDGE('',*,*,#7613,.F.) ;
#7640=ORIENTED_EDGE('',*,*,#7635,.F.) ;
#7671=ORIENTED_EDGE('',*,*,#7656,.F.) ;
#7672=ORIENTED_EDGE('',*,*,#7662,.T.) ;
#7673=ORIENTED_EDGE('',*,*,#7359,.T.) ;
#7674=ORIENTED_EDGE('',*,*,#7669,.F.) ;
#7696=ORIENTED_EDGE('',*,*,#7688,.F.) ;
#7697=ORIENTED_EDGE('',*,*,#7694,.T.) ;
#7698=ORIENTED_EDGE('',*,*,#7383,.T.) ;
#7699=ORIENTED_EDGE('',*,*,#7662,.F.) ;
#7721=ORIENTED_EDGE('',*,*,#7713,.F.) ;
#7722=ORIENTED_EDGE('',*,*,#7719,.T.) ;
#7723=ORIENTED_EDGE('',*,*,#7402,.T.) ;
#7724=ORIENTED_EDGE('',*,*,#7694,.F.) ;
#7746=ORIENTED_EDGE('',*,*,#7738,.F.) ;
#7747=ORIENTED_EDGE('',*,*,#7744,.F.) ;
#7748=ORIENTED_EDGE('',*,*,#7426,.T.) ;
#7749=ORIENTED_EDGE('',*,*,#7719,.F.) ;
#7771=ORIENTED_EDGE('',*,*,#7763,.F.) ;
#7772=ORIENTED_EDGE('',*,*,#7769,.T.) ;
#7773=ORIENTED_EDGE('',*,*,#7450,.T.) ;
#7774=ORIENTED_EDGE('',*,*,#7744,.T.) ;
#7796=ORIENTED_EDGE('',*,*,#7788,.F.) ;
#7797=ORIENTED_EDGE('',*,*,#7794,.T.) ;
#7798=ORIENTED_EDGE('',*,*,#7474,.T.) ;
#7799=ORIENTED_EDGE('',*,*,#7769,.F.) ;
#7822=ORIENTED_EDGE('',*,*,#7813,.F.) ;
#7823=ORIENTED_EDGE('',*,*,#7820,.T.) ;
#7824=ORIENTED_EDGE('',*,*,#7498,.T.) ;
#7825=ORIENTED_EDGE('',*,*,#7794,.F.) ;
#7847=ORIENTED_EDGE('',*,*,#7839,.F.) ;
#7848=ORIENTED_EDGE('',*,*,#7845,.T.) ;
#7849=ORIENTED_EDGE('',*,*,#7522,.T.) ;
#7850=ORIENTED_EDGE('',*,*,#7820,.F.) ;
#7873=ORIENTED_EDGE('',*,*,#7864,.F.) ;
#7874=ORIENTED_EDGE('',*,*,#7871,.T.) ;
#7875=ORIENTED_EDGE('',*,*,#7546,.T.) ;
#7876=ORIENTED_EDGE('',*,*,#7845,.F.) ;
#7899=ORIENTED_EDGE('',*,*,#7890,.F.) ;
#7900=ORIENTED_EDGE('',*,*,#7897,.T.) ;
#7901=ORIENTED_EDGE('',*,*,#7570,.T.) ;
#7902=ORIENTED_EDGE('',*,*,#7871,.F.) ;
#7924=ORIENTED_EDGE('',*,*,#7916,.F.) ;
#7925=ORIENTED_EDGE('',*,*,#7922,.T.) ;
#7926=ORIENTED_EDGE('',*,*,#7594,.T.) ;
#7927=ORIENTED_EDGE('',*,*,#7897,.F.) ;
#7950=ORIENTED_EDGE('',*,*,#7941,.F.) ;
#7951=ORIENTED_EDGE('',*,*,#7948,.T.) ;
#7952=ORIENTED_EDGE('',*,*,#7618,.T.) ;
#7953=ORIENTED_EDGE('',*,*,#7922,.F.) ;
#7975=ORIENTED_EDGE('',*,*,#7967,.F.) ;
#7976=ORIENTED_EDGE('',*,*,#7973,.T.) ;
#7977=ORIENTED_EDGE('',*,*,#7635,.T.) ;
#7978=ORIENTED_EDGE('',*,*,#7948,.F.) ;
#8000=ORIENTED_EDGE('',*,*,#7992,.F.) ;
#8001=ORIENTED_EDGE('',*,*,#7998,.T.) ;
#8002=ORIENTED_EDGE('',*,*,#7191,.T.) ;
#8003=ORIENTED_EDGE('',*,*,#7973,.F.) ;
#8025=ORIENTED_EDGE('',*,*,#8017,.F.) ;
#8026=ORIENTED_EDGE('',*,*,#8023,.T.) ;
#8027=ORIENTED_EDGE('',*,*,#7143,.T.) ;
#8028=ORIENTED_EDGE('',*,*,#7998,.F.) ;
#8051=ORIENTED_EDGE('',*,*,#8042,.F.) ;
#8052=ORIENTED_EDGE('',*,*,#8049,.T.) ;
#8053=ORIENTED_EDGE('',*,*,#7119,.T.) ;
#8054=ORIENTED_EDGE('',*,*,#8023,.F.) ;
#8077=ORIENTED_EDGE('',*,*,#8068,.F.) ;
#8078=ORIENTED_EDGE('',*,*,#8075,.T.) ;
#8079=ORIENTED_EDGE('',*,*,#7167,.T.) ;
#8080=ORIENTED_EDGE('',*,*,#8049,.F.) ;
#8103=ORIENTED_EDGE('',*,*,#8094,.F.) ;
#8104=ORIENTED_EDGE('',*,*,#8101,.T.) ;
#8105=ORIENTED_EDGE('',*,*,#7215,.T.) ;
#8106=ORIENTED_EDGE('',*,*,#8075,.F.) ;
#8129=ORIENTED_EDGE('',*,*,#8120,.F.) ;
#8130=ORIENTED_EDGE('',*,*,#8127,.T.) ;
#8131=ORIENTED_EDGE('',*,*,#7239,.T.) ;
#8132=ORIENTED_EDGE('',*,*,#8101,.F.) ;
#8155=ORIENTED_EDGE('',*,*,#8146,.F.) ;
#8156=ORIENTED_EDGE('',*,*,#8153,.T.) ;
#8157=ORIENTED_EDGE('',*,*,#7263,.T.) ;
#8158=ORIENTED_EDGE('',*,*,#8127,.F.) ;
#8180=ORIENTED_EDGE('',*,*,#8172,.F.) ;
#8181=ORIENTED_EDGE('',*,*,#8178,.T.) ;
#8182=ORIENTED_EDGE('',*,*,#7287,.T.) ;
#8183=ORIENTED_EDGE('',*,*,#8153,.F.) ;
#8206=ORIENTED_EDGE('',*,*,#8197,.F.) ;
#8207=ORIENTED_EDGE('',*,*,#8204,.T.) ;
#8208=ORIENTED_EDGE('',*,*,#7311,.T.) ;
#8209=ORIENTED_EDGE('',*,*,#8178,.F.) ;
#8223=ORIENTED_EDGE('',*,*,#8221,.F.) ;
#8224=ORIENTED_EDGE('',*,*,#7669,.T.) ;
#8225=ORIENTED_EDGE('',*,*,#7335,.T.) ;
#8226=ORIENTED_EDGE('',*,*,#8204,.F.) ;
#8249=ORIENTED_EDGE('',*,*,#8235,.T.) ;
#8250=ORIENTED_EDGE('',*,*,#3991,.F.) ;
#8251=ORIENTED_EDGE('',*,*,#8242,.F.) ;
#8252=ORIENTED_EDGE('',*,*,#8247,.F.) ;
#8273=ORIENTED_EDGE('',*,*,#8242,.T.) ;
#8274=ORIENTED_EDGE('',*,*,#3965,.F.) ;
#8275=ORIENTED_EDGE('',*,*,#8266,.F.) ;
#8276=ORIENTED_EDGE('',*,*,#8271,.F.) ;
#8297=ORIENTED_EDGE('',*,*,#8290,.T.) ;
#8298=ORIENTED_EDGE('',*,*,#4030,.F.) ;
#8299=ORIENTED_EDGE('',*,*,#8235,.F.) ;
#8300=ORIENTED_EDGE('',*,*,#8295,.F.) ;
#8316=ORIENTED_EDGE('',*,*,#8266,.T.) ;
#8317=ORIENTED_EDGE('',*,*,#3940,.F.) ;
#8318=ORIENTED_EDGE('',*,*,#8309,.F.) ;
#8319=ORIENTED_EDGE('',*,*,#8314,.F.) ;
#8340=ORIENTED_EDGE('',*,*,#8333,.T.) ;
#8341=ORIENTED_EDGE('',*,*,#4055,.F.) ;
#8342=ORIENTED_EDGE('',*,*,#8290,.F.) ;
#8343=ORIENTED_EDGE('',*,*,#8338,.F.) ;
#8359=ORIENTED_EDGE('',*,*,#8352,.T.) ;
#8360=ORIENTED_EDGE('',*,*,#4080,.F.) ;
#8361=ORIENTED_EDGE('',*,*,#8333,.F.) ;
#8362=ORIENTED_EDGE('',*,*,#8357,.F.) ;
#8383=ORIENTED_EDGE('',*,*,#8376,.T.) ;
#8384=ORIENTED_EDGE('',*,*,#4119,.F.) ;
#8385=ORIENTED_EDGE('',*,*,#8352,.F.) ;
#8386=ORIENTED_EDGE('',*,*,#8381,.F.) ;
#8407=ORIENTED_EDGE('',*,*,#8400,.T.) ;
#8408=ORIENTED_EDGE('',*,*,#4144,.F.) ;
#8409=ORIENTED_EDGE('',*,*,#8376,.F.) ;
#8410=ORIENTED_EDGE('',*,*,#8405,.F.) ;
#8426=ORIENTED_EDGE('',*,*,#8419,.T.) ;
#8427=ORIENTED_EDGE('',*,*,#4169,.F.) ;
#8428=ORIENTED_EDGE('',*,*,#8400,.F.) ;
#8429=ORIENTED_EDGE('',*,*,#8424,.F.) ;
#8450=ORIENTED_EDGE('',*,*,#8443,.T.) ;
#8451=ORIENTED_EDGE('',*,*,#4186,.F.) ;
#8452=ORIENTED_EDGE('',*,*,#8419,.F.) ;
#8453=ORIENTED_EDGE('',*,*,#8448,.F.) ;
#8469=ORIENTED_EDGE('',*,*,#8462,.T.) ;
#8470=ORIENTED_EDGE('',*,*,#3853,.F.) ;
#8471=ORIENTED_EDGE('',*,*,#8443,.F.) ;
#8472=ORIENTED_EDGE('',*,*,#8467,.F.) ;
#8493=ORIENTED_EDGE('',*,*,#8486,.T.) ;
#8494=ORIENTED_EDGE('',*,*,#3889,.F.) ;
#8495=ORIENTED_EDGE('',*,*,#8462,.F.) ;
#8496=ORIENTED_EDGE('',*,*,#8491,.F.) ;
#8510=ORIENTED_EDGE('',*,*,#8309,.T.) ;
#8511=ORIENTED_EDGE('',*,*,#3914,.F.) ;
#8512=ORIENTED_EDGE('',*,*,#8486,.F.) ;
#8513=ORIENTED_EDGE('',*,*,#8508,.F.) ;
#8544=ORIENTED_EDGE('',*,*,#8529,.F.) ;
#8545=ORIENTED_EDGE('',*,*,#8536,.T.) ;
#8546=ORIENTED_EDGE('',*,*,#8424,.T.) ;
#8547=ORIENTED_EDGE('',*,*,#8542,.T.) ;
#8569=ORIENTED_EDGE('',*,*,#8561,.F.) ;
#8570=ORIENTED_EDGE('',*,*,#8567,.T.) ;
#8571=ORIENTED_EDGE('',*,*,#8448,.T.) ;
#8572=ORIENTED_EDGE('',*,*,#8536,.F.) ;
#8595=ORIENTED_EDGE('',*,*,#8586,.F.) ;
#8596=ORIENTED_EDGE('',*,*,#8593,.T.) ;
#8597=ORIENTED_EDGE('',*,*,#8467,.T.) ;
#8598=ORIENTED_EDGE('',*,*,#8567,.F.) ;
#8631=ORIENTED_EDGE('',*,*,#8612,.F.) ;
#8632=ORIENTED_EDGE('',*,*,#8629,.F.) ;
#8633=ORIENTED_EDGE('',*,*,#8491,.T.) ;
#8634=ORIENTED_EDGE('',*,*,#8593,.F.) ;
#8656=ORIENTED_EDGE('',*,*,#8648,.F.) ;
#8657=ORIENTED_EDGE('',*,*,#8654,.T.) ;
#8658=ORIENTED_EDGE('',*,*,#8508,.T.) ;
#8659=ORIENTED_EDGE('',*,*,#8629,.T.) ;
#8682=ORIENTED_EDGE('',*,*,#8673,.F.) ;
#8683=ORIENTED_EDGE('',*,*,#8680,.T.) ;
#8684=ORIENTED_EDGE('',*,*,#8314,.T.) ;
#8685=ORIENTED_EDGE('',*,*,#8654,.F.) ;
#8707=ORIENTED_EDGE('',*,*,#8699,.F.) ;
#8708=ORIENTED_EDGE('',*,*,#8705,.T.) ;
#8709=ORIENTED_EDGE('',*,*,#8271,.T.) ;
#8710=ORIENTED_EDGE('',*,*,#8680,.F.) ;
#8733=ORIENTED_EDGE('',*,*,#8724,.F.) ;
#8734=ORIENTED_EDGE('',*,*,#8731,.T.) ;
#8735=ORIENTED_EDGE('',*,*,#8247,.T.) ;
#8736=ORIENTED_EDGE('',*,*,#8705,.F.) ;
#8772=ORIENTED_EDGE('',*,*,#8750,.F.) ;
#8773=ORIENTED_EDGE('',*,*,#8770,.F.) ;
#8774=ORIENTED_EDGE('',*,*,#8295,.T.) ;
#8775=ORIENTED_EDGE('',*,*,#8731,.F.) ;
#8797=ORIENTED_EDGE('',*,*,#8789,.F.) ;
#8798=ORIENTED_EDGE('',*,*,#8795,.T.) ;
#8799=ORIENTED_EDGE('',*,*,#8338,.T.) ;
#8800=ORIENTED_EDGE('',*,*,#8770,.T.) ;
#8822=ORIENTED_EDGE('',*,*,#8814,.F.) ;
#8823=ORIENTED_EDGE('',*,*,#8820,.T.) ;
#8824=ORIENTED_EDGE('',*,*,#8357,.T.) ;
#8825=ORIENTED_EDGE('',*,*,#8795,.F.) ;
#8861=ORIENTED_EDGE('',*,*,#8839,.F.) ;
#8862=ORIENTED_EDGE('',*,*,#8859,.F.) ;
#8863=ORIENTED_EDGE('',*,*,#8381,.T.) ;
#8864=ORIENTED_EDGE('',*,*,#8820,.F.) ;
#8878=ORIENTED_EDGE('',*,*,#8876,.F.) ;
#8879=ORIENTED_EDGE('',*,*,#8542,.F.) ;
#8880=ORIENTED_EDGE('',*,*,#8405,.T.) ;
#8881=ORIENTED_EDGE('',*,*,#8859,.T.) ;
#8904=ORIENTED_EDGE('',*,*,#8890,.T.) ;
#8905=ORIENTED_EDGE('',*,*,#5906,.F.) ;
#8906=ORIENTED_EDGE('',*,*,#8897,.F.) ;
#8907=ORIENTED_EDGE('',*,*,#8902,.F.) ;
#8928=ORIENTED_EDGE('',*,*,#8897,.T.) ;
#8929=ORIENTED_EDGE('',*,*,#6174,.F.) ;
#8930=ORIENTED_EDGE('',*,*,#8921,.F.) ;
#8931=ORIENTED_EDGE('',*,*,#8926,.F.) ;
#8952=ORIENTED_EDGE('',*,*,#8945,.T.) ;
#8953=ORIENTED_EDGE('',*,*,#5931,.F.) ;
#8954=ORIENTED_EDGE('',*,*,#8890,.F.) ;
#8955=ORIENTED_EDGE('',*,*,#8950,.F.) ;
#8971=ORIENTED_EDGE('',*,*,#8921,.T.) ;
#8972=ORIENTED_EDGE('',*,*,#6157,.F.) ;
#8973=ORIENTED_EDGE('',*,*,#8964,.F.) ;
#8974=ORIENTED_EDGE('',*,*,#8969,.F.) ;
#8995=ORIENTED_EDGE('',*,*,#8988,.T.) ;
#8996=ORIENTED_EDGE('',*,*,#5956,.F.) ;
#8997=ORIENTED_EDGE('',*,*,#8945,.F.) ;
#8998=ORIENTED_EDGE('',*,*,#8993,.F.) ;
#9019=ORIENTED_EDGE('',*,*,#9012,.T.) ;
#9020=ORIENTED_EDGE('',*,*,#5981,.F.) ;
#9021=ORIENTED_EDGE('',*,*,#8988,.F.) ;
#9022=ORIENTED_EDGE('',*,*,#9017,.F.) ;
#9043=ORIENTED_EDGE('',*,*,#9036,.T.) ;
#9044=ORIENTED_EDGE('',*,*,#6006,.F.) ;
#9045=ORIENTED_EDGE('',*,*,#9012,.F.) ;
#9046=ORIENTED_EDGE('',*,*,#9041,.F.) ;
#9067=ORIENTED_EDGE('',*,*,#9060,.T.) ;
#9068=ORIENTED_EDGE('',*,*,#6031,.F.) ;
#9069=ORIENTED_EDGE('',*,*,#9036,.F.) ;
#9070=ORIENTED_EDGE('',*,*,#9065,.F.) ;
#9091=ORIENTED_EDGE('',*,*,#9084,.T.) ;
#9092=ORIENTED_EDGE('',*,*,#6056,.F.) ;
#9093=ORIENTED_EDGE('',*,*,#9060,.F.) ;
#9094=ORIENTED_EDGE('',*,*,#9089,.F.) ;
#9115=ORIENTED_EDGE('',*,*,#9108,.T.) ;
#9116=ORIENTED_EDGE('',*,*,#6081,.F.) ;
#9117=ORIENTED_EDGE('',*,*,#9084,.F.) ;
#9118=ORIENTED_EDGE('',*,*,#9113,.F.) ;
#9139=ORIENTED_EDGE('',*,*,#9132,.T.) ;
#9140=ORIENTED_EDGE('',*,*,#6107,.F.) ;
#9141=ORIENTED_EDGE('',*,*,#9108,.F.) ;
#9142=ORIENTED_EDGE('',*,*,#9137,.F.) ;
#9156=ORIENTED_EDGE('',*,*,#8964,.T.) ;
#9157=ORIENTED_EDGE('',*,*,#6132,.F.) ;
#9158=ORIENTED_EDGE('',*,*,#9132,.F.) ;
#9159=ORIENTED_EDGE('',*,*,#9154,.F.) ;
#9190=ORIENTED_EDGE('',*,*,#9175,.F.) ;
#9191=ORIENTED_EDGE('',*,*,#9182,.T.) ;
#9192=ORIENTED_EDGE('',*,*,#8969,.T.) ;
#9193=ORIENTED_EDGE('',*,*,#9188,.T.) ;
#9215=ORIENTED_EDGE('',*,*,#9207,.F.) ;
#9216=ORIENTED_EDGE('',*,*,#9213,.T.) ;
#9217=ORIENTED_EDGE('',*,*,#8926,.T.) ;
#9218=ORIENTED_EDGE('',*,*,#9182,.F.) ;
#9241=ORIENTED_EDGE('',*,*,#9232,.F.) ;
#9242=ORIENTED_EDGE('',*,*,#9239,.T.) ;
#9243=ORIENTED_EDGE('',*,*,#8902,.T.) ;
#9244=ORIENTED_EDGE('',*,*,#9213,.F.) ;
#9266=ORIENTED_EDGE('',*,*,#9258,.F.) ;
#9267=ORIENTED_EDGE('',*,*,#9264,.T.) ;
#9268=ORIENTED_EDGE('',*,*,#8950,.T.) ;
#9269=ORIENTED_EDGE('',*,*,#9239,.F.) ;
#9291=ORIENTED_EDGE('',*,*,#9283,.F.) ;
#9292=ORIENTED_EDGE('',*,*,#9289,.F.) ;
#9293=ORIENTED_EDGE('',*,*,#8993,.T.) ;
#9294=ORIENTED_EDGE('',*,*,#9264,.F.) ;
#9317=ORIENTED_EDGE('',*,*,#9308,.F.) ;
#9318=ORIENTED_EDGE('',*,*,#9315,.T.) ;
#9319=ORIENTED_EDGE('',*,*,#9017,.T.) ;
#9320=ORIENTED_EDGE('',*,*,#9289,.T.) ;
#9343=ORIENTED_EDGE('',*,*,#9334,.F.) ;
#9344=ORIENTED_EDGE('',*,*,#9341,.T.) ;
#9345=ORIENTED_EDGE('',*,*,#9041,.T.) ;
#9346=ORIENTED_EDGE('',*,*,#9315,.F.) ;
#9368=ORIENTED_EDGE('',*,*,#9360,.F.) ;
#9369=ORIENTED_EDGE('',*,*,#9366,.T.) ;
#9370=ORIENTED_EDGE('',*,*,#9065,.T.) ;
#9371=ORIENTED_EDGE('',*,*,#9341,.F.) ;
#9393=ORIENTED_EDGE('',*,*,#9385,.F.) ;
#9394=ORIENTED_EDGE('',*,*,#9391,.F.) ;
#9395=ORIENTED_EDGE('',*,*,#9089,.T.) ;
#9396=ORIENTED_EDGE('',*,*,#9366,.F.) ;
#9419=ORIENTED_EDGE('',*,*,#9410,.F.) ;
#9420=ORIENTED_EDGE('',*,*,#9417,.T.) ;
#9421=ORIENTED_EDGE('',*,*,#9113,.T.) ;
#9422=ORIENTED_EDGE('',*,*,#9391,.T.) ;
#9445=ORIENTED_EDGE('',*,*,#9436,.F.) ;
#9446=ORIENTED_EDGE('',*,*,#9443,.T.) ;
#9447=ORIENTED_EDGE('',*,*,#9137,.T.) ;
#9448=ORIENTED_EDGE('',*,*,#9417,.F.) ;
#9462=ORIENTED_EDGE('',*,*,#9460,.F.) ;
#9463=ORIENTED_EDGE('',*,*,#9188,.F.) ;
#9464=ORIENTED_EDGE('',*,*,#9154,.T.) ;
#9465=ORIENTED_EDGE('',*,*,#9443,.F.) ;
#9488=ORIENTED_EDGE('',*,*,#9474,.T.) ;
#9489=ORIENTED_EDGE('',*,*,#6426,.F.) ;
#9490=ORIENTED_EDGE('',*,*,#9481,.F.) ;
#9491=ORIENTED_EDGE('',*,*,#9486,.F.) ;
#9512=ORIENTED_EDGE('',*,*,#9481,.T.) ;
#9513=ORIENTED_EDGE('',*,*,#6401,.F.) ;
#9514=ORIENTED_EDGE('',*,*,#9505,.F.) ;
#9515=ORIENTED_EDGE('',*,*,#9510,.F.) ;
#9536=ORIENTED_EDGE('',*,*,#9529,.T.) ;
#9537=ORIENTED_EDGE('',*,*,#6443,.F.) ;
#9538=ORIENTED_EDGE('',*,*,#9474,.F.) ;
#9539=ORIENTED_EDGE('',*,*,#9534,.F.) ;
#9555=ORIENTED_EDGE('',*,*,#9505,.T.) ;
#9556=ORIENTED_EDGE('',*,*,#6376,.F.) ;
#9557=ORIENTED_EDGE('',*,*,#9548,.F.) ;
#9558=ORIENTED_EDGE('',*,*,#9553,.F.) ;
#9574=ORIENTED_EDGE('',*,*,#9567,.T.) ;
#9575=ORIENTED_EDGE('',*,*,#6275,.F.) ;
#9576=ORIENTED_EDGE('',*,*,#9529,.F.) ;
#9577=ORIENTED_EDGE('',*,*,#9572,.F.) ;
#9598=ORIENTED_EDGE('',*,*,#9591,.T.) ;
#9599=ORIENTED_EDGE('',*,*,#6300,.F.) ;
#9600=ORIENTED_EDGE('',*,*,#9567,.F.) ;
#9601=ORIENTED_EDGE('',*,*,#9596,.F.) ;
#9617=ORIENTED_EDGE('',*,*,#9610,.T.) ;
#9618=ORIENTED_EDGE('',*,*,#6326,.F.) ;
#9619=ORIENTED_EDGE('',*,*,#9591,.F.) ;
#9620=ORIENTED_EDGE('',*,*,#9615,.F.) ;
#9634=ORIENTED_EDGE('',*,*,#9548,.T.) ;
#9635=ORIENTED_EDGE('',*,*,#6351,.F.) ;
#9636=ORIENTED_EDGE('',*,*,#9610,.F.) ;
#9637=ORIENTED_EDGE('',*,*,#9632,.F.) ;
#9646=ORIENTED_EDGE('',*,*,#2317,.T.) ;
#9647=ORIENTED_EDGE('',*,*,#3499,.T.) ;
#9648=ORIENTED_EDGE('',*,*,#3707,.T.) ;
#9649=ORIENTED_EDGE('',*,*,#3690,.T.) ;
#9650=ORIENTED_EDGE('',*,*,#3666,.T.) ;
#9651=ORIENTED_EDGE('',*,*,#3065,.T.) ;
#9652=ORIENTED_EDGE('',*,*,#2887,.F.) ;
#9653=ORIENTED_EDGE('',*,*,#2916,.F.) ;
#9654=ORIENTED_EDGE('',*,*,#2943,.F.) ;
#9655=ORIENTED_EDGE('',*,*,#2209,.T.) ;
#9656=ORIENTED_EDGE('',*,*,#1829,.F.) ;
#9657=ORIENTED_EDGE('',*,*,#1855,.F.) ;
#9658=ORIENTED_EDGE('',*,*,#1886,.F.) ;
#9659=ORIENTED_EDGE('',*,*,#1915,.F.) ;
#9660=ORIENTED_EDGE('',*,*,#1944,.F.) ;
#9719=ORIENTED_EDGE('',*,*,#9670,.T.) ;
#9720=ORIENTED_EDGE('',*,*,#9677,.T.) ;
#9721=ORIENTED_EDGE('',*,*,#9684,.T.) ;
#9722=ORIENTED_EDGE('',*,*,#9691,.T.) ;
#9723=ORIENTED_EDGE('',*,*,#9698,.T.) ;
#9724=ORIENTED_EDGE('',*,*,#9705,.T.) ;
#9725=ORIENTED_EDGE('',*,*,#9712,.T.) ;
#9726=ORIENTED_EDGE('',*,*,#9717,.T.) ;
#9729=ORIENTED_EDGE('',*,*,#9175,.T.) ;
#9730=ORIENTED_EDGE('',*,*,#9460,.T.) ;
#9731=ORIENTED_EDGE('',*,*,#9436,.T.) ;
#9732=ORIENTED_EDGE('',*,*,#9410,.T.) ;
#9733=ORIENTED_EDGE('',*,*,#9385,.T.) ;
#9734=ORIENTED_EDGE('',*,*,#9360,.T.) ;
#9735=ORIENTED_EDGE('',*,*,#9334,.T.) ;
#9736=ORIENTED_EDGE('',*,*,#9308,.T.) ;
#9737=ORIENTED_EDGE('',*,*,#9283,.T.) ;
#9738=ORIENTED_EDGE('',*,*,#9258,.T.) ;
#9739=ORIENTED_EDGE('',*,*,#9232,.T.) ;
#9740=ORIENTED_EDGE('',*,*,#9207,.T.) ;
#9743=ORIENTED_EDGE('',*,*,#8529,.T.) ;
#9744=ORIENTED_EDGE('',*,*,#8876,.T.) ;
#9745=ORIENTED_EDGE('',*,*,#8839,.T.) ;
#9746=ORIENTED_EDGE('',*,*,#8814,.T.) ;
#9747=ORIENTED_EDGE('',*,*,#8789,.T.) ;
#9748=ORIENTED_EDGE('',*,*,#8750,.T.) ;
#9749=ORIENTED_EDGE('',*,*,#8724,.T.) ;
#9750=ORIENTED_EDGE('',*,*,#8699,.T.) ;
#9751=ORIENTED_EDGE('',*,*,#8673,.T.) ;
#9752=ORIENTED_EDGE('',*,*,#8648,.T.) ;
#9753=ORIENTED_EDGE('',*,*,#8612,.T.) ;
#9754=ORIENTED_EDGE('',*,*,#8586,.T.) ;
#9755=ORIENTED_EDGE('',*,*,#8561,.T.) ;
#9758=ORIENTED_EDGE('',*,*,#7656,.T.) ;
#9759=ORIENTED_EDGE('',*,*,#8221,.T.) ;
#9760=ORIENTED_EDGE('',*,*,#8197,.T.) ;
#9761=ORIENTED_EDGE('',*,*,#8172,.T.) ;
#9762=ORIENTED_EDGE('',*,*,#8146,.T.) ;
#9763=ORIENTED_EDGE('',*,*,#8120,.T.) ;
#9764=ORIENTED_EDGE('',*,*,#8094,.T.) ;
#9765=ORIENTED_EDGE('',*,*,#8068,.T.) ;
#9766=ORIENTED_EDGE('',*,*,#8042,.T.) ;
#9767=ORIENTED_EDGE('',*,*,#8017,.T.) ;
#9768=ORIENTED_EDGE('',*,*,#7992,.T.) ;
#9769=ORIENTED_EDGE('',*,*,#7967,.T.) ;
#9770=ORIENTED_EDGE('',*,*,#7941,.T.) ;
#9771=ORIENTED_EDGE('',*,*,#7916,.T.) ;
#9772=ORIENTED_EDGE('',*,*,#7890,.T.) ;
#9773=ORIENTED_EDGE('',*,*,#7864,.T.) ;
#9774=ORIENTED_EDGE('',*,*,#7839,.T.) ;
#9775=ORIENTED_EDGE('',*,*,#7813,.T.) ;
#9776=ORIENTED_EDGE('',*,*,#7788,.T.) ;
#9777=ORIENTED_EDGE('',*,*,#7763,.T.) ;
#9778=ORIENTED_EDGE('',*,*,#7738,.T.) ;
#9779=ORIENTED_EDGE('',*,*,#7713,.T.) ;
#9780=ORIENTED_EDGE('',*,*,#7688,.T.) ;
#9783=ORIENTED_EDGE('',*,*,#6776,.T.) ;
#9784=ORIENTED_EDGE('',*,*,#7088,.T.) ;
#9785=ORIENTED_EDGE('',*,*,#7064,.T.) ;
#9786=ORIENTED_EDGE('',*,*,#7039,.T.) ;
#9787=ORIENTED_EDGE('',*,*,#7013,.T.) ;
#9788=ORIENTED_EDGE('',*,*,#6987,.T.) ;
#9789=ORIENTED_EDGE('',*,*,#6962,.T.) ;
#9790=ORIENTED_EDGE('',*,*,#6936,.T.) ;
#9791=ORIENTED_EDGE('',*,*,#6910,.T.) ;
#9792=ORIENTED_EDGE('',*,*,#6885,.T.) ;
#9793=ORIENTED_EDGE('',*,*,#6859,.T.) ;
#9794=ORIENTED_EDGE('',*,*,#6834,.T.) ;
#9795=ORIENTED_EDGE('',*,*,#6809,.T.) ;
#9798=ORIENTED_EDGE('',*,*,#852,.F.) ;
#9799=ORIENTED_EDGE('',*,*,#874,.F.) ;
#9802=ORIENTED_EDGE('',*,*,#900,.F.) ;
#9803=ORIENTED_EDGE('',*,*,#922,.F.) ;
#9806=ORIENTED_EDGE('',*,*,#948,.F.) ;
#9807=ORIENTED_EDGE('',*,*,#970,.F.) ;
#9810=ORIENTED_EDGE('',*,*,#996,.F.) ;
#9811=ORIENTED_EDGE('',*,*,#1018,.F.) ;
#9814=ORIENTED_EDGE('',*,*,#1044,.F.) ;
#9815=ORIENTED_EDGE('',*,*,#1066,.F.) ;
#9818=ORIENTED_EDGE('',*,*,#1092,.F.) ;
#9819=ORIENTED_EDGE('',*,*,#1114,.F.) ;
#9841=ORIENTED_EDGE('',*,*,#9670,.F.) ;
#9842=ORIENTED_EDGE('',*,*,#9833,.T.) ;
#9843=ORIENTED_EDGE('',*,*,#9486,.T.) ;
#9844=ORIENTED_EDGE('',*,*,#9839,.T.) ;
#9860=ORIENTED_EDGE('',*,*,#9717,.F.) ;
#9861=ORIENTED_EDGE('',*,*,#9858,.T.) ;
#9862=ORIENTED_EDGE('',*,*,#9534,.T.) ;
#9863=ORIENTED_EDGE('',*,*,#9833,.F.) ;
#9879=ORIENTED_EDGE('',*,*,#9712,.F.) ;
#9880=ORIENTED_EDGE('',*,*,#9877,.T.) ;
#9881=ORIENTED_EDGE('',*,*,#9572,.T.) ;
#9882=ORIENTED_EDGE('',*,*,#9858,.F.) ;
#9897=ORIENTED_EDGE('',*,*,#9705,.F.) ;
#9898=ORIENTED_EDGE('',*,*,#9895,.T.) ;
#9899=ORIENTED_EDGE('',*,*,#9596,.T.) ;
#9900=ORIENTED_EDGE('',*,*,#9877,.F.) ;
#9916=ORIENTED_EDGE('',*,*,#9698,.F.) ;
#9917=ORIENTED_EDGE('',*,*,#9914,.T.) ;
#9918=ORIENTED_EDGE('',*,*,#9615,.T.) ;
#9919=ORIENTED_EDGE('',*,*,#9895,.F.) ;
#9934=ORIENTED_EDGE('',*,*,#9691,.F.) ;
#9935=ORIENTED_EDGE('',*,*,#9932,.T.) ;
#9936=ORIENTED_EDGE('',*,*,#9632,.T.) ;
#9937=ORIENTED_EDGE('',*,*,#9914,.F.) ;
#9952=ORIENTED_EDGE('',*,*,#9684,.F.) ;
#9953=ORIENTED_EDGE('',*,*,#9950,.F.) ;
#9954=ORIENTED_EDGE('',*,*,#9553,.T.) ;
#9955=ORIENTED_EDGE('',*,*,#9932,.F.) ;
#9964=ORIENTED_EDGE('',*,*,#9677,.F.) ;
#9965=ORIENTED_EDGE('',*,*,#9839,.F.) ;
#9966=ORIENTED_EDGE('',*,*,#9510,.T.) ;
#9967=ORIENTED_EDGE('',*,*,#9950,.T.) ;
#10048=ORIENTED_EDGE('',*,*,#9978,.F.) ;
#10049=ORIENTED_EDGE('',*,*,#9985,.F.) ;
#10050=ORIENTED_EDGE('',*,*,#9992,.F.) ;
#10051=ORIENTED_EDGE('',*,*,#9999,.F.) ;
#10052=ORIENTED_EDGE('',*,*,#10006,.F.) ;
#10053=ORIENTED_EDGE('',*,*,#10013,.F.) ;
#10054=ORIENTED_EDGE('',*,*,#10020,.F.) ;
#10055=ORIENTED_EDGE('',*,*,#10027,.F.) ;
#10056=ORIENTED_EDGE('',*,*,#10034,.F.) ;
#10057=ORIENTED_EDGE('',*,*,#10041,.F.) ;
#10058=ORIENTED_EDGE('',*,*,#10046,.F.) ;
#10086=ORIENTED_EDGE('',*,*,#10072,.T.) ;
#10087=ORIENTED_EDGE('',*,*,#4776,.T.) ;
#10088=ORIENTED_EDGE('',*,*,#10079,.F.) ;
#10089=ORIENTED_EDGE('',*,*,#10084,.T.) ;
#10105=ORIENTED_EDGE('',*,*,#10098,.T.) ;
#10106=ORIENTED_EDGE('',*,*,#4744,.T.) ;
#10107=ORIENTED_EDGE('',*,*,#10072,.F.) ;
#10108=ORIENTED_EDGE('',*,*,#10103,.T.) ;
#10129=ORIENTED_EDGE('',*,*,#10122,.T.) ;
#10130=ORIENTED_EDGE('',*,*,#4998,.T.) ;
#10131=ORIENTED_EDGE('',*,*,#10098,.F.) ;
#10132=ORIENTED_EDGE('',*,*,#10127,.T.) ;
#10153=ORIENTED_EDGE('',*,*,#10146,.T.) ;
#10154=ORIENTED_EDGE('',*,*,#4981,.T.) ;
#10155=ORIENTED_EDGE('',*,*,#10122,.F.) ;
#10156=ORIENTED_EDGE('',*,*,#10151,.T.) ;
#10177=ORIENTED_EDGE('',*,*,#10170,.T.) ;
#10178=ORIENTED_EDGE('',*,*,#4955,.T.) ;
#10179=ORIENTED_EDGE('',*,*,#10146,.F.) ;
#10180=ORIENTED_EDGE('',*,*,#10175,.T.) ;
#10201=ORIENTED_EDGE('',*,*,#10194,.T.) ;
#10202=ORIENTED_EDGE('',*,*,#4929,.T.) ;
#10203=ORIENTED_EDGE('',*,*,#10170,.F.) ;
#10204=ORIENTED_EDGE('',*,*,#10199,.T.) ;
#10225=ORIENTED_EDGE('',*,*,#10218,.T.) ;
#10226=ORIENTED_EDGE('',*,*,#4903,.T.) ;
#10227=ORIENTED_EDGE('',*,*,#10194,.F.) ;
#10228=ORIENTED_EDGE('',*,*,#10223,.T.) ;
#10249=ORIENTED_EDGE('',*,*,#10242,.T.) ;
#10250=ORIENTED_EDGE('',*,*,#4878,.T.) ;
#10251=ORIENTED_EDGE('',*,*,#10218,.F.) ;
#10252=ORIENTED_EDGE('',*,*,#10247,.T.) ;
#10273=ORIENTED_EDGE('',*,*,#10266,.T.) ;
#10274=ORIENTED_EDGE('',*,*,#4853,.T.) ;
#10275=ORIENTED_EDGE('',*,*,#10242,.F.) ;
#10276=ORIENTED_EDGE('',*,*,#10271,.T.) ;
#10297=ORIENTED_EDGE('',*,*,#10290,.T.) ;
#10298=ORIENTED_EDGE('',*,*,#4827,.T.) ;
#10299=ORIENTED_EDGE('',*,*,#10266,.F.) ;
#10300=ORIENTED_EDGE('',*,*,#10295,.T.) ;
#10314=ORIENTED_EDGE('',*,*,#10079,.T.) ;
#10315=ORIENTED_EDGE('',*,*,#4801,.T.) ;
#10316=ORIENTED_EDGE('',*,*,#10290,.F.) ;
#10317=ORIENTED_EDGE('',*,*,#10312,.T.) ;
#10338=ORIENTED_EDGE('',*,*,#10312,.F.) ;
#10339=ORIENTED_EDGE('',*,*,#10330,.F.) ;
#10340=ORIENTED_EDGE('',*,*,#10046,.T.) ;
#10341=ORIENTED_EDGE('',*,*,#10336,.F.) ;
#10356=ORIENTED_EDGE('',*,*,#10295,.F.) ;
#10357=ORIENTED_EDGE('',*,*,#10354,.T.) ;
#10358=ORIENTED_EDGE('',*,*,#9978,.T.) ;
#10359=ORIENTED_EDGE('',*,*,#10330,.T.) ;
#10374=ORIENTED_EDGE('',*,*,#10271,.F.) ;
#10375=ORIENTED_EDGE('',*,*,#10372,.T.) ;
#10376=ORIENTED_EDGE('',*,*,#9985,.T.) ;
#10377=ORIENTED_EDGE('',*,*,#10354,.F.) ;
#10393=ORIENTED_EDGE('',*,*,#10247,.F.) ;
#10394=ORIENTED_EDGE('',*,*,#10391,.T.) ;
#10395=ORIENTED_EDGE('',*,*,#9992,.T.) ;
#10396=ORIENTED_EDGE('',*,*,#10372,.F.) ;
#10411=ORIENTED_EDGE('',*,*,#10223,.F.) ;
#10412=ORIENTED_EDGE('',*,*,#10409,.T.) ;
#10413=ORIENTED_EDGE('',*,*,#9999,.T.) ;
#10414=ORIENTED_EDGE('',*,*,#10391,.F.) ;
#10430=ORIENTED_EDGE('',*,*,#10199,.F.) ;
#10431=ORIENTED_EDGE('',*,*,#10428,.T.) ;
#10432=ORIENTED_EDGE('',*,*,#10006,.T.) ;
#10433=ORIENTED_EDGE('',*,*,#10409,.F.) ;
#10449=ORIENTED_EDGE('',*,*,#10175,.F.) ;
#10450=ORIENTED_EDGE('',*,*,#10447,.T.) ;
#10451=ORIENTED_EDGE('',*,*,#10013,.T.) ;
#10452=ORIENTED_EDGE('',*,*,#10428,.F.) ;
#10468=ORIENTED_EDGE('',*,*,#10151,.F.) ;
#10469=ORIENTED_EDGE('',*,*,#10466,.T.) ;
#10470=ORIENTED_EDGE('',*,*,#10020,.T.) ;
#10471=ORIENTED_EDGE('',*,*,#10447,.F.) ;
#10487=ORIENTED_EDGE('',*,*,#10127,.F.) ;
#10488=ORIENTED_EDGE('',*,*,#10485,.T.) ;
#10489=ORIENTED_EDGE('',*,*,#10027,.T.) ;
#10490=ORIENTED_EDGE('',*,*,#10466,.F.) ;
#10505=ORIENTED_EDGE('',*,*,#10103,.F.) ;
#10506=ORIENTED_EDGE('',*,*,#10503,.T.) ;
#10507=ORIENTED_EDGE('',*,*,#10034,.T.) ;
#10508=ORIENTED_EDGE('',*,*,#10485,.F.) ;
#10517=ORIENTED_EDGE('',*,*,#10084,.F.) ;
#10518=ORIENTED_EDGE('',*,*,#10336,.T.) ;
#10519=ORIENTED_EDGE('',*,*,#10041,.T.) ;
#10520=ORIENTED_EDGE('',*,*,#10503,.F.) ;
#10561=ORIENTED_EDGE('',*,*,#10540,.T.) ;
#10562=ORIENTED_EDGE('',*,*,#10547,.T.) ;
#10563=ORIENTED_EDGE('',*,*,#10554,.F.) ;
#10564=ORIENTED_EDGE('',*,*,#10559,.F.) ;
#10583=ORIENTED_EDGE('',*,*,#10576,.T.) ;
#10584=ORIENTED_EDGE('',*,*,#10559,.T.) ;
#10585=ORIENTED_EDGE('',*,*,#10581,.F.) ;
#10586=ORIENTED_EDGE('',*,*,#10547,.F.) ;
#10700=ORIENTED_EDGE('',*,*,#10602,.T.) ;
#10701=ORIENTED_EDGE('',*,*,#10609,.T.) ;
#10702=ORIENTED_EDGE('',*,*,#10616,.T.) ;
#10703=ORIENTED_EDGE('',*,*,#10623,.T.) ;
#10704=ORIENTED_EDGE('',*,*,#10630,.T.) ;
#10705=ORIENTED_EDGE('',*,*,#10637,.T.) ;
#10706=ORIENTED_EDGE('',*,*,#10644,.T.) ;
#10707=ORIENTED_EDGE('',*,*,#10651,.T.) ;
#10708=ORIENTED_EDGE('',*,*,#10658,.T.) ;
#10709=ORIENTED_EDGE('',*,*,#10665,.T.) ;
#10710=ORIENTED_EDGE('',*,*,#10672,.T.) ;
#10711=ORIENTED_EDGE('',*,*,#10679,.T.) ;
#10712=ORIENTED_EDGE('',*,*,#10686,.T.) ;
#10713=ORIENTED_EDGE('',*,*,#10693,.T.) ;
#10714=ORIENTED_EDGE('',*,*,#10698,.T.) ;
#10717=ORIENTED_EDGE('',*,*,#10540,.F.) ;
#10718=ORIENTED_EDGE('',*,*,#10576,.F.) ;
#10735=ORIENTED_EDGE('',*,*,#10728,.F.) ;
#10736=ORIENTED_EDGE('',*,*,#10733,.F.) ;
#10753=ORIENTED_EDGE('',*,*,#10746,.F.) ;
#10754=ORIENTED_EDGE('',*,*,#10751,.F.) ;
#10771=ORIENTED_EDGE('',*,*,#10764,.F.) ;
#10772=ORIENTED_EDGE('',*,*,#10769,.F.) ;
#10789=ORIENTED_EDGE('',*,*,#10782,.F.) ;
#10790=ORIENTED_EDGE('',*,*,#10787,.F.) ;
#10807=ORIENTED_EDGE('',*,*,#10800,.F.) ;
#10808=ORIENTED_EDGE('',*,*,#10805,.F.) ;
#10836=ORIENTED_EDGE('',*,*,#10822,.F.) ;
#10837=ORIENTED_EDGE('',*,*,#10829,.F.) ;
#10838=ORIENTED_EDGE('',*,*,#10834,.T.) ;
#10839=ORIENTED_EDGE('',*,*,#10554,.T.) ;
#10848=ORIENTED_EDGE('',*,*,#10834,.F.) ;
#10849=ORIENTED_EDGE('',*,*,#10846,.F.) ;
#10850=ORIENTED_EDGE('',*,*,#10822,.T.) ;
#10851=ORIENTED_EDGE('',*,*,#10581,.T.) ;
#10879=ORIENTED_EDGE('',*,*,#10728,.T.) ;
#10880=ORIENTED_EDGE('',*,*,#10865,.T.) ;
#10881=ORIENTED_EDGE('',*,*,#10872,.F.) ;
#10882=ORIENTED_EDGE('',*,*,#10877,.F.) ;
#10896=ORIENTED_EDGE('',*,*,#10733,.T.) ;
#10897=ORIENTED_EDGE('',*,*,#10877,.T.) ;
#10898=ORIENTED_EDGE('',*,*,#10894,.F.) ;
#10899=ORIENTED_EDGE('',*,*,#10865,.F.) ;
#10927=ORIENTED_EDGE('',*,*,#10913,.F.) ;
#10928=ORIENTED_EDGE('',*,*,#10920,.F.) ;
#10929=ORIENTED_EDGE('',*,*,#10925,.T.) ;
#10930=ORIENTED_EDGE('',*,*,#10872,.T.) ;
#10939=ORIENTED_EDGE('',*,*,#10925,.F.) ;
#10940=ORIENTED_EDGE('',*,*,#10937,.F.) ;
#10941=ORIENTED_EDGE('',*,*,#10913,.T.) ;
#10942=ORIENTED_EDGE('',*,*,#10894,.T.) ;
#10970=ORIENTED_EDGE('',*,*,#10746,.T.) ;
#10971=ORIENTED_EDGE('',*,*,#10956,.T.) ;
#10972=ORIENTED_EDGE('',*,*,#10963,.F.) ;
#10973=ORIENTED_EDGE('',*,*,#10968,.F.) ;
#10987=ORIENTED_EDGE('',*,*,#10751,.T.) ;
#10988=ORIENTED_EDGE('',*,*,#10968,.T.) ;
#10989=ORIENTED_EDGE('',*,*,#10985,.F.) ;
#10990=ORIENTED_EDGE('',*,*,#10956,.F.) ;
#11018=ORIENTED_EDGE('',*,*,#11004,.F.) ;
#11019=ORIENTED_EDGE('',*,*,#11011,.F.) ;
#11020=ORIENTED_EDGE('',*,*,#11016,.T.) ;
#11021=ORIENTED_EDGE('',*,*,#10985,.T.) ;
#11030=ORIENTED_EDGE('',*,*,#11016,.F.) ;
#11031=ORIENTED_EDGE('',*,*,#11028,.F.) ;
#11032=ORIENTED_EDGE('',*,*,#11004,.T.) ;
#11033=ORIENTED_EDGE('',*,*,#10963,.T.) ;
#11061=ORIENTED_EDGE('',*,*,#10764,.T.) ;
#11062=ORIENTED_EDGE('',*,*,#11047,.T.) ;
#11063=ORIENTED_EDGE('',*,*,#11054,.F.) ;
#11064=ORIENTED_EDGE('',*,*,#11059,.F.) ;
#11078=ORIENTED_EDGE('',*,*,#10769,.T.) ;
#11079=ORIENTED_EDGE('',*,*,#11059,.T.) ;
#11080=ORIENTED_EDGE('',*,*,#11076,.F.) ;
#11081=ORIENTED_EDGE('',*,*,#11047,.F.) ;
#11109=ORIENTED_EDGE('',*,*,#11095,.F.) ;
#11110=ORIENTED_EDGE('',*,*,#11102,.F.) ;
#11111=ORIENTED_EDGE('',*,*,#11107,.T.) ;
#11112=ORIENTED_EDGE('',*,*,#11054,.T.) ;
#11121=ORIENTED_EDGE('',*,*,#11107,.F.) ;
#11122=ORIENTED_EDGE('',*,*,#11119,.F.) ;
#11123=ORIENTED_EDGE('',*,*,#11095,.T.) ;
#11124=ORIENTED_EDGE('',*,*,#11076,.T.) ;
#11152=ORIENTED_EDGE('',*,*,#10782,.T.) ;
#11153=ORIENTED_EDGE('',*,*,#11138,.T.) ;
#11154=ORIENTED_EDGE('',*,*,#11145,.F.) ;
#11155=ORIENTED_EDGE('',*,*,#11150,.F.) ;
#11169=ORIENTED_EDGE('',*,*,#10787,.T.) ;
#11170=ORIENTED_EDGE('',*,*,#11150,.T.) ;
#11171=ORIENTED_EDGE('',*,*,#11167,.F.) ;
#11172=ORIENTED_EDGE('',*,*,#11138,.F.) ;
#11200=ORIENTED_EDGE('',*,*,#11186,.F.) ;
#11201=ORIENTED_EDGE('',*,*,#11193,.F.) ;
#11202=ORIENTED_EDGE('',*,*,#11198,.T.) ;
#11203=ORIENTED_EDGE('',*,*,#11145,.T.) ;
#11212=ORIENTED_EDGE('',*,*,#11198,.F.) ;
#11213=ORIENTED_EDGE('',*,*,#11210,.F.) ;
#11214=ORIENTED_EDGE('',*,*,#11186,.T.) ;
#11215=ORIENTED_EDGE('',*,*,#11167,.T.) ;
#11243=ORIENTED_EDGE('',*,*,#10800,.T.) ;
#11244=ORIENTED_EDGE('',*,*,#11229,.T.) ;
#11245=ORIENTED_EDGE('',*,*,#11236,.F.) ;
#11246=ORIENTED_EDGE('',*,*,#11241,.F.) ;
#11260=ORIENTED_EDGE('',*,*,#10805,.T.) ;
#11261=ORIENTED_EDGE('',*,*,#11241,.T.) ;
#11262=ORIENTED_EDGE('',*,*,#11258,.F.) ;
#11263=ORIENTED_EDGE('',*,*,#11229,.F.) ;
#11291=ORIENTED_EDGE('',*,*,#11277,.F.) ;
#11292=ORIENTED_EDGE('',*,*,#11284,.F.) ;
#11293=ORIENTED_EDGE('',*,*,#11289,.T.) ;
#11294=ORIENTED_EDGE('',*,*,#11236,.T.) ;
#11303=ORIENTED_EDGE('',*,*,#11289,.F.) ;
#11304=ORIENTED_EDGE('',*,*,#11301,.F.) ;
#11305=ORIENTED_EDGE('',*,*,#11277,.T.) ;
#11306=ORIENTED_EDGE('',*,*,#11258,.T.) ;
#11334=ORIENTED_EDGE('',*,*,#11028,.T.) ;
#11335=ORIENTED_EDGE('',*,*,#11320,.T.) ;
#11336=ORIENTED_EDGE('',*,*,#11327,.F.) ;
#11337=ORIENTED_EDGE('',*,*,#11332,.F.) ;
#11351=ORIENTED_EDGE('',*,*,#11011,.T.) ;
#11352=ORIENTED_EDGE('',*,*,#11332,.T.) ;
#11353=ORIENTED_EDGE('',*,*,#11349,.F.) ;
#11354=ORIENTED_EDGE('',*,*,#11320,.F.) ;
#11382=ORIENTED_EDGE('',*,*,#10937,.T.) ;
#11383=ORIENTED_EDGE('',*,*,#11368,.T.) ;
#11384=ORIENTED_EDGE('',*,*,#11375,.F.) ;
#11385=ORIENTED_EDGE('',*,*,#11380,.F.) ;
#11399=ORIENTED_EDGE('',*,*,#10920,.T.) ;
#11400=ORIENTED_EDGE('',*,*,#11380,.T.) ;
#11401=ORIENTED_EDGE('',*,*,#11397,.F.) ;
#11402=ORIENTED_EDGE('',*,*,#11368,.F.) ;
#11430=ORIENTED_EDGE('',*,*,#10846,.T.) ;
#11431=ORIENTED_EDGE('',*,*,#11416,.T.) ;
#11432=ORIENTED_EDGE('',*,*,#11423,.F.) ;
#11433=ORIENTED_EDGE('',*,*,#11428,.F.) ;
#11447=ORIENTED_EDGE('',*,*,#10829,.T.) ;
#11448=ORIENTED_EDGE('',*,*,#11428,.T.) ;
#11449=ORIENTED_EDGE('',*,*,#11445,.F.) ;
#11450=ORIENTED_EDGE('',*,*,#11416,.F.) ;
#11478=ORIENTED_EDGE('',*,*,#11119,.T.) ;
#11479=ORIENTED_EDGE('',*,*,#11464,.T.) ;
#11480=ORIENTED_EDGE('',*,*,#11471,.F.) ;
#11481=ORIENTED_EDGE('',*,*,#11476,.F.) ;
#11495=ORIENTED_EDGE('',*,*,#11102,.T.) ;
#11496=ORIENTED_EDGE('',*,*,#11476,.T.) ;
#11497=ORIENTED_EDGE('',*,*,#11493,.F.) ;
#11498=ORIENTED_EDGE('',*,*,#11464,.F.) ;
#11526=ORIENTED_EDGE('',*,*,#11210,.T.) ;
#11527=ORIENTED_EDGE('',*,*,#11512,.T.) ;
#11528=ORIENTED_EDGE('',*,*,#11519,.F.) ;
#11529=ORIENTED_EDGE('',*,*,#11524,.F.) ;
#11543=ORIENTED_EDGE('',*,*,#11193,.T.) ;
#11544=ORIENTED_EDGE('',*,*,#11524,.T.) ;
#11545=ORIENTED_EDGE('',*,*,#11541,.F.) ;
#11546=ORIENTED_EDGE('',*,*,#11512,.F.) ;
#11574=ORIENTED_EDGE('',*,*,#11284,.T.) ;
#11575=ORIENTED_EDGE('',*,*,#11560,.T.) ;
#11576=ORIENTED_EDGE('',*,*,#11567,.F.) ;
#11577=ORIENTED_EDGE('',*,*,#11572,.F.) ;
#11591=ORIENTED_EDGE('',*,*,#11301,.T.) ;
#11592=ORIENTED_EDGE('',*,*,#11572,.T.) ;
#11593=ORIENTED_EDGE('',*,*,#11589,.F.) ;
#11594=ORIENTED_EDGE('',*,*,#11560,.F.) ;
#11631=ORIENTED_EDGE('',*,*,#11610,.T.) ;
#11632=ORIENTED_EDGE('',*,*,#11617,.T.) ;
#11633=ORIENTED_EDGE('',*,*,#11624,.F.) ;
#11634=ORIENTED_EDGE('',*,*,#11629,.F.) ;
#11653=ORIENTED_EDGE('',*,*,#11646,.T.) ;
#11654=ORIENTED_EDGE('',*,*,#11629,.T.) ;
#11655=ORIENTED_EDGE('',*,*,#11651,.F.) ;
#11656=ORIENTED_EDGE('',*,*,#11617,.F.) ;
#11684=ORIENTED_EDGE('',*,*,#11670,.T.) ;
#11685=ORIENTED_EDGE('',*,*,#11677,.F.) ;
#11686=ORIENTED_EDGE('',*,*,#11682,.F.) ;
#11687=ORIENTED_EDGE('',*,*,#11610,.F.) ;
#11696=ORIENTED_EDGE('',*,*,#11682,.T.) ;
#11697=ORIENTED_EDGE('',*,*,#11694,.F.) ;
#11698=ORIENTED_EDGE('',*,*,#11670,.F.) ;
#11699=ORIENTED_EDGE('',*,*,#11646,.F.) ;
#11743=ORIENTED_EDGE('',*,*,#11715,.F.) ;
#11744=ORIENTED_EDGE('',*,*,#11722,.F.) ;
#11745=ORIENTED_EDGE('',*,*,#11729,.F.) ;
#11746=ORIENTED_EDGE('',*,*,#11736,.T.) ;
#11747=ORIENTED_EDGE('',*,*,#11741,.T.) ;
#11750=ORIENTED_EDGE('',*,*,#11624,.T.) ;
#11751=ORIENTED_EDGE('',*,*,#11651,.T.) ;
#11788=ORIENTED_EDGE('',*,*,#11767,.T.) ;
#11789=ORIENTED_EDGE('',*,*,#11774,.T.) ;
#11790=ORIENTED_EDGE('',*,*,#11781,.F.) ;
#11791=ORIENTED_EDGE('',*,*,#11786,.F.) ;
#11810=ORIENTED_EDGE('',*,*,#11803,.T.) ;
#11811=ORIENTED_EDGE('',*,*,#11786,.T.) ;
#11812=ORIENTED_EDGE('',*,*,#11808,.F.) ;
#11813=ORIENTED_EDGE('',*,*,#11774,.F.) ;
#11836=ORIENTED_EDGE('',*,*,#11822,.T.) ;
#11837=ORIENTED_EDGE('',*,*,#11829,.F.) ;
#11838=ORIENTED_EDGE('',*,*,#11834,.F.) ;
#11839=ORIENTED_EDGE('',*,*,#11767,.F.) ;
#11848=ORIENTED_EDGE('',*,*,#11834,.T.) ;
#11849=ORIENTED_EDGE('',*,*,#11846,.F.) ;
#11850=ORIENTED_EDGE('',*,*,#11822,.F.) ;
#11851=ORIENTED_EDGE('',*,*,#11803,.F.) ;
#11909=ORIENTED_EDGE('',*,*,#11867,.F.) ;
#11910=ORIENTED_EDGE('',*,*,#11874,.F.) ;
#11911=ORIENTED_EDGE('',*,*,#11881,.F.) ;
#11912=ORIENTED_EDGE('',*,*,#11888,.F.) ;
#11913=ORIENTED_EDGE('',*,*,#11895,.F.) ;
#11914=ORIENTED_EDGE('',*,*,#11902,.F.) ;
#11915=ORIENTED_EDGE('',*,*,#11907,.F.) ;
#11918=ORIENTED_EDGE('',*,*,#11808,.T.) ;
#11919=ORIENTED_EDGE('',*,*,#11781,.T.) ;
#11947=ORIENTED_EDGE('',*,*,#11829,.T.) ;
#11948=ORIENTED_EDGE('',*,*,#11933,.T.) ;
#11949=ORIENTED_EDGE('',*,*,#11940,.F.) ;
#11950=ORIENTED_EDGE('',*,*,#11945,.F.) ;
#11964=ORIENTED_EDGE('',*,*,#11846,.T.) ;
#11965=ORIENTED_EDGE('',*,*,#11945,.T.) ;
#11966=ORIENTED_EDGE('',*,*,#11962,.F.) ;
#11967=ORIENTED_EDGE('',*,*,#11933,.F.) ;
#12018=ORIENTED_EDGE('',*,*,#11983,.F.) ;
#12019=ORIENTED_EDGE('',*,*,#11990,.F.) ;
#12020=ORIENTED_EDGE('',*,*,#11997,.F.) ;
#12021=ORIENTED_EDGE('',*,*,#12004,.F.) ;
#12022=ORIENTED_EDGE('',*,*,#12011,.F.) ;
#12023=ORIENTED_EDGE('',*,*,#12016,.T.) ;
#12026=ORIENTED_EDGE('',*,*,#11962,.T.) ;
#12027=ORIENTED_EDGE('',*,*,#11940,.T.) ;
#12055=ORIENTED_EDGE('',*,*,#11694,.T.) ;
#12056=ORIENTED_EDGE('',*,*,#12041,.T.) ;
#12057=ORIENTED_EDGE('',*,*,#12048,.F.) ;
#12058=ORIENTED_EDGE('',*,*,#12053,.F.) ;
#12072=ORIENTED_EDGE('',*,*,#11677,.T.) ;
#12073=ORIENTED_EDGE('',*,*,#12053,.T.) ;
#12074=ORIENTED_EDGE('',*,*,#12070,.F.) ;
#12075=ORIENTED_EDGE('',*,*,#12041,.F.) ;
#12133=ORIENTED_EDGE('',*,*,#12091,.F.) ;
#12134=ORIENTED_EDGE('',*,*,#12098,.F.) ;
#12135=ORIENTED_EDGE('',*,*,#12105,.F.) ;
#12136=ORIENTED_EDGE('',*,*,#12112,.F.) ;
#12137=ORIENTED_EDGE('',*,*,#12119,.F.) ;
#12138=ORIENTED_EDGE('',*,*,#12126,.F.) ;
#12139=ORIENTED_EDGE('',*,*,#12131,.T.) ;
#12142=ORIENTED_EDGE('',*,*,#12070,.T.) ;
#12143=ORIENTED_EDGE('',*,*,#12048,.T.) ;
#12169=ORIENTED_EDGE('',*,*,#12157,.T.) ;
#12170=ORIENTED_EDGE('',*,*,#12162,.T.) ;
#12171=ORIENTED_EDGE('',*,*,#10679,.F.) ;
#12172=ORIENTED_EDGE('',*,*,#12167,.F.) ;
#12186=ORIENTED_EDGE('',*,*,#11867,.T.) ;
#12187=ORIENTED_EDGE('',*,*,#12167,.T.) ;
#12188=ORIENTED_EDGE('',*,*,#10672,.F.) ;
#12189=ORIENTED_EDGE('',*,*,#12184,.F.) ;
#12210=ORIENTED_EDGE('',*,*,#11874,.T.) ;
#12211=ORIENTED_EDGE('',*,*,#12184,.T.) ;
#12212=ORIENTED_EDGE('',*,*,#12203,.F.) ;
#12213=ORIENTED_EDGE('',*,*,#12208,.F.) ;
#12234=ORIENTED_EDGE('',*,*,#11881,.T.) ;
#12235=ORIENTED_EDGE('',*,*,#12208,.T.) ;
#12236=ORIENTED_EDGE('',*,*,#12227,.F.) ;
#12237=ORIENTED_EDGE('',*,*,#12232,.F.) ;
#12258=ORIENTED_EDGE('',*,*,#11888,.T.) ;
#12259=ORIENTED_EDGE('',*,*,#12232,.T.) ;
#12260=ORIENTED_EDGE('',*,*,#12251,.F.) ;
#12261=ORIENTED_EDGE('',*,*,#12256,.F.) ;
#12282=ORIENTED_EDGE('',*,*,#11895,.T.) ;
#12283=ORIENTED_EDGE('',*,*,#12256,.T.) ;
#12284=ORIENTED_EDGE('',*,*,#12275,.F.) ;
#12285=ORIENTED_EDGE('',*,*,#12280,.F.) ;
#12306=ORIENTED_EDGE('',*,*,#11902,.T.) ;
#12307=ORIENTED_EDGE('',*,*,#12280,.T.) ;
#12308=ORIENTED_EDGE('',*,*,#12299,.F.) ;
#12309=ORIENTED_EDGE('',*,*,#12304,.F.) ;
#12337=ORIENTED_EDGE('',*,*,#12323,.T.) ;
#12338=ORIENTED_EDGE('',*,*,#12304,.T.) ;
#12339=ORIENTED_EDGE('',*,*,#12330,.F.) ;
#12340=ORIENTED_EDGE('',*,*,#12335,.F.) ;
#12368=ORIENTED_EDGE('',*,*,#12354,.T.) ;
#12369=ORIENTED_EDGE('',*,*,#12335,.T.) ;
#12370=ORIENTED_EDGE('',*,*,#12361,.F.) ;
#12371=ORIENTED_EDGE('',*,*,#12366,.F.) ;
#12397=ORIENTED_EDGE('',*,*,#12383,.T.) ;
#12398=ORIENTED_EDGE('',*,*,#12366,.T.) ;
#12399=ORIENTED_EDGE('',*,*,#12390,.F.) ;
#12400=ORIENTED_EDGE('',*,*,#12395,.F.) ;
#12421=ORIENTED_EDGE('',*,*,#12091,.T.) ;
#12422=ORIENTED_EDGE('',*,*,#12395,.T.) ;
#12423=ORIENTED_EDGE('',*,*,#12414,.F.) ;
#12424=ORIENTED_EDGE('',*,*,#12419,.F.) ;
#12445=ORIENTED_EDGE('',*,*,#12098,.T.) ;
#12446=ORIENTED_EDGE('',*,*,#12419,.T.) ;
#12447=ORIENTED_EDGE('',*,*,#12438,.F.) ;
#12448=ORIENTED_EDGE('',*,*,#12443,.F.) ;
#12469=ORIENTED_EDGE('',*,*,#12105,.T.) ;
#12470=ORIENTED_EDGE('',*,*,#12443,.T.) ;
#12471=ORIENTED_EDGE('',*,*,#12462,.F.) ;
#12472=ORIENTED_EDGE('',*,*,#12467,.F.) ;
#12493=ORIENTED_EDGE('',*,*,#12112,.T.) ;
#12494=ORIENTED_EDGE('',*,*,#12467,.T.) ;
#12495=ORIENTED_EDGE('',*,*,#12486,.F.) ;
#12496=ORIENTED_EDGE('',*,*,#12491,.F.) ;
#12515=ORIENTED_EDGE('',*,*,#12119,.T.) ;
#12516=ORIENTED_EDGE('',*,*,#12491,.T.) ;
#12517=ORIENTED_EDGE('',*,*,#12508,.F.) ;
#12518=ORIENTED_EDGE('',*,*,#12513,.F.) ;
#12532=ORIENTED_EDGE('',*,*,#12126,.T.) ;
#12533=ORIENTED_EDGE('',*,*,#12513,.T.) ;
#12534=ORIENTED_EDGE('',*,*,#10698,.F.) ;
#12535=ORIENTED_EDGE('',*,*,#12530,.F.) ;
#12556=ORIENTED_EDGE('',*,*,#12549,.T.) ;
#12557=ORIENTED_EDGE('',*,*,#12530,.T.) ;
#12558=ORIENTED_EDGE('',*,*,#10693,.F.) ;
#12559=ORIENTED_EDGE('',*,*,#12554,.F.) ;
#12573=ORIENTED_EDGE('',*,*,#12571,.T.) ;
#12574=ORIENTED_EDGE('',*,*,#12554,.T.) ;
#12575=ORIENTED_EDGE('',*,*,#10686,.F.) ;
#12576=ORIENTED_EDGE('',*,*,#12162,.F.) ;
#12590=ORIENTED_EDGE('',*,*,#12549,.F.) ;
#12591=ORIENTED_EDGE('',*,*,#12588,.T.) ;
#12592=ORIENTED_EDGE('',*,*,#12383,.F.) ;
#12593=ORIENTED_EDGE('',*,*,#12131,.F.) ;
#12607=ORIENTED_EDGE('',*,*,#12605,.T.) ;
#12608=ORIENTED_EDGE('',*,*,#12354,.F.) ;
#12609=ORIENTED_EDGE('',*,*,#12588,.F.) ;
#12610=ORIENTED_EDGE('',*,*,#12571,.F.) ;
#12619=ORIENTED_EDGE('',*,*,#12157,.F.) ;
#12620=ORIENTED_EDGE('',*,*,#11907,.T.) ;
#12621=ORIENTED_EDGE('',*,*,#12323,.F.) ;
#12622=ORIENTED_EDGE('',*,*,#12605,.F.) ;
#12643=ORIENTED_EDGE('',*,*,#10665,.F.) ;
#12644=ORIENTED_EDGE('',*,*,#12636,.T.) ;
#12645=ORIENTED_EDGE('',*,*,#12641,.T.) ;
#12646=ORIENTED_EDGE('',*,*,#12203,.T.) ;
#12667=ORIENTED_EDGE('',*,*,#12227,.T.) ;
#12668=ORIENTED_EDGE('',*,*,#12641,.F.) ;
#12669=ORIENTED_EDGE('',*,*,#12660,.T.) ;
#12670=ORIENTED_EDGE('',*,*,#12665,.T.) ;
#12698=ORIENTED_EDGE('',*,*,#12684,.F.) ;
#12699=ORIENTED_EDGE('',*,*,#12691,.T.) ;
#12700=ORIENTED_EDGE('',*,*,#12696,.T.) ;
#12701=ORIENTED_EDGE('',*,*,#12275,.T.) ;
#12710=ORIENTED_EDGE('',*,*,#12251,.T.) ;
#12711=ORIENTED_EDGE('',*,*,#12665,.F.) ;
#12712=ORIENTED_EDGE('',*,*,#12708,.T.) ;
#12713=ORIENTED_EDGE('',*,*,#12684,.T.) ;
#12734=ORIENTED_EDGE('',*,*,#12727,.T.) ;
#12735=ORIENTED_EDGE('',*,*,#12732,.F.) ;
#12736=ORIENTED_EDGE('',*,*,#10602,.F.) ;
#12737=ORIENTED_EDGE('',*,*,#12508,.T.) ;
#12762=ORIENTED_EDGE('',*,*,#12486,.T.) ;
#12763=ORIENTED_EDGE('',*,*,#12746,.T.) ;
#12764=ORIENTED_EDGE('',*,*,#12753,.F.) ;
#12765=ORIENTED_EDGE('',*,*,#12760,.F.) ;
#12766=ORIENTED_EDGE('',*,*,#12727,.F.) ;
#12794=ORIENTED_EDGE('',*,*,#12780,.T.) ;
#12795=ORIENTED_EDGE('',*,*,#12787,.F.) ;
#12796=ORIENTED_EDGE('',*,*,#12792,.F.) ;
#12797=ORIENTED_EDGE('',*,*,#12438,.T.) ;
#12815=ORIENTED_EDGE('',*,*,#12462,.T.) ;
#12816=ORIENTED_EDGE('',*,*,#12792,.T.) ;
#12817=ORIENTED_EDGE('',*,*,#12808,.T.) ;
#12818=ORIENTED_EDGE('',*,*,#12813,.F.) ;
#12819=ORIENTED_EDGE('',*,*,#12746,.F.) ;
#13164=ORIENTED_EDGE('',*,*,#13004,.T.) ;
#13165=ORIENTED_EDGE('',*,*,#12636,.F.) ;
#13166=ORIENTED_EDGE('',*,*,#13162,.F.) ;
#13180=ORIENTED_EDGE('',*,*,#13004,.F.) ;
#13181=ORIENTED_EDGE('',*,*,#12004,.T.) ;
#13182=ORIENTED_EDGE('',*,*,#13178,.T.) ;
#13183=ORIENTED_EDGE('',*,*,#12660,.F.) ;
#13197=ORIENTED_EDGE('',*,*,#13162,.T.) ;
#13198=ORIENTED_EDGE('',*,*,#10658,.F.) ;
#13199=ORIENTED_EDGE('',*,*,#13195,.F.) ;
#13200=ORIENTED_EDGE('',*,*,#12011,.T.) ;
#13221=ORIENTED_EDGE('',*,*,#13214,.T.) ;
#13222=ORIENTED_EDGE('',*,*,#13195,.T.) ;
#13223=ORIENTED_EDGE('',*,*,#10651,.F.) ;
#13224=ORIENTED_EDGE('',*,*,#13219,.F.) ;
#13245=ORIENTED_EDGE('',*,*,#13238,.T.) ;
#13246=ORIENTED_EDGE('',*,*,#13219,.T.) ;
#13247=ORIENTED_EDGE('',*,*,#10644,.F.) ;
#13248=ORIENTED_EDGE('',*,*,#13243,.F.) ;
#13276=ORIENTED_EDGE('',*,*,#13262,.T.) ;
#13277=ORIENTED_EDGE('',*,*,#13243,.T.) ;
#13278=ORIENTED_EDGE('',*,*,#13269,.F.) ;
#13279=ORIENTED_EDGE('',*,*,#13274,.F.) ;
#13307=ORIENTED_EDGE('',*,*,#13293,.T.) ;
#13308=ORIENTED_EDGE('',*,*,#13274,.T.) ;
#13309=ORIENTED_EDGE('',*,*,#13300,.F.) ;
#13310=ORIENTED_EDGE('',*,*,#13305,.F.) ;
#13338=ORIENTED_EDGE('',*,*,#13324,.T.) ;
#13339=ORIENTED_EDGE('',*,*,#13305,.T.) ;
#13340=ORIENTED_EDGE('',*,*,#13331,.F.) ;
#13341=ORIENTED_EDGE('',*,*,#13336,.F.) ;
#13369=ORIENTED_EDGE('',*,*,#13355,.T.) ;
#13370=ORIENTED_EDGE('',*,*,#13336,.T.) ;
#13371=ORIENTED_EDGE('',*,*,#13362,.F.) ;
#13372=ORIENTED_EDGE('',*,*,#13367,.F.) ;
#13398=ORIENTED_EDGE('',*,*,#13384,.T.) ;
#13399=ORIENTED_EDGE('',*,*,#13367,.T.) ;
#13400=ORIENTED_EDGE('',*,*,#13391,.F.) ;
#13401=ORIENTED_EDGE('',*,*,#13396,.F.) ;
#13420=ORIENTED_EDGE('',*,*,#11983,.T.) ;
#13421=ORIENTED_EDGE('',*,*,#13396,.T.) ;
#13422=ORIENTED_EDGE('',*,*,#13413,.F.) ;
#13423=ORIENTED_EDGE('',*,*,#13418,.F.) ;
#13437=ORIENTED_EDGE('',*,*,#11990,.T.) ;
#13438=ORIENTED_EDGE('',*,*,#13418,.T.) ;
#13439=ORIENTED_EDGE('',*,*,#12691,.F.) ;
#13440=ORIENTED_EDGE('',*,*,#13435,.F.) ;
#13449=ORIENTED_EDGE('',*,*,#11997,.T.) ;
#13450=ORIENTED_EDGE('',*,*,#13435,.T.) ;
#13451=ORIENTED_EDGE('',*,*,#12708,.F.) ;
#13452=ORIENTED_EDGE('',*,*,#13178,.F.) ;
#13466=ORIENTED_EDGE('',*,*,#13214,.F.) ;
#13467=ORIENTED_EDGE('',*,*,#13464,.T.) ;
#13468=ORIENTED_EDGE('',*,*,#13384,.F.) ;
#13469=ORIENTED_EDGE('',*,*,#12016,.F.) ;
#13473=ORIENTED_EDGE('',*,*,#13238,.F.) ;
#13474=ORIENTED_EDGE('',*,*,#13262,.F.) ;
#13475=ORIENTED_EDGE('',*,*,#13293,.F.) ;
#13476=ORIENTED_EDGE('',*,*,#13324,.F.) ;
#13477=ORIENTED_EDGE('',*,*,#13355,.F.) ;
#13478=ORIENTED_EDGE('',*,*,#13464,.F.) ;
#13499=ORIENTED_EDGE('',*,*,#13269,.T.) ;
#13500=ORIENTED_EDGE('',*,*,#10637,.F.) ;
#13501=ORIENTED_EDGE('',*,*,#13492,.F.) ;
#13502=ORIENTED_EDGE('',*,*,#13497,.T.) ;
#13523=ORIENTED_EDGE('',*,*,#13497,.F.) ;
#13524=ORIENTED_EDGE('',*,*,#13516,.T.) ;
#13525=ORIENTED_EDGE('',*,*,#13521,.T.) ;
#13526=ORIENTED_EDGE('',*,*,#13300,.T.) ;
#13547=ORIENTED_EDGE('',*,*,#13331,.T.) ;
#13548=ORIENTED_EDGE('',*,*,#13521,.F.) ;
#13549=ORIENTED_EDGE('',*,*,#13540,.F.) ;
#13550=ORIENTED_EDGE('',*,*,#13545,.T.) ;
#13639=ORIENTED_EDGE('',*,*,#13585,.T.) ;
#13640=ORIENTED_EDGE('',*,*,#13611,.T.) ;
#13641=ORIENTED_EDGE('',*,*,#13637,.F.) ;
#13747=ORIENTED_EDGE('',*,*,#12732,.T.) ;
#13748=ORIENTED_EDGE('',*,*,#12760,.T.) ;
#13749=ORIENTED_EDGE('',*,*,#13585,.F.) ;
#13750=ORIENTED_EDGE('',*,*,#13745,.F.) ;
#13764=ORIENTED_EDGE('',*,*,#13745,.T.) ;
#13765=ORIENTED_EDGE('',*,*,#13637,.T.) ;
#13766=ORIENTED_EDGE('',*,*,#11729,.T.) ;
#13767=ORIENTED_EDGE('',*,*,#13762,.T.) ;
#13768=ORIENTED_EDGE('',*,*,#10609,.F.) ;
#13782=ORIENTED_EDGE('',*,*,#13611,.F.) ;
#13783=ORIENTED_EDGE('',*,*,#12753,.T.) ;
#13784=ORIENTED_EDGE('',*,*,#13780,.T.) ;
#13785=ORIENTED_EDGE('',*,*,#11736,.F.) ;
#13874=ORIENTED_EDGE('',*,*,#13820,.T.) ;
#13875=ORIENTED_EDGE('',*,*,#13846,.T.) ;
#13876=ORIENTED_EDGE('',*,*,#13872,.F.) ;
#13952=ORIENTED_EDGE('',*,*,#12787,.T.) ;
#13953=ORIENTED_EDGE('',*,*,#13950,.T.) ;
#13954=ORIENTED_EDGE('',*,*,#13820,.F.) ;
#13955=ORIENTED_EDGE('',*,*,#12808,.F.) ;
#13976=ORIENTED_EDGE('',*,*,#13846,.F.) ;
#13977=ORIENTED_EDGE('',*,*,#13950,.F.) ;
#13978=ORIENTED_EDGE('',*,*,#13969,.T.) ;
#13979=ORIENTED_EDGE('',*,*,#13974,.T.) ;
#13980=ORIENTED_EDGE('',*,*,#11715,.T.) ;
#13989=ORIENTED_EDGE('',*,*,#13872,.T.) ;
#13990=ORIENTED_EDGE('',*,*,#11741,.F.) ;
#13991=ORIENTED_EDGE('',*,*,#13780,.F.) ;
#13992=ORIENTED_EDGE('',*,*,#12813,.T.) ;
#14013=ORIENTED_EDGE('',*,*,#14006,.T.) ;
#14014=ORIENTED_EDGE('',*,*,#13492,.T.) ;
#14015=ORIENTED_EDGE('',*,*,#10630,.F.) ;
#14016=ORIENTED_EDGE('',*,*,#14011,.F.) ;
#14037=ORIENTED_EDGE('',*,*,#14030,.T.) ;
#14038=ORIENTED_EDGE('',*,*,#14011,.T.) ;
#14039=ORIENTED_EDGE('',*,*,#10623,.F.) ;
#14040=ORIENTED_EDGE('',*,*,#14035,.F.) ;
#14054=ORIENTED_EDGE('',*,*,#14052,.T.) ;
#14055=ORIENTED_EDGE('',*,*,#14035,.T.) ;
#14056=ORIENTED_EDGE('',*,*,#10616,.F.) ;
#14057=ORIENTED_EDGE('',*,*,#13762,.F.) ;
#14085=ORIENTED_EDGE('',*,*,#14071,.T.) ;
#14086=ORIENTED_EDGE('',*,*,#14078,.T.) ;
#14087=ORIENTED_EDGE('',*,*,#14083,.F.) ;
#14088=ORIENTED_EDGE('',*,*,#14030,.F.) ;
#14102=ORIENTED_EDGE('',*,*,#14052,.F.) ;
#14103=ORIENTED_EDGE('',*,*,#11722,.T.) ;
#14104=ORIENTED_EDGE('',*,*,#14100,.T.) ;
#14105=ORIENTED_EDGE('',*,*,#14071,.F.) ;
#14119=ORIENTED_EDGE('',*,*,#14006,.F.) ;
#14120=ORIENTED_EDGE('',*,*,#14083,.T.) ;
#14121=ORIENTED_EDGE('',*,*,#14117,.T.) ;
#14122=ORIENTED_EDGE('',*,*,#13516,.F.) ;
#14143=ORIENTED_EDGE('',*,*,#14136,.T.) ;
#14144=ORIENTED_EDGE('',*,*,#13540,.T.) ;
#14145=ORIENTED_EDGE('',*,*,#14117,.F.) ;
#14146=ORIENTED_EDGE('',*,*,#14141,.F.) ;
#14167=ORIENTED_EDGE('',*,*,#14160,.T.) ;
#14168=ORIENTED_EDGE('',*,*,#14141,.T.) ;
#14169=ORIENTED_EDGE('',*,*,#14078,.F.) ;
#14170=ORIENTED_EDGE('',*,*,#14165,.F.) ;
#14184=ORIENTED_EDGE('',*,*,#14182,.T.) ;
#14185=ORIENTED_EDGE('',*,*,#14165,.T.) ;
#14186=ORIENTED_EDGE('',*,*,#14100,.F.) ;
#14187=ORIENTED_EDGE('',*,*,#13974,.F.) ;
#14196=ORIENTED_EDGE('',*,*,#12414,.T.) ;
#14197=ORIENTED_EDGE('',*,*,#12390,.T.) ;
#14198=ORIENTED_EDGE('',*,*,#12361,.T.) ;
#14199=ORIENTED_EDGE('',*,*,#12330,.T.) ;
#14200=ORIENTED_EDGE('',*,*,#12299,.T.) ;
#14201=ORIENTED_EDGE('',*,*,#12696,.F.) ;
#14202=ORIENTED_EDGE('',*,*,#13413,.T.) ;
#14203=ORIENTED_EDGE('',*,*,#13391,.T.) ;
#14204=ORIENTED_EDGE('',*,*,#13362,.T.) ;
#14205=ORIENTED_EDGE('',*,*,#13545,.F.) ;
#14206=ORIENTED_EDGE('',*,*,#14136,.F.) ;
#14207=ORIENTED_EDGE('',*,*,#14160,.F.) ;
#14208=ORIENTED_EDGE('',*,*,#14182,.F.) ;
#14209=ORIENTED_EDGE('',*,*,#13969,.F.) ;
#14210=ORIENTED_EDGE('',*,*,#12780,.F.) ;
#14213=ORIENTED_EDGE('',*,*,#11567,.T.) ;
#14214=ORIENTED_EDGE('',*,*,#11589,.T.) ;
#14217=ORIENTED_EDGE('',*,*,#11349,.T.) ;
#14218=ORIENTED_EDGE('',*,*,#11327,.T.) ;
#14221=ORIENTED_EDGE('',*,*,#11397,.T.) ;
#14222=ORIENTED_EDGE('',*,*,#11375,.T.) ;
#14225=ORIENTED_EDGE('',*,*,#11445,.T.) ;
#14226=ORIENTED_EDGE('',*,*,#11423,.T.) ;
#14229=ORIENTED_EDGE('',*,*,#11493,.T.) ;
#14230=ORIENTED_EDGE('',*,*,#11471,.T.) ;
#14233=ORIENTED_EDGE('',*,*,#11541,.T.) ;
#14234=ORIENTED_EDGE('',*,*,#11519,.T.) ;
#14273=ORIENTED_EDGE('',*,*,#14252,.F.) ;
#14274=ORIENTED_EDGE('',*,*,#14259,.T.) ;
#14275=ORIENTED_EDGE('',*,*,#14266,.T.) ;
#14276=ORIENTED_EDGE('',*,*,#14271,.F.) ;
#14290=ORIENTED_EDGE('',*,*,#14266,.F.) ;
#14291=ORIENTED_EDGE('',*,*,#14283,.T.) ;
#14292=ORIENTED_EDGE('',*,*,#14252,.T.) ;
#14293=ORIENTED_EDGE('',*,*,#14288,.F.) ;
#14316=ORIENTED_EDGE('',*,*,#14309,.T.) ;
#14317=ORIENTED_EDGE('',*,*,#14314,.T.) ;
#14358=ORIENTED_EDGE('',*,*,#14333,.F.) ;
#14359=ORIENTED_EDGE('',*,*,#14356,.F.) ;
#14362=ORIENTED_EDGE('',*,*,#14259,.F.) ;
#14363=ORIENTED_EDGE('',*,*,#14283,.F.) ;
#14391=ORIENTED_EDGE('',*,*,#14377,.F.) ;
#14392=ORIENTED_EDGE('',*,*,#14309,.F.) ;
#14393=ORIENTED_EDGE('',*,*,#14384,.T.) ;
#14394=ORIENTED_EDGE('',*,*,#14389,.T.) ;
#14408=ORIENTED_EDGE('',*,*,#14384,.F.) ;
#14409=ORIENTED_EDGE('',*,*,#14314,.F.) ;
#14410=ORIENTED_EDGE('',*,*,#14377,.T.) ;
#14411=ORIENTED_EDGE('',*,*,#14406,.T.) ;
#14430=ORIENTED_EDGE('',*,*,#14423,.T.) ;
#14431=ORIENTED_EDGE('',*,*,#14333,.T.) ;
#14432=ORIENTED_EDGE('',*,*,#14428,.F.) ;
#14433=ORIENTED_EDGE('',*,*,#14389,.F.) ;
#14442=ORIENTED_EDGE('',*,*,#14428,.T.) ;
#14443=ORIENTED_EDGE('',*,*,#14356,.T.) ;
#14444=ORIENTED_EDGE('',*,*,#14423,.F.) ;
#14445=ORIENTED_EDGE('',*,*,#14406,.F.) ;
#14468=ORIENTED_EDGE('',*,*,#14461,.F.) ;
#14469=ORIENTED_EDGE('',*,*,#14466,.F.) ;
#14510=ORIENTED_EDGE('',*,*,#14503,.T.) ;
#14511=ORIENTED_EDGE('',*,*,#14508,.T.) ;
#14514=ORIENTED_EDGE('',*,*,#14288,.T.) ;
#14515=ORIENTED_EDGE('',*,*,#14271,.T.) ;
#14543=ORIENTED_EDGE('',*,*,#14531,.F.) ;
#14544=ORIENTED_EDGE('',*,*,#14536,.F.) ;
#14545=ORIENTED_EDGE('',*,*,#14466,.T.) ;
#14546=ORIENTED_EDGE('',*,*,#14541,.T.) ;
#14560=ORIENTED_EDGE('',*,*,#14558,.F.) ;
#14561=ORIENTED_EDGE('',*,*,#14541,.F.) ;
#14562=ORIENTED_EDGE('',*,*,#14461,.T.) ;
#14563=ORIENTED_EDGE('',*,*,#14536,.T.) ;
#14582=ORIENTED_EDGE('',*,*,#14531,.T.) ;
#14583=ORIENTED_EDGE('',*,*,#14575,.T.) ;
#14584=ORIENTED_EDGE('',*,*,#14508,.F.) ;
#14585=ORIENTED_EDGE('',*,*,#14580,.F.) ;
#14594=ORIENTED_EDGE('',*,*,#14558,.T.) ;
#14595=ORIENTED_EDGE('',*,*,#14580,.T.) ;
#14596=ORIENTED_EDGE('',*,*,#14503,.F.) ;
#14597=ORIENTED_EDGE('',*,*,#14575,.F.) ;
#244=FACE_BOUND('',#241,.T.) ;
#262=FACE_BOUND('',#259,.T.) ;
#280=FACE_BOUND('',#277,.T.) ;
#298=FACE_BOUND('',#295,.T.) ;
#316=FACE_BOUND('',#313,.T.) ;
#334=FACE_BOUND('',#331,.T.) ;
#1277=FACE_BOUND('',#1274,.T.) ;
#1445=FACE_BOUND('',#1442,.T.) ;
#1553=FACE_BOUND('',#1550,.T.) ;
#1669=FACE_BOUND('',#1666,.T.) ;
#4722=FACE_BOUND('',#4710,.T.) ;
#9727=FACE_BOUND('',#9718,.T.) ;
#9741=FACE_BOUND('',#9728,.T.) ;
#9756=FACE_BOUND('',#9742,.T.) ;
#9781=FACE_BOUND('',#9757,.T.) ;
#9796=FACE_BOUND('',#9782,.T.) ;
#9800=FACE_BOUND('',#9797,.T.) ;
#9804=FACE_BOUND('',#9801,.T.) ;
#9808=FACE_BOUND('',#9805,.T.) ;
#9812=FACE_BOUND('',#9809,.T.) ;
#9816=FACE_BOUND('',#9813,.T.) ;
#9820=FACE_BOUND('',#9817,.T.) ;
#10719=FACE_BOUND('',#10716,.T.) ;
#10737=FACE_BOUND('',#10734,.T.) ;
#10755=FACE_BOUND('',#10752,.T.) ;
#10773=FACE_BOUND('',#10770,.T.) ;
#10791=FACE_BOUND('',#10788,.T.) ;
#10809=FACE_BOUND('',#10806,.T.) ;
#11752=FACE_BOUND('',#11749,.T.) ;
#11920=FACE_BOUND('',#11917,.T.) ;
#12028=FACE_BOUND('',#12025,.T.) ;
#12144=FACE_BOUND('',#12141,.T.) ;
#14215=FACE_BOUND('',#14212,.T.) ;
#14219=FACE_BOUND('',#14216,.T.) ;
#14223=FACE_BOUND('',#14220,.T.) ;
#14227=FACE_BOUND('',#14224,.T.) ;
#14231=FACE_BOUND('',#14228,.T.) ;
#14235=FACE_BOUND('',#14232,.T.) ;
#14364=FACE_BOUND('',#14361,.T.) ;
#14516=FACE_BOUND('',#14513,.T.) ;
#51=CLOSED_SHELL('Closed Shell',(#91,#113,#335,#366,#378,#409,#426,#457,#469,#500,#517,#548,#560,#591,#608,#639,#651,#682,#699,#730,#742,#773,#790,#821,#833,#864,#881,#912,#929,#960,#977,#1008,#1025,#1056,#1073,#1104,#1121,#1161,#1183,#1214,#1226,#1278,#1318,#1340,#1366,#1378,#1446,#1477,#1494,#1554,#1585,#1602,#1670,#1699,#1716,#1740,#1764,#1788,#1812,#1836,#1867,#1898,#1927,#1951,#1975,#1999,#2023,#2045,#2062,#2086,#2103,#2120,#2137,#2149,#2173,#2197,#2228,#2240,#2264,#2293,#2324,#2346,#2693,#2710,#2727,#2751,#2775,#2806,#2837,#2868,#2899,#2928,#2950,#2967,#2979,#2996,#3005,#3029,#3053,#3077,#3168,#3277,#3295,#3312,#3403,#3482,#3507,#3519,#3543,#3567,#3584,#3615,#3632,#3649,#3673,#3697,#3714,#3826,#3860,#3896,#3921,#3947,#3972,#3998,#4037,#4062,#4087,#4126,#4151,#4176,#4193,#4236,#4269,#4301,#4334,#4366,#4399,#4432,#4464,#4497,#4530,#4562,#4595,#4617,#4723,#4758,#4783,#4808,#4834,#4860,#4885,#4910,#4936,#4962,#4988,#5005,#5192,#5226,#5251,#5277,#5302,#5328,#5353,#5379,#5405,#5430,#5456,#5482,#5507,#5532,#5558,#5583,#5609,#5634,#5660,#5686,#5712,#5738,#5763,#5780,#5879,#5913,#5938,#5963,#5988,#6013,#6038,#6063,#6088,#6114,#6139,#6164,#6181,#6248,#6282,#6307,#6333,#6358,#6383,#6408,#6433,#6450,#6481,#6505,#6529,#6553,#6577,#6601,#6625,#6649,#6673,#6697,#6721,#6745,#6762,#6797,#6822,#6847,#6873,#6898,#6924,#6950,#6975,#7001,#7027,#7052,#7078,#7095,#7126,#7150,#7174,#7198,#7222,#7246,#7270,#7294,#7318,#7342,#7366,#7390,#7409,#7433,#7457,#7481,#7505,#7529,#7553,#7577,#7601,#7625,#7642,#7676,#7701,#7726,#7751,#7776,#7801,#7827,#7852,#7878,#7904,#7929,#7955,#7980,#8005,#8030,#8056,#8082,#8108,#8134,#8160,#8185,#8211,#8228,#8254,#8278,#8302,#8321,#8345,#8364,#8388,#8412,#8431,#8455,#8474,#8498,#8515,#8549,#8574,#8600,#8636,#8661,#8687,#8712,#8738,#8777,#8802,#8827,#8866,#8883,#8909,#8933,#8957,#8976,#9000,#9024,#9048,#9072,#9096,#9120,#9144,#9161,#9195,#9220,#9246,#9271,#9296,#9322,#9348,#9373,#9398,#9424,#9450,#9467,#9493,#9517,#9541,#9560,#9579,#9603,#9622,#9639,#9821,#9846,#9865,#9884,#9902,#9921,#9939,#9957,#9969,#10060,#10091,#10110,#10134,#10158,#10182,#10206,#10230,#10254,#10278,#10302,#10319,#10343,#10361,#10379,#10398,#10416,#10435,#10454,#10473,#10492,#10510,#10522)) ;
#10526=CLOSED_SHELL('Closed Shell',(#10566,#10588,#10810,#10841,#10853,#10884,#10901,#10932,#10944,#10975,#10992,#11023,#11035,#11066,#11083,#11114,#11126,#11157,#11174,#11205,#11217,#11248,#11265,#11296,#11308,#11339,#11356,#11387,#11404,#11435,#11452,#11483,#11500,#11531,#11548,#11579,#11596,#11636,#11658,#11689,#11701,#11753,#11793,#11815,#11841,#11853,#11921,#11952,#11969,#12029,#12060,#12077,#12145,#12174,#12191,#12215,#12239,#12263,#12287,#12311,#12342,#12373,#12402,#12426,#12450,#12474,#12498,#12520,#12537,#12561,#12578,#12595,#12612,#12624,#12648,#12672,#12703,#12715,#12739,#12768,#12799,#12821,#13168,#13185,#13202,#13226,#13250,#13281,#13312,#13343,#13374,#13403,#13425,#13442,#13454,#13471,#13480,#13504,#13528,#13552,#13643,#13752,#13770,#13787,#13878,#13957,#13982,#13994,#14018,#14042,#14059,#14090,#14107,#14124,#14148,#14172,#14189,#14236)) ;
#14238=CLOSED_SHELL('Closed Shell',(#14278,#14295,#14319,#14365,#14396,#14413,#14435,#14447,#14471,#14517,#14548,#14565,#14587,#14599)) ;
#121=VECTOR('Line Direction',#120,1.) ;
#137=VECTOR('Line Direction',#136,1.) ;
#151=VECTOR('Line Direction',#150,1.) ;
#158=VECTOR('Line Direction',#157,1.) ;
#165=VECTOR('Line Direction',#164,1.) ;
#179=VECTOR('Line Direction',#178,1.) ;
#186=VECTOR('Line Direction',#185,1.) ;
#200=VECTOR('Line Direction',#199,1.) ;
#214=VECTOR('Line Direction',#213,1.) ;
#221=VECTOR('Line Direction',#220,1.) ;
#343=VECTOR('Line Direction',#342,1.) ;
#357=VECTOR('Line Direction',#356,1.) ;
#434=VECTOR('Line Direction',#433,1.) ;
#448=VECTOR('Line Direction',#447,1.) ;
#525=VECTOR('Line Direction',#524,1.) ;
#539=VECTOR('Line Direction',#538,1.) ;
#616=VECTOR('Line Direction',#615,1.) ;
#630=VECTOR('Line Direction',#629,1.) ;
#707=VECTOR('Line Direction',#706,1.) ;
#721=VECTOR('Line Direction',#720,1.) ;
#798=VECTOR('Line Direction',#797,1.) ;
#812=VECTOR('Line Direction',#811,1.) ;
#1191=VECTOR('Line Direction',#1190,1.) ;
#1205=VECTOR('Line Direction',#1204,1.) ;
#1250=VECTOR('Line Direction',#1249,1.) ;
#1257=VECTOR('Line Direction',#1256,1.) ;
#1264=VECTOR('Line Direction',#1263,1.) ;
#1343=VECTOR('Line Direction',#1342,1.) ;
#1357=VECTOR('Line Direction',#1356,1.) ;
#1386=VECTOR('Line Direction',#1385,1.) ;
#1395=VECTOR('Line Direction',#1394,1.) ;
#1430=VECTOR('Line Direction',#1429,1.) ;
#1502=VECTOR('Line Direction',#1501,1.) ;
#1511=VECTOR('Line Direction',#1510,1.) ;
#1539=VECTOR('Line Direction',#1538,1.) ;
#1610=VECTOR('Line Direction',#1609,1.) ;
#1619=VECTOR('Line Direction',#1618,1.) ;
#1654=VECTOR('Line Direction',#1653,1.) ;
#1827=VECTOR('Line Direction',#1826,1.) ;
#1884=VECTOR('Line Direction',#1883,1.) ;
#1889=VECTOR('Line Direction',#1888,1.) ;
#1942=VECTOR('Line Direction',#1941,1.) ;
#2094=VECTOR('Line Direction',#2093,1.) ;
#2111=VECTOR('Line Direction',#2110,1.) ;
#2128=VECTOR('Line Direction',#2127,1.) ;
#2157=VECTOR('Line Direction',#2156,1.) ;
#2181=VECTOR('Line Direction',#2180,1.) ;
#2205=VECTOR('Line Direction',#2204,1.) ;
#2219=VECTOR('Line Direction',#2218,1.) ;
#2255=VECTOR('Line Direction',#2254,1.) ;
#2283=VECTOR('Line Direction',#2282,1.) ;
#2301=VECTOR('Line Direction',#2300,1.) ;
#2315=VECTOR('Line Direction',#2314,1.) ;
#2766=VECTOR('Line Direction',#2765,1.) ;
#2823=VECTOR('Line Direction',#2822,1.) ;
#2828=VECTOR('Line Direction',#2827,1.) ;
#2885=VECTOR('Line Direction',#2884,1.) ;
#2890=VECTOR('Line Direction',#2889,1.) ;
#2941=VECTOR('Line Direction',#2940,1.) ;
#2987=VECTOR('Line Direction',#2986,1.) ;
#3013=VECTOR('Line Direction',#3012,1.) ;
#3037=VECTOR('Line Direction',#3036,1.) ;
#3044=VECTOR('Line Direction',#3043,1.) ;
#3061=VECTOR('Line Direction',#3060,1.) ;
#3497=VECTOR('Line Direction',#3496,1.) ;
#3558=VECTOR('Line Direction',#3557,1.) ;
#3592=VECTOR('Line Direction',#3591,1.) ;
#3599=VECTOR('Line Direction',#3598,1.) ;
#3606=VECTOR('Line Direction',#3605,1.) ;
#3688=VECTOR('Line Direction',#3687,1.) ;
#3722=VECTOR('Line Direction',#3721,1.) ;
#3731=VECTOR('Line Direction',#3730,1.) ;
#3738=VECTOR('Line Direction',#3737,1.) ;
#3745=VECTOR('Line Direction',#3744,1.) ;
#3752=VECTOR('Line Direction',#3751,1.) ;
#3759=VECTOR('Line Direction',#3758,1.) ;
#3766=VECTOR('Line Direction',#3765,1.) ;
#3773=VECTOR('Line Direction',#3772,1.) ;
#3780=VECTOR('Line Direction',#3779,1.) ;
#3787=VECTOR('Line Direction',#3786,1.) ;
#3794=VECTOR('Line Direction',#3793,1.) ;
#3801=VECTOR('Line Direction',#3800,1.) ;
#3808=VECTOR('Line Direction',#3807,1.) ;
#3851=VECTOR('Line Direction',#3850,1.) ;
#3887=VECTOR('Line Direction',#3886,1.) ;
#3912=VECTOR('Line Direction',#3911,1.) ;
#3938=VECTOR('Line Direction',#3937,1.) ;
#3963=VECTOR('Line Direction',#3962,1.) ;
#3989=VECTOR('Line Direction',#3988,1.) ;
#4028=VECTOR('Line Direction',#4027,1.) ;
#4053=VECTOR('Line Direction',#4052,1.) ;
#4078=VECTOR('Line Direction',#4077,1.) ;
#4117=VECTOR('Line Direction',#4116,1.) ;
#4142=VECTOR('Line Direction',#4141,1.) ;
#4167=VECTOR('Line Direction',#4166,1.) ;
#4184=VECTOR('Line Direction',#4183,1.) ;
#4212=VECTOR('Line Direction',#4211,1.) ;
#4227=VECTOR('Line Direction',#4226,1.) ;
#4255=VECTOR('Line Direction',#4254,1.) ;
#4260=VECTOR('Line Direction',#4259,1.) ;
#4287=VECTOR('Line Direction',#4286,1.) ;
#4292=VECTOR('Line Direction',#4291,1.) ;
#4320=VECTOR('Line Direction',#4319,1.) ;
#4325=VECTOR('Line Direction',#4324,1.) ;
#4352=VECTOR('Line Direction',#4351,1.) ;
#4357=VECTOR('Line Direction',#4356,1.) ;
#4385=VECTOR('Line Direction',#4384,1.) ;
#4390=VECTOR('Line Direction',#4389,1.) ;
#4418=VECTOR('Line Direction',#4417,1.) ;
#4423=VECTOR('Line Direction',#4422,1.) ;
#4450=VECTOR('Line Direction',#4449,1.) ;
#4455=VECTOR('Line Direction',#4454,1.) ;
#4483=VECTOR('Line Direction',#4482,1.) ;
#4488=VECTOR('Line Direction',#4487,1.) ;
#4516=VECTOR('Line Direction',#4515,1.) ;
#4521=VECTOR('Line Direction',#4520,1.) ;
#4548=VECTOR('Line Direction',#4547,1.) ;
#4553=VECTOR('Line Direction',#4552,1.) ;
#4581=VECTOR('Line Direction',#4580,1.) ;
#4586=VECTOR('Line Direction',#4585,1.) ;
#4603=VECTOR('Line Direction',#4602,1.) ;
#4608=VECTOR('Line Direction',#4607,1.) ;
#4635=VECTOR('Line Direction',#4634,1.) ;
#4644=VECTOR('Line Direction',#4643,1.) ;
#4651=VECTOR('Line Direction',#4650,1.) ;
#4658=VECTOR('Line Direction',#4657,1.) ;
#4665=VECTOR('Line Direction',#4664,1.) ;
#4672=VECTOR('Line Direction',#4671,1.) ;
#4679=VECTOR('Line Direction',#4678,1.) ;
#4686=VECTOR('Line Direction',#4685,1.) ;
#4693=VECTOR('Line Direction',#4692,1.) ;
#4700=VECTOR('Line Direction',#4699,1.) ;
#4707=VECTOR('Line Direction',#4706,1.) ;
#4740=VECTOR('Line Direction',#4739,1.) ;
#4774=VECTOR('Line Direction',#4773,1.) ;
#4799=VECTOR('Line Direction',#4798,1.) ;
#4825=VECTOR('Line Direction',#4824,1.) ;
#4851=VECTOR('Line Direction',#4850,1.) ;
#4876=VECTOR('Line Direction',#4875,1.) ;
#4901=VECTOR('Line Direction',#4900,1.) ;
#4927=VECTOR('Line Direction',#4926,1.) ;
#4953=VECTOR('Line Direction',#4952,1.) ;
#4979=VECTOR('Line Direction',#4978,1.) ;
#4996=VECTOR('Line Direction',#4995,1.) ;
#5008=VECTOR('Line Direction',#5007,1.) ;
#5017=VECTOR('Line Direction',#5016,1.) ;
#5024=VECTOR('Line Direction',#5023,1.) ;
#5031=VECTOR('Line Direction',#5030,1.) ;
#5038=VECTOR('Line Direction',#5037,1.) ;
#5045=VECTOR('Line Direction',#5044,1.) ;
#5052=VECTOR('Line Direction',#5051,1.) ;
#5059=VECTOR('Line Direction',#5058,1.) ;
#5066=VECTOR('Line Direction',#5065,1.) ;
#5073=VECTOR('Line Direction',#5072,1.) ;
#5080=VECTOR('Line Direction',#5079,1.) ;
#5087=VECTOR('Line Direction',#5086,1.) ;
#5094=VECTOR('Line Direction',#5093,1.) ;
#5101=VECTOR('Line Direction',#5100,1.) ;
#5108=VECTOR('Line Direction',#5107,1.) ;
#5115=VECTOR('Line Direction',#5114,1.) ;
#5122=VECTOR('Line Direction',#5121,1.) ;
#5129=VECTOR('Line Direction',#5128,1.) ;
#5136=VECTOR('Line Direction',#5135,1.) ;
#5143=VECTOR('Line Direction',#5142,1.) ;
#5150=VECTOR('Line Direction',#5149,1.) ;
#5157=VECTOR('Line Direction',#5156,1.) ;
#5164=VECTOR('Line Direction',#5163,1.) ;
#5217=VECTOR('Line Direction',#5216,1.) ;
#5242=VECTOR('Line Direction',#5241,1.) ;
#5268=VECTOR('Line Direction',#5267,1.) ;
#5293=VECTOR('Line Direction',#5292,1.) ;
#5319=VECTOR('Line Direction',#5318,1.) ;
#5344=VECTOR('Line Direction',#5343,1.) ;
#5370=VECTOR('Line Direction',#5369,1.) ;
#5396=VECTOR('Line Direction',#5395,1.) ;
#5421=VECTOR('Line Direction',#5420,1.) ;
#5447=VECTOR('Line Direction',#5446,1.) ;
#5473=VECTOR('Line Direction',#5472,1.) ;
#5498=VECTOR('Line Direction',#5497,1.) ;
#5523=VECTOR('Line Direction',#5522,1.) ;
#5549=VECTOR('Line Direction',#5548,1.) ;
#5574=VECTOR('Line Direction',#5573,1.) ;
#5600=VECTOR('Line Direction',#5599,1.) ;
#5625=VECTOR('Line Direction',#5624,1.) ;
#5651=VECTOR('Line Direction',#5650,1.) ;
#5677=VECTOR('Line Direction',#5676,1.) ;
#5703=VECTOR('Line Direction',#5702,1.) ;
#5729=VECTOR('Line Direction',#5728,1.) ;
#5754=VECTOR('Line Direction',#5753,1.) ;
#5771=VECTOR('Line Direction',#5770,1.) ;
#5783=VECTOR('Line Direction',#5782,1.) ;
#5792=VECTOR('Line Direction',#5791,1.) ;
#5799=VECTOR('Line Direction',#5798,1.) ;
#5806=VECTOR('Line Direction',#5805,1.) ;
#5813=VECTOR('Line Direction',#5812,1.) ;
#5820=VECTOR('Line Direction',#5819,1.) ;
#5827=VECTOR('Line Direction',#5826,1.) ;
#5834=VECTOR('Line Direction',#5833,1.) ;
#5841=VECTOR('Line Direction',#5840,1.) ;
#5848=VECTOR('Line Direction',#5847,1.) ;
#5855=VECTOR('Line Direction',#5854,1.) ;
#5862=VECTOR('Line Direction',#5861,1.) ;
#5904=VECTOR('Line Direction',#5903,1.) ;
#5929=VECTOR('Line Direction',#5928,1.) ;
#5954=VECTOR('Line Direction',#5953,1.) ;
#5979=VECTOR('Line Direction',#5978,1.) ;
#6004=VECTOR('Line Direction',#6003,1.) ;
#6029=VECTOR('Line Direction',#6028,1.) ;
#6054=VECTOR('Line Direction',#6053,1.) ;
#6079=VECTOR('Line Direction',#6078,1.) ;
#6105=VECTOR('Line Direction',#6104,1.) ;
#6130=VECTOR('Line Direction',#6129,1.) ;
#6155=VECTOR('Line Direction',#6154,1.) ;
#6172=VECTOR('Line Direction',#6171,1.) ;
#6184=VECTOR('Line Direction',#6183,1.) ;
#6193=VECTOR('Line Direction',#6192,1.) ;
#6200=VECTOR('Line Direction',#6199,1.) ;
#6207=VECTOR('Line Direction',#6206,1.) ;
#6214=VECTOR('Line Direction',#6213,1.) ;
#6221=VECTOR('Line Direction',#6220,1.) ;
#6228=VECTOR('Line Direction',#6227,1.) ;
#6235=VECTOR('Line Direction',#6234,1.) ;
#6273=VECTOR('Line Direction',#6272,1.) ;
#6298=VECTOR('Line Direction',#6297,1.) ;
#6324=VECTOR('Line Direction',#6323,1.) ;
#6349=VECTOR('Line Direction',#6348,1.) ;
#6374=VECTOR('Line Direction',#6373,1.) ;
#6399=VECTOR('Line Direction',#6398,1.) ;
#6424=VECTOR('Line Direction',#6423,1.) ;
#6441=VECTOR('Line Direction',#6440,1.) ;
#6458=VECTOR('Line Direction',#6457,1.) ;
#6465=VECTOR('Line Direction',#6464,1.) ;
#6472=VECTOR('Line Direction',#6471,1.) ;
#6489=VECTOR('Line Direction',#6488,1.) ;
#6496=VECTOR('Line Direction',#6495,1.) ;
#6513=VECTOR('Line Direction',#6512,1.) ;
#6520=VECTOR('Line Direction',#6519,1.) ;
#6537=VECTOR('Line Direction',#6536,1.) ;
#6544=VECTOR('Line Direction',#6543,1.) ;
#6561=VECTOR('Line Direction',#6560,1.) ;
#6568=VECTOR('Line Direction',#6567,1.) ;
#6585=VECTOR('Line Direction',#6584,1.) ;
#6592=VECTOR('Line Direction',#6591,1.) ;
#6609=VECTOR('Line Direction',#6608,1.) ;
#6616=VECTOR('Line Direction',#6615,1.) ;
#6633=VECTOR('Line Direction',#6632,1.) ;
#6640=VECTOR('Line Direction',#6639,1.) ;
#6657=VECTOR('Line Direction',#6656,1.) ;
#6664=VECTOR('Line Direction',#6663,1.) ;
#6681=VECTOR('Line Direction',#6680,1.) ;
#6688=VECTOR('Line Direction',#6687,1.) ;
#6705=VECTOR('Line Direction',#6704,1.) ;
#6712=VECTOR('Line Direction',#6711,1.) ;
#6729=VECTOR('Line Direction',#6728,1.) ;
#6736=VECTOR('Line Direction',#6735,1.) ;
#6753=VECTOR('Line Direction',#6752,1.) ;
#6770=VECTOR('Line Direction',#6769,1.) ;
#6805=VECTOR('Line Direction',#6804,1.) ;
#6830=VECTOR('Line Direction',#6829,1.) ;
#6855=VECTOR('Line Direction',#6854,1.) ;
#6881=VECTOR('Line Direction',#6880,1.) ;
#6906=VECTOR('Line Direction',#6905,1.) ;
#6932=VECTOR('Line Direction',#6931,1.) ;
#6958=VECTOR('Line Direction',#6957,1.) ;
#6983=VECTOR('Line Direction',#6982,1.) ;
#7009=VECTOR('Line Direction',#7008,1.) ;
#7035=VECTOR('Line Direction',#7034,1.) ;
#7060=VECTOR('Line Direction',#7059,1.) ;
#7086=VECTOR('Line Direction',#7085,1.) ;
#7103=VECTOR('Line Direction',#7102,1.) ;
#7110=VECTOR('Line Direction',#7109,1.) ;
#7117=VECTOR('Line Direction',#7116,1.) ;
#7134=VECTOR('Line Direction',#7133,1.) ;
#7141=VECTOR('Line Direction',#7140,1.) ;
#7158=VECTOR('Line Direction',#7157,1.) ;
#7165=VECTOR('Line Direction',#7164,1.) ;
#7182=VECTOR('Line Direction',#7181,1.) ;
#7189=VECTOR('Line Direction',#7188,1.) ;
#7206=VECTOR('Line Direction',#7205,1.) ;
#7213=VECTOR('Line Direction',#7212,1.) ;
#7230=VECTOR('Line Direction',#7229,1.) ;
#7237=VECTOR('Line Direction',#7236,1.) ;
#7254=VECTOR('Line Direction',#7253,1.) ;
#7261=VECTOR('Line Direction',#7260,1.) ;
#7278=VECTOR('Line Direction',#7277,1.) ;
#7285=VECTOR('Line Direction',#7284,1.) ;
#7302=VECTOR('Line Direction',#7301,1.) ;
#7309=VECTOR('Line Direction',#7308,1.) ;
#7326=VECTOR('Line Direction',#7325,1.) ;
#7333=VECTOR('Line Direction',#7332,1.) ;
#7350=VECTOR('Line Direction',#7349,1.) ;
#7357=VECTOR('Line Direction',#7356,1.) ;
#7374=VECTOR('Line Direction',#7373,1.) ;
#7381=VECTOR('Line Direction',#7380,1.) ;
#7393=VECTOR('Line Direction',#7392,1.) ;
#7400=VECTOR('Line Direction',#7399,1.) ;
#7417=VECTOR('Line Direction',#7416,1.) ;
#7424=VECTOR('Line Direction',#7423,1.) ;
#7441=VECTOR('Line Direction',#7440,1.) ;
#7448=VECTOR('Line Direction',#7447,1.) ;
#7465=VECTOR('Line Direction',#7464,1.) ;
#7472=VECTOR('Line Direction',#7471,1.) ;
#7489=VECTOR('Line Direction',#7488,1.) ;
#7496=VECTOR('Line Direction',#7495,1.) ;
#7513=VECTOR('Line Direction',#7512,1.) ;
#7520=VECTOR('Line Direction',#7519,1.) ;
#7537=VECTOR('Line Direction',#7536,1.) ;
#7544=VECTOR('Line Direction',#7543,1.) ;
#7561=VECTOR('Line Direction',#7560,1.) ;
#7568=VECTOR('Line Direction',#7567,1.) ;
#7585=VECTOR('Line Direction',#7584,1.) ;
#7592=VECTOR('Line Direction',#7591,1.) ;
#7609=VECTOR('Line Direction',#7608,1.) ;
#7616=VECTOR('Line Direction',#7615,1.) ;
#7633=VECTOR('Line Direction',#7632,1.) ;
#7650=VECTOR('Line Direction',#7649,1.) ;
#7684=VECTOR('Line Direction',#7683,1.) ;
#7709=VECTOR('Line Direction',#7708,1.) ;
#7734=VECTOR('Line Direction',#7733,1.) ;
#7759=VECTOR('Line Direction',#7758,1.) ;
#7784=VECTOR('Line Direction',#7783,1.) ;
#7809=VECTOR('Line Direction',#7808,1.) ;
#7835=VECTOR('Line Direction',#7834,1.) ;
#7860=VECTOR('Line Direction',#7859,1.) ;
#7886=VECTOR('Line Direction',#7885,1.) ;
#7912=VECTOR('Line Direction',#7911,1.) ;
#7937=VECTOR('Line Direction',#7936,1.) ;
#7963=VECTOR('Line Direction',#7962,1.) ;
#7988=VECTOR('Line Direction',#7987,1.) ;
#8013=VECTOR('Line Direction',#8012,1.) ;
#8038=VECTOR('Line Direction',#8037,1.) ;
#8064=VECTOR('Line Direction',#8063,1.) ;
#8090=VECTOR('Line Direction',#8089,1.) ;
#8116=VECTOR('Line Direction',#8115,1.) ;
#8142=VECTOR('Line Direction',#8141,1.) ;
#8168=VECTOR('Line Direction',#8167,1.) ;
#8193=VECTOR('Line Direction',#8192,1.) ;
#8219=VECTOR('Line Direction',#8218,1.) ;
#8231=VECTOR('Line Direction',#8230,1.) ;
#8238=VECTOR('Line Direction',#8237,1.) ;
#8245=VECTOR('Line Direction',#8244,1.) ;
#8262=VECTOR('Line Direction',#8261,1.) ;
#8269=VECTOR('Line Direction',#8268,1.) ;
#8286=VECTOR('Line Direction',#8285,1.) ;
#8293=VECTOR('Line Direction',#8292,1.) ;
#8305=VECTOR('Line Direction',#8304,1.) ;
#8312=VECTOR('Line Direction',#8311,1.) ;
#8329=VECTOR('Line Direction',#8328,1.) ;
#8336=VECTOR('Line Direction',#8335,1.) ;
#8348=VECTOR('Line Direction',#8347,1.) ;
#8355=VECTOR('Line Direction',#8354,1.) ;
#8372=VECTOR('Line Direction',#8371,1.) ;
#8379=VECTOR('Line Direction',#8378,1.) ;
#8396=VECTOR('Line Direction',#8395,1.) ;
#8403=VECTOR('Line Direction',#8402,1.) ;
#8415=VECTOR('Line Direction',#8414,1.) ;
#8422=VECTOR('Line Direction',#8421,1.) ;
#8439=VECTOR('Line Direction',#8438,1.) ;
#8446=VECTOR('Line Direction',#8445,1.) ;
#8458=VECTOR('Line Direction',#8457,1.) ;
#8465=VECTOR('Line Direction',#8464,1.) ;
#8482=VECTOR('Line Direction',#8481,1.) ;
#8489=VECTOR('Line Direction',#8488,1.) ;
#8506=VECTOR('Line Direction',#8505,1.) ;
#8523=VECTOR('Line Direction',#8522,1.) ;
#8557=VECTOR('Line Direction',#8556,1.) ;
#8582=VECTOR('Line Direction',#8581,1.) ;
#8608=VECTOR('Line Direction',#8607,1.) ;
#8644=VECTOR('Line Direction',#8643,1.) ;
#8669=VECTOR('Line Direction',#8668,1.) ;
#8695=VECTOR('Line Direction',#8694,1.) ;
#8720=VECTOR('Line Direction',#8719,1.) ;
#8746=VECTOR('Line Direction',#8745,1.) ;
#8785=VECTOR('Line Direction',#8784,1.) ;
#8810=VECTOR('Line Direction',#8809,1.) ;
#8835=VECTOR('Line Direction',#8834,1.) ;
#8874=VECTOR('Line Direction',#8873,1.) ;
#8886=VECTOR('Line Direction',#8885,1.) ;
#8893=VECTOR('Line Direction',#8892,1.) ;
#8900=VECTOR('Line Direction',#8899,1.) ;
#8917=VECTOR('Line Direction',#8916,1.) ;
#8924=VECTOR('Line Direction',#8923,1.) ;
#8941=VECTOR('Line Direction',#8940,1.) ;
#8948=VECTOR('Line Direction',#8947,1.) ;
#8960=VECTOR('Line Direction',#8959,1.) ;
#8967=VECTOR('Line Direction',#8966,1.) ;
#8984=VECTOR('Line Direction',#8983,1.) ;
#8991=VECTOR('Line Direction',#8990,1.) ;
#9008=VECTOR('Line Direction',#9007,1.) ;
#9015=VECTOR('Line Direction',#9014,1.) ;
#9032=VECTOR('Line Direction',#9031,1.) ;
#9039=VECTOR('Line Direction',#9038,1.) ;
#9056=VECTOR('Line Direction',#9055,1.) ;
#9063=VECTOR('Line Direction',#9062,1.) ;
#9080=VECTOR('Line Direction',#9079,1.) ;
#9087=VECTOR('Line Direction',#9086,1.) ;
#9104=VECTOR('Line Direction',#9103,1.) ;
#9111=VECTOR('Line Direction',#9110,1.) ;
#9128=VECTOR('Line Direction',#9127,1.) ;
#9135=VECTOR('Line Direction',#9134,1.) ;
#9152=VECTOR('Line Direction',#9151,1.) ;
#9169=VECTOR('Line Direction',#9168,1.) ;
#9203=VECTOR('Line Direction',#9202,1.) ;
#9228=VECTOR('Line Direction',#9227,1.) ;
#9254=VECTOR('Line Direction',#9253,1.) ;
#9279=VECTOR('Line Direction',#9278,1.) ;
#9304=VECTOR('Line Direction',#9303,1.) ;
#9330=VECTOR('Line Direction',#9329,1.) ;
#9356=VECTOR('Line Direction',#9355,1.) ;
#9381=VECTOR('Line Direction',#9380,1.) ;
#9406=VECTOR('Line Direction',#9405,1.) ;
#9432=VECTOR('Line Direction',#9431,1.) ;
#9458=VECTOR('Line Direction',#9457,1.) ;
#9470=VECTOR('Line Direction',#9469,1.) ;
#9477=VECTOR('Line Direction',#9476,1.) ;
#9484=VECTOR('Line Direction',#9483,1.) ;
#9501=VECTOR('Line Direction',#9500,1.) ;
#9508=VECTOR('Line Direction',#9507,1.) ;
#9525=VECTOR('Line Direction',#9524,1.) ;
#9532=VECTOR('Line Direction',#9531,1.) ;
#9544=VECTOR('Line Direction',#9543,1.) ;
#9551=VECTOR('Line Direction',#9550,1.) ;
#9563=VECTOR('Line Direction',#9562,1.) ;
#9570=VECTOR('Line Direction',#9569,1.) ;
#9587=VECTOR('Line Direction',#9586,1.) ;
#9594=VECTOR('Line Direction',#9593,1.) ;
#9606=VECTOR('Line Direction',#9605,1.) ;
#9613=VECTOR('Line Direction',#9612,1.) ;
#9630=VECTOR('Line Direction',#9629,1.) ;
#9664=VECTOR('Line Direction',#9663,1.) ;
#9673=VECTOR('Line Direction',#9672,1.) ;
#9680=VECTOR('Line Direction',#9679,1.) ;
#9687=VECTOR('Line Direction',#9686,1.) ;
#9694=VECTOR('Line Direction',#9693,1.) ;
#9701=VECTOR('Line Direction',#9700,1.) ;
#9708=VECTOR('Line Direction',#9707,1.) ;
#9715=VECTOR('Line Direction',#9714,1.) ;
#9972=VECTOR('Line Direction',#9971,1.) ;
#9981=VECTOR('Line Direction',#9980,1.) ;
#9988=VECTOR('Line Direction',#9987,1.) ;
#9995=VECTOR('Line Direction',#9994,1.) ;
#10002=VECTOR('Line Direction',#10001,1.) ;
#10009=VECTOR('Line Direction',#10008,1.) ;
#10016=VECTOR('Line Direction',#10015,1.) ;
#10023=VECTOR('Line Direction',#10022,1.) ;
#10030=VECTOR('Line Direction',#10029,1.) ;
#10037=VECTOR('Line Direction',#10036,1.) ;
#10044=VECTOR('Line Direction',#10043,1.) ;
#10068=VECTOR('Line Direction',#10067,1.) ;
#10075=VECTOR('Line Direction',#10074,1.) ;
#10082=VECTOR('Line Direction',#10081,1.) ;
#10094=VECTOR('Line Direction',#10093,1.) ;
#10101=VECTOR('Line Direction',#10100,1.) ;
#10118=VECTOR('Line Direction',#10117,1.) ;
#10125=VECTOR('Line Direction',#10124,1.) ;
#10142=VECTOR('Line Direction',#10141,1.) ;
#10149=VECTOR('Line Direction',#10148,1.) ;
#10166=VECTOR('Line Direction',#10165,1.) ;
#10173=VECTOR('Line Direction',#10172,1.) ;
#10190=VECTOR('Line Direction',#10189,1.) ;
#10197=VECTOR('Line Direction',#10196,1.) ;
#10214=VECTOR('Line Direction',#10213,1.) ;
#10221=VECTOR('Line Direction',#10220,1.) ;
#10238=VECTOR('Line Direction',#10237,1.) ;
#10245=VECTOR('Line Direction',#10244,1.) ;
#10262=VECTOR('Line Direction',#10261,1.) ;
#10269=VECTOR('Line Direction',#10268,1.) ;
#10286=VECTOR('Line Direction',#10285,1.) ;
#10293=VECTOR('Line Direction',#10292,1.) ;
#10310=VECTOR('Line Direction',#10309,1.) ;
#10596=VECTOR('Line Direction',#10595,1.) ;
#10605=VECTOR('Line Direction',#10604,1.) ;
#10619=VECTOR('Line Direction',#10618,1.) ;
#10633=VECTOR('Line Direction',#10632,1.) ;
#10640=VECTOR('Line Direction',#10639,1.) ;
#10654=VECTOR('Line Direction',#10653,1.) ;
#10661=VECTOR('Line Direction',#10660,1.) ;
#10668=VECTOR('Line Direction',#10667,1.) ;
#10682=VECTOR('Line Direction',#10681,1.) ;
#10696=VECTOR('Line Direction',#10695,1.) ;
#10818=VECTOR('Line Direction',#10817,1.) ;
#10832=VECTOR('Line Direction',#10831,1.) ;
#10909=VECTOR('Line Direction',#10908,1.) ;
#10923=VECTOR('Line Direction',#10922,1.) ;
#11000=VECTOR('Line Direction',#10999,1.) ;
#11014=VECTOR('Line Direction',#11013,1.) ;
#11091=VECTOR('Line Direction',#11090,1.) ;
#11105=VECTOR('Line Direction',#11104,1.) ;
#11182=VECTOR('Line Direction',#11181,1.) ;
#11196=VECTOR('Line Direction',#11195,1.) ;
#11273=VECTOR('Line Direction',#11272,1.) ;
#11287=VECTOR('Line Direction',#11286,1.) ;
#11666=VECTOR('Line Direction',#11665,1.) ;
#11680=VECTOR('Line Direction',#11679,1.) ;
#11709=VECTOR('Line Direction',#11708,1.) ;
#11718=VECTOR('Line Direction',#11717,1.) ;
#11725=VECTOR('Line Direction',#11724,1.) ;
#11818=VECTOR('Line Direction',#11817,1.) ;
#11832=VECTOR('Line Direction',#11831,1.) ;
#11861=VECTOR('Line Direction',#11860,1.) ;
#11898=VECTOR('Line Direction',#11897,1.) ;
#11905=VECTOR('Line Direction',#11904,1.) ;
#11977=VECTOR('Line Direction',#11976,1.) ;
#12007=VECTOR('Line Direction',#12006,1.) ;
#12014=VECTOR('Line Direction',#12013,1.) ;
#12085=VECTOR('Line Direction',#12084,1.) ;
#12122=VECTOR('Line Direction',#12121,1.) ;
#12129=VECTOR('Line Direction',#12128,1.) ;
#12295=VECTOR('Line Direction',#12294,1.) ;
#12350=VECTOR('Line Direction',#12349,1.) ;
#12357=VECTOR('Line Direction',#12356,1.) ;
#12410=VECTOR('Line Direction',#12409,1.) ;
#12569=VECTOR('Line Direction',#12568,1.) ;
#12586=VECTOR('Line Direction',#12585,1.) ;
#12603=VECTOR('Line Direction',#12602,1.) ;
#12639=VECTOR('Line Direction',#12638,1.) ;
#12663=VECTOR('Line Direction',#12662,1.) ;
#12680=VECTOR('Line Direction',#12679,1.) ;
#12694=VECTOR('Line Direction',#12693,1.) ;
#12723=VECTOR('Line Direction',#12722,1.) ;
#12742=VECTOR('Line Direction',#12741,1.) ;
#12776=VECTOR('Line Direction',#12775,1.) ;
#12790=VECTOR('Line Direction',#12789,1.) ;
#13234=VECTOR('Line Direction',#13233,1.) ;
#13289=VECTOR('Line Direction',#13288,1.) ;
#13296=VECTOR('Line Direction',#13295,1.) ;
#13351=VECTOR('Line Direction',#13350,1.) ;
#13358=VECTOR('Line Direction',#13357,1.) ;
#13411=VECTOR('Line Direction',#13410,1.) ;
#13462=VECTOR('Line Direction',#13461,1.) ;
#13495=VECTOR('Line Direction',#13494,1.) ;
#13512=VECTOR('Line Direction',#13511,1.) ;
#13519=VECTOR('Line Direction',#13518,1.) ;
#13543=VECTOR('Line Direction',#13542,1.) ;
#13965=VECTOR('Line Direction',#13964,1.) ;
#14026=VECTOR('Line Direction',#14025,1.) ;
#14067=VECTOR('Line Direction',#14066,1.) ;
#14074=VECTOR('Line Direction',#14073,1.) ;
#14081=VECTOR('Line Direction',#14080,1.) ;
#14156=VECTOR('Line Direction',#14155,1.) ;
#14246=VECTOR('Line Direction',#14245,1.) ;
#14262=VECTOR('Line Direction',#14261,1.) ;
#10524=ADVANCED_BREP_SHAPE_REPRESENTATION('NONE',(#10523,#14237,#14600),#46) ;
#49=SHAPE_REPRESENTATION(' ',(#48),#46) ;
#91=ADVANCED_FACE('PartBody',(#90),#56,.T.) ;
#113=ADVANCED_FACE('PartBody',(#112),#96,.T.) ;
#335=ADVANCED_FACE('PartBody',(#240,#244,#262,#280,#298,#316,#334),#118,.F.) ;
#366=ADVANCED_FACE('PartBody',(#365),#340,.F.) ;
#378=ADVANCED_FACE('PartBody',(#377),#340,.F.) ;
#409=ADVANCED_FACE('PartBody',(#408),#383,.T.) ;
#426=ADVANCED_FACE('PartBody',(#425),#414,.T.) ;
#457=ADVANCED_FACE('PartBody',(#456),#431,.F.) ;
#469=ADVANCED_FACE('PartBody',(#468),#431,.F.) ;
#500=ADVANCED_FACE('PartBody',(#499),#474,.T.) ;
#517=ADVANCED_FACE('PartBody',(#516),#505,.T.) ;
#548=ADVANCED_FACE('PartBody',(#547),#522,.F.) ;
#560=ADVANCED_FACE('PartBody',(#559),#522,.F.) ;
#591=ADVANCED_FACE('PartBody',(#590),#565,.T.) ;
#608=ADVANCED_FACE('PartBody',(#607),#596,.T.) ;
#639=ADVANCED_FACE('PartBody',(#638),#613,.F.) ;
#651=ADVANCED_FACE('PartBody',(#650),#613,.F.) ;
#682=ADVANCED_FACE('PartBody',(#681),#656,.T.) ;
#699=ADVANCED_FACE('PartBody',(#698),#687,.T.) ;
#730=ADVANCED_FACE('PartBody',(#729),#704,.F.) ;
#742=ADVANCED_FACE('PartBody',(#741),#704,.F.) ;
#773=ADVANCED_FACE('PartBody',(#772),#747,.T.) ;
#790=ADVANCED_FACE('PartBody',(#789),#778,.T.) ;
#821=ADVANCED_FACE('PartBody',(#820),#795,.F.) ;
#833=ADVANCED_FACE('PartBody',(#832),#795,.F.) ;
#864=ADVANCED_FACE('PartBody',(#863),#838,.T.) ;
#881=ADVANCED_FACE('PartBody',(#880),#869,.T.) ;
#912=ADVANCED_FACE('PartBody',(#911),#886,.T.) ;
#929=ADVANCED_FACE('PartBody',(#928),#917,.T.) ;
#960=ADVANCED_FACE('PartBody',(#959),#934,.T.) ;
#977=ADVANCED_FACE('PartBody',(#976),#965,.T.) ;
#1008=ADVANCED_FACE('PartBody',(#1007),#982,.T.) ;
#1025=ADVANCED_FACE('PartBody',(#1024),#1013,.T.) ;
#1056=ADVANCED_FACE('PartBody',(#1055),#1030,.T.) ;
#1073=ADVANCED_FACE('PartBody',(#1072),#1061,.T.) ;
#1104=ADVANCED_FACE('PartBody',(#1103),#1078,.T.) ;
#1121=ADVANCED_FACE('PartBody',(#1120),#1109,.T.) ;
#1161=ADVANCED_FACE('PartBody',(#1160),#1126,.T.) ;
#1183=ADVANCED_FACE('PartBody',(#1182),#1166,.T.) ;
#1214=ADVANCED_FACE('PartBody',(#1213),#1188,.F.) ;
#1226=ADVANCED_FACE('PartBody',(#1225),#1188,.F.) ;
#1278=ADVANCED_FACE('PartBody',(#1273,#1277),#1231,.F.) ;
#1318=ADVANCED_FACE('PartBody',(#1317),#1283,.T.) ;
#1340=ADVANCED_FACE('PartBody',(#1339),#1323,.T.) ;
#1366=ADVANCED_FACE('PartBody',(#1365),#1188,.F.) ;
#1378=ADVANCED_FACE('PartBody',(#1377),#1188,.F.) ;
#1446=ADVANCED_FACE('PartBody',(#1441,#1445),#1383,.T.) ;
#1477=ADVANCED_FACE('PartBody',(#1476),#1451,.T.) ;
#1494=ADVANCED_FACE('PartBody',(#1493),#1482,.T.) ;
#1554=ADVANCED_FACE('PartBody',(#1549,#1553),#1499,.T.) ;
#1585=ADVANCED_FACE('PartBody',(#1584),#1559,.T.) ;
#1602=ADVANCED_FACE('PartBody',(#1601),#1590,.T.) ;
#1670=ADVANCED_FACE('PartBody',(#1665,#1669),#1607,.T.) ;
#1699=ADVANCED_FACE('PartBody',(#1698),#1675,.T.) ;
#1716=ADVANCED_FACE('PartBody',(#1715),#1704,.T.) ;
#1740=ADVANCED_FACE('PartBody',(#1739),#1721,.T.) ;
#1764=ADVANCED_FACE('PartBody',(#1763),#1745,.T.) ;
#1788=ADVANCED_FACE('PartBody',(#1787),#1769,.T.) ;
#1812=ADVANCED_FACE('PartBody',(#1811),#1793,.T.) ;
#1836=ADVANCED_FACE('PartBody',(#1835),#1817,.T.) ;
#1867=ADVANCED_FACE('PartBody',(#1866),#1841,.T.) ;
#1898=ADVANCED_FACE('PartBody',(#1897),#1872,.T.) ;
#1927=ADVANCED_FACE('PartBody',(#1926),#1903,.T.) ;
#1951=ADVANCED_FACE('PartBody',(#1950),#1932,.T.) ;
#1975=ADVANCED_FACE('PartBody',(#1974),#1956,.T.) ;
#1999=ADVANCED_FACE('PartBody',(#1998),#1980,.T.) ;
#2023=ADVANCED_FACE('PartBody',(#2022),#2004,.T.) ;
#2045=ADVANCED_FACE('PartBody',(#2044),#2028,.T.) ;
#2062=ADVANCED_FACE('PartBody',(#2061),#2050,.T.) ;
#2086=ADVANCED_FACE('PartBody',(#2085),#2067,.T.) ;
#2103=ADVANCED_FACE('PartBody',(#2102),#2091,.T.) ;
#2120=ADVANCED_FACE('PartBody',(#2119),#2108,.F.) ;
#2137=ADVANCED_FACE('PartBody',(#2136),#2125,.T.) ;
#2149=ADVANCED_FACE('PartBody',(#2148),#2142,.F.) ;
#2173=ADVANCED_FACE('PartBody',(#2172),#2154,.F.) ;
#2197=ADVANCED_FACE('PartBody',(#2196),#2178,.T.) ;
#2228=ADVANCED_FACE('PartBody',(#2227),#2202,.F.) ;
#2240=ADVANCED_FACE('PartBody',(#2239),#2178,.T.) ;
#2264=ADVANCED_FACE('PartBody',(#2263),#2245,.F.) ;
#2293=ADVANCED_FACE('PartBody',(#2292),#2178,.T.) ;
#2324=ADVANCED_FACE('PartBody',(#2323),#2298,.F.) ;
#2346=ADVANCED_FACE('PartBody',(#2345),#2178,.T.) ;
#2693=ADVANCED_FACE('PartBody',(#2692),#2347,.T.) ;
#2710=ADVANCED_FACE('PartBody',(#2709),#2698,.T.) ;
#2727=ADVANCED_FACE('PartBody',(#2726),#2715,.T.) ;
#2751=ADVANCED_FACE('PartBody',(#2750),#2732,.T.) ;
#2775=ADVANCED_FACE('PartBody',(#2774),#2756,.T.) ;
#2806=ADVANCED_FACE('PartBody',(#2805),#2780,.T.) ;
#2837=ADVANCED_FACE('PartBody',(#2836),#2811,.T.) ;
#2868=ADVANCED_FACE('PartBody',(#2867),#2842,.T.) ;
#2899=ADVANCED_FACE('PartBody',(#2898),#2873,.T.) ;
#2928=ADVANCED_FACE('PartBody',(#2927),#2904,.T.) ;
#2950=ADVANCED_FACE('PartBody',(#2949),#2933,.T.) ;
#2967=ADVANCED_FACE('PartBody',(#2966),#2955,.T.) ;
#2979=ADVANCED_FACE('PartBody',(#2978),#2972,.T.) ;
#2996=ADVANCED_FACE('PartBody',(#2995),#2984,.F.) ;
#3005=ADVANCED_FACE('PartBody',(#3004),#2125,.T.) ;
#3029=ADVANCED_FACE('PartBody',(#3028),#3010,.T.) ;
#3053=ADVANCED_FACE('PartBody',(#3052),#3034,.F.) ;
#3077=ADVANCED_FACE('PartBody',(#3076),#3058,.T.) ;
#3168=ADVANCED_FACE('PartBody',(#3167),#3078,.T.) ;
#3277=ADVANCED_FACE('PartBody',(#3276),#3169,.T.) ;
#3295=ADVANCED_FACE('PartBody',(#3294),#3282,.T.) ;
#3312=ADVANCED_FACE('PartBody',(#3311),#3300,.T.) ;
#3403=ADVANCED_FACE('PartBody',(#3402),#3313,.T.) ;
#3482=ADVANCED_FACE('PartBody',(#3481),#3404,.T.) ;
#3507=ADVANCED_FACE('PartBody',(#3506),#3487,.T.) ;
#3519=ADVANCED_FACE('PartBody',(#3518),#3512,.T.) ;
#3543=ADVANCED_FACE('PartBody',(#3542),#3524,.T.) ;
#3567=ADVANCED_FACE('PartBody',(#3566),#3548,.T.) ;
#3584=ADVANCED_FACE('PartBody',(#3583),#3572,.T.) ;
#3615=ADVANCED_FACE('PartBody',(#3614),#3589,.F.) ;
#3632=ADVANCED_FACE('PartBody',(#3631),#3620,.T.) ;
#3649=ADVANCED_FACE('PartBody',(#3648),#3637,.T.) ;
#3673=ADVANCED_FACE('PartBody',(#3672),#3654,.T.) ;
#3697=ADVANCED_FACE('PartBody',(#3696),#3678,.T.) ;
#3714=ADVANCED_FACE('PartBody',(#3713),#3702,.T.) ;
#3826=ADVANCED_FACE('PartBody',(#3825),#3719,.T.) ;
#3860=ADVANCED_FACE('PartBody',(#3859),#3831,.T.) ;
#3896=ADVANCED_FACE('PartBody',(#3895),#3865,.T.) ;
#3921=ADVANCED_FACE('PartBody',(#3920),#3901,.T.) ;
#3947=ADVANCED_FACE('PartBody',(#3946),#3926,.T.) ;
#3972=ADVANCED_FACE('PartBody',(#3971),#3952,.T.) ;
#3998=ADVANCED_FACE('PartBody',(#3997),#3977,.T.) ;
#4037=ADVANCED_FACE('PartBody',(#4036),#4003,.T.) ;
#4062=ADVANCED_FACE('PartBody',(#4061),#4042,.T.) ;
#4087=ADVANCED_FACE('PartBody',(#4086),#4067,.T.) ;
#4126=ADVANCED_FACE('PartBody',(#4125),#4092,.T.) ;
#4151=ADVANCED_FACE('PartBody',(#4150),#4131,.T.) ;
#4176=ADVANCED_FACE('PartBody',(#4175),#4156,.T.) ;
#4193=ADVANCED_FACE('PartBody',(#4192),#4181,.T.) ;
#4236=ADVANCED_FACE('PartBody',(#4235),#4198,.T.) ;
#4269=ADVANCED_FACE('PartBody',(#4268),#4241,.T.) ;
#4301=ADVANCED_FACE('PartBody',(#4300),#4274,.T.) ;
#4334=ADVANCED_FACE('PartBody',(#4333),#4306,.T.) ;
#4366=ADVANCED_FACE('PartBody',(#4365),#4339,.T.) ;
#4399=ADVANCED_FACE('PartBody',(#4398),#4371,.T.) ;
#4432=ADVANCED_FACE('PartBody',(#4431),#4404,.T.) ;
#4464=ADVANCED_FACE('PartBody',(#4463),#4437,.T.) ;
#4497=ADVANCED_FACE('PartBody',(#4496),#4469,.T.) ;
#4530=ADVANCED_FACE('PartBody',(#4529),#4502,.T.) ;
#4562=ADVANCED_FACE('PartBody',(#4561),#4535,.T.) ;
#4595=ADVANCED_FACE('PartBody',(#4594),#4567,.T.) ;
#4617=ADVANCED_FACE('PartBody',(#4616),#4600,.T.) ;
#4723=ADVANCED_FACE('PartBody',(#4632,#4722),#3719,.T.) ;
#4758=ADVANCED_FACE('PartBody',(#4757),#4728,.T.) ;
#4783=ADVANCED_FACE('PartBody',(#4782),#4763,.T.) ;
#4808=ADVANCED_FACE('PartBody',(#4807),#4788,.T.) ;
#4834=ADVANCED_FACE('PartBody',(#4833),#4813,.T.) ;
#4860=ADVANCED_FACE('PartBody',(#4859),#4839,.T.) ;
#4885=ADVANCED_FACE('PartBody',(#4884),#4865,.T.) ;
#4910=ADVANCED_FACE('PartBody',(#4909),#4890,.T.) ;
#4936=ADVANCED_FACE('PartBody',(#4935),#4915,.T.) ;
#4962=ADVANCED_FACE('PartBody',(#4961),#4941,.T.) ;
#4988=ADVANCED_FACE('PartBody',(#4987),#4967,.T.) ;
#5005=ADVANCED_FACE('PartBody',(#5004),#4993,.T.) ;
#5192=ADVANCED_FACE('PartBody',(#5191),#3719,.T.) ;
#5226=ADVANCED_FACE('PartBody',(#5225),#5197,.T.) ;
#5251=ADVANCED_FACE('PartBody',(#5250),#5231,.T.) ;
#5277=ADVANCED_FACE('PartBody',(#5276),#5256,.T.) ;
#5302=ADVANCED_FACE('PartBody',(#5301),#5282,.T.) ;
#5328=ADVANCED_FACE('PartBody',(#5327),#5307,.T.) ;
#5353=ADVANCED_FACE('PartBody',(#5352),#5333,.T.) ;
#5379=ADVANCED_FACE('PartBody',(#5378),#5358,.T.) ;
#5405=ADVANCED_FACE('PartBody',(#5404),#5384,.T.) ;
#5430=ADVANCED_FACE('PartBody',(#5429),#5410,.T.) ;
#5456=ADVANCED_FACE('PartBody',(#5455),#5435,.T.) ;
#5482=ADVANCED_FACE('PartBody',(#5481),#5461,.T.) ;
#5507=ADVANCED_FACE('PartBody',(#5506),#5487,.T.) ;
#5532=ADVANCED_FACE('PartBody',(#5531),#5512,.T.) ;
#5558=ADVANCED_FACE('PartBody',(#5557),#5537,.T.) ;
#5583=ADVANCED_FACE('PartBody',(#5582),#5563,.T.) ;
#5609=ADVANCED_FACE('PartBody',(#5608),#5588,.T.) ;
#5634=ADVANCED_FACE('PartBody',(#5633),#5614,.T.) ;
#5660=ADVANCED_FACE('PartBody',(#5659),#5639,.T.) ;
#5686=ADVANCED_FACE('PartBody',(#5685),#5665,.T.) ;
#5712=ADVANCED_FACE('PartBody',(#5711),#5691,.T.) ;
#5738=ADVANCED_FACE('PartBody',(#5737),#5717,.T.) ;
#5763=ADVANCED_FACE('PartBody',(#5762),#5743,.T.) ;
#5780=ADVANCED_FACE('PartBody',(#5779),#5768,.T.) ;
#5879=ADVANCED_FACE('PartBody',(#5878),#3719,.T.) ;
#5913=ADVANCED_FACE('PartBody',(#5912),#5884,.T.) ;
#5938=ADVANCED_FACE('PartBody',(#5937),#5918,.T.) ;
#5963=ADVANCED_FACE('PartBody',(#5962),#5943,.T.) ;
#5988=ADVANCED_FACE('PartBody',(#5987),#5968,.T.) ;
#6013=ADVANCED_FACE('PartBody',(#6012),#5993,.T.) ;
#6038=ADVANCED_FACE('PartBody',(#6037),#6018,.T.) ;
#6063=ADVANCED_FACE('PartBody',(#6062),#6043,.T.) ;
#6088=ADVANCED_FACE('PartBody',(#6087),#6068,.T.) ;
#6114=ADVANCED_FACE('PartBody',(#6113),#6093,.T.) ;
#6139=ADVANCED_FACE('PartBody',(#6138),#6119,.T.) ;
#6164=ADVANCED_FACE('PartBody',(#6163),#6144,.T.) ;
#6181=ADVANCED_FACE('PartBody',(#6180),#6169,.T.) ;
#6248=ADVANCED_FACE('PartBody',(#6247),#3719,.T.) ;
#6282=ADVANCED_FACE('PartBody',(#6281),#6253,.T.) ;
#6307=ADVANCED_FACE('PartBody',(#6306),#6287,.T.) ;
#6333=ADVANCED_FACE('PartBody',(#6332),#6312,.T.) ;
#6358=ADVANCED_FACE('PartBody',(#6357),#6338,.T.) ;
#6383=ADVANCED_FACE('PartBody',(#6382),#6363,.T.) ;
#6408=ADVANCED_FACE('PartBody',(#6407),#6388,.T.) ;
#6433=ADVANCED_FACE('PartBody',(#6432),#6413,.T.) ;
#6450=ADVANCED_FACE('PartBody',(#6449),#6438,.T.) ;
#6481=ADVANCED_FACE('PartBody',(#6480),#6455,.T.) ;
#6505=ADVANCED_FACE('PartBody',(#6504),#6486,.T.) ;
#6529=ADVANCED_FACE('PartBody',(#6528),#6510,.T.) ;
#6553=ADVANCED_FACE('PartBody',(#6552),#6534,.T.) ;
#6577=ADVANCED_FACE('PartBody',(#6576),#6558,.T.) ;
#6601=ADVANCED_FACE('PartBody',(#6600),#6582,.T.) ;
#6625=ADVANCED_FACE('PartBody',(#6624),#6606,.T.) ;
#6649=ADVANCED_FACE('PartBody',(#6648),#6630,.T.) ;
#6673=ADVANCED_FACE('PartBody',(#6672),#6654,.T.) ;
#6697=ADVANCED_FACE('PartBody',(#6696),#6678,.T.) ;
#6721=ADVANCED_FACE('PartBody',(#6720),#6702,.T.) ;
#6745=ADVANCED_FACE('PartBody',(#6744),#6726,.T.) ;
#6762=ADVANCED_FACE('PartBody',(#6761),#6750,.T.) ;
#6797=ADVANCED_FACE('PartBody',(#6796),#6767,.F.) ;
#6822=ADVANCED_FACE('PartBody',(#6821),#6802,.F.) ;
#6847=ADVANCED_FACE('PartBody',(#6846),#6827,.F.) ;
#6873=ADVANCED_FACE('PartBody',(#6872),#6852,.F.) ;
#6898=ADVANCED_FACE('PartBody',(#6897),#6878,.F.) ;
#6924=ADVANCED_FACE('PartBody',(#6923),#6903,.F.) ;
#6950=ADVANCED_FACE('PartBody',(#6949),#6929,.F.) ;
#6975=ADVANCED_FACE('PartBody',(#6974),#6955,.F.) ;
#7001=ADVANCED_FACE('PartBody',(#7000),#6980,.F.) ;
#7027=ADVANCED_FACE('PartBody',(#7026),#7006,.F.) ;
#7052=ADVANCED_FACE('PartBody',(#7051),#7032,.F.) ;
#7078=ADVANCED_FACE('PartBody',(#7077),#7057,.F.) ;
#7095=ADVANCED_FACE('PartBody',(#7094),#7083,.F.) ;
#7126=ADVANCED_FACE('PartBody',(#7125),#7100,.T.) ;
#7150=ADVANCED_FACE('PartBody',(#7149),#7131,.T.) ;
#7174=ADVANCED_FACE('PartBody',(#7173),#7155,.T.) ;
#7198=ADVANCED_FACE('PartBody',(#7197),#7179,.T.) ;
#7222=ADVANCED_FACE('PartBody',(#7221),#7203,.T.) ;
#7246=ADVANCED_FACE('PartBody',(#7245),#7227,.T.) ;
#7270=ADVANCED_FACE('PartBody',(#7269),#7251,.T.) ;
#7294=ADVANCED_FACE('PartBody',(#7293),#7275,.T.) ;
#7318=ADVANCED_FACE('PartBody',(#7317),#7299,.T.) ;
#7342=ADVANCED_FACE('PartBody',(#7341),#7323,.T.) ;
#7366=ADVANCED_FACE('PartBody',(#7365),#7347,.T.) ;
#7390=ADVANCED_FACE('PartBody',(#7389),#7371,.T.) ;
#7409=ADVANCED_FACE('PartBody',(#7408),#6534,.T.) ;
#7433=ADVANCED_FACE('PartBody',(#7432),#7414,.T.) ;
#7457=ADVANCED_FACE('PartBody',(#7456),#7438,.T.) ;
#7481=ADVANCED_FACE('PartBody',(#7480),#7462,.T.) ;
#7505=ADVANCED_FACE('PartBody',(#7504),#7486,.T.) ;
#7529=ADVANCED_FACE('PartBody',(#7528),#7510,.T.) ;
#7553=ADVANCED_FACE('PartBody',(#7552),#7534,.T.) ;
#7577=ADVANCED_FACE('PartBody',(#7576),#7558,.T.) ;
#7601=ADVANCED_FACE('PartBody',(#7600),#7582,.T.) ;
#7625=ADVANCED_FACE('PartBody',(#7624),#7606,.T.) ;
#7642=ADVANCED_FACE('PartBody',(#7641),#7630,.T.) ;
#7676=ADVANCED_FACE('PartBody',(#7675),#7647,.F.) ;
#7701=ADVANCED_FACE('PartBody',(#7700),#7681,.F.) ;
#7726=ADVANCED_FACE('PartBody',(#7725),#7706,.F.) ;
#7751=ADVANCED_FACE('PartBody',(#7750),#7731,.F.) ;
#7776=ADVANCED_FACE('PartBody',(#7775),#7756,.F.) ;
#7801=ADVANCED_FACE('PartBody',(#7800),#7781,.F.) ;
#7827=ADVANCED_FACE('PartBody',(#7826),#7806,.F.) ;
#7852=ADVANCED_FACE('PartBody',(#7851),#7832,.F.) ;
#7878=ADVANCED_FACE('PartBody',(#7877),#7857,.F.) ;
#7904=ADVANCED_FACE('PartBody',(#7903),#7883,.F.) ;
#7929=ADVANCED_FACE('PartBody',(#7928),#7909,.F.) ;
#7955=ADVANCED_FACE('PartBody',(#7954),#7934,.F.) ;
#7980=ADVANCED_FACE('PartBody',(#7979),#7960,.F.) ;
#8005=ADVANCED_FACE('PartBody',(#8004),#7985,.F.) ;
#8030=ADVANCED_FACE('PartBody',(#8029),#8010,.F.) ;
#8056=ADVANCED_FACE('PartBody',(#8055),#8035,.F.) ;
#8082=ADVANCED_FACE('PartBody',(#8081),#8061,.F.) ;
#8108=ADVANCED_FACE('PartBody',(#8107),#8087,.F.) ;
#8134=ADVANCED_FACE('PartBody',(#8133),#8113,.F.) ;
#8160=ADVANCED_FACE('PartBody',(#8159),#8139,.F.) ;
#8185=ADVANCED_FACE('PartBody',(#8184),#8165,.F.) ;
#8211=ADVANCED_FACE('PartBody',(#8210),#8190,.F.) ;
#8228=ADVANCED_FACE('PartBody',(#8227),#8216,.F.) ;
#8254=ADVANCED_FACE('PartBody',(#8253),#6455,.T.) ;
#8278=ADVANCED_FACE('PartBody',(#8277),#8259,.T.) ;
#8302=ADVANCED_FACE('PartBody',(#8301),#8283,.T.) ;
#8321=ADVANCED_FACE('PartBody',(#8320),#6534,.T.) ;
#8345=ADVANCED_FACE('PartBody',(#8344),#8326,.T.) ;
#8364=ADVANCED_FACE('PartBody',(#8363),#6455,.T.) ;
#8388=ADVANCED_FACE('PartBody',(#8387),#8369,.T.) ;
#8412=ADVANCED_FACE('PartBody',(#8411),#8393,.T.) ;
#8431=ADVANCED_FACE('PartBody',(#8430),#6455,.T.) ;
#8455=ADVANCED_FACE('PartBody',(#8454),#8436,.T.) ;
#8474=ADVANCED_FACE('PartBody',(#8473),#6534,.T.) ;
#8498=ADVANCED_FACE('PartBody',(#8497),#8479,.T.) ;
#8515=ADVANCED_FACE('PartBody',(#8514),#8503,.T.) ;
#8549=ADVANCED_FACE('PartBody',(#8548),#8520,.F.) ;
#8574=ADVANCED_FACE('PartBody',(#8573),#8554,.F.) ;
#8600=ADVANCED_FACE('PartBody',(#8599),#8579,.F.) ;
#8636=ADVANCED_FACE('PartBody',(#8635),#8605,.F.) ;
#8661=ADVANCED_FACE('PartBody',(#8660),#8641,.F.) ;
#8687=ADVANCED_FACE('PartBody',(#8686),#8666,.F.) ;
#8712=ADVANCED_FACE('PartBody',(#8711),#8692,.F.) ;
#8738=ADVANCED_FACE('PartBody',(#8737),#8717,.F.) ;
#8777=ADVANCED_FACE('PartBody',(#8776),#8743,.F.) ;
#8802=ADVANCED_FACE('PartBody',(#8801),#8782,.F.) ;
#8827=ADVANCED_FACE('PartBody',(#8826),#8807,.F.) ;
#8866=ADVANCED_FACE('PartBody',(#8865),#8832,.F.) ;
#8883=ADVANCED_FACE('PartBody',(#8882),#8871,.F.) ;
#8909=ADVANCED_FACE('PartBody',(#8908),#6455,.T.) ;
#8933=ADVANCED_FACE('PartBody',(#8932),#8914,.T.) ;
#8957=ADVANCED_FACE('PartBody',(#8956),#8938,.T.) ;
#8976=ADVANCED_FACE('PartBody',(#8975),#6534,.T.) ;
#9000=ADVANCED_FACE('PartBody',(#8999),#8981,.T.) ;
#9024=ADVANCED_FACE('PartBody',(#9023),#9005,.T.) ;
#9048=ADVANCED_FACE('PartBody',(#9047),#9029,.T.) ;
#9072=ADVANCED_FACE('PartBody',(#9071),#9053,.T.) ;
#9096=ADVANCED_FACE('PartBody',(#9095),#9077,.T.) ;
#9120=ADVANCED_FACE('PartBody',(#9119),#9101,.T.) ;
#9144=ADVANCED_FACE('PartBody',(#9143),#9125,.T.) ;
#9161=ADVANCED_FACE('PartBody',(#9160),#9149,.T.) ;
#9195=ADVANCED_FACE('PartBody',(#9194),#9166,.F.) ;
#9220=ADVANCED_FACE('PartBody',(#9219),#9200,.F.) ;
#9246=ADVANCED_FACE('PartBody',(#9245),#9225,.F.) ;
#9271=ADVANCED_FACE('PartBody',(#9270),#9251,.F.) ;
#9296=ADVANCED_FACE('PartBody',(#9295),#9276,.F.) ;
#9322=ADVANCED_FACE('PartBody',(#9321),#9301,.F.) ;
#9348=ADVANCED_FACE('PartBody',(#9347),#9327,.F.) ;
#9373=ADVANCED_FACE('PartBody',(#9372),#9353,.F.) ;
#9398=ADVANCED_FACE('PartBody',(#9397),#9378,.F.) ;
#9424=ADVANCED_FACE('PartBody',(#9423),#9403,.F.) ;
#9450=ADVANCED_FACE('PartBody',(#9449),#9429,.F.) ;
#9467=ADVANCED_FACE('PartBody',(#9466),#9455,.F.) ;
#9493=ADVANCED_FACE('PartBody',(#9492),#6455,.T.) ;
#9517=ADVANCED_FACE('PartBody',(#9516),#9498,.T.) ;
#9541=ADVANCED_FACE('PartBody',(#9540),#9522,.T.) ;
#9560=ADVANCED_FACE('PartBody',(#9559),#9125,.T.) ;
#9579=ADVANCED_FACE('PartBody',(#9578),#9125,.T.) ;
#9603=ADVANCED_FACE('PartBody',(#9602),#9584,.T.) ;
#9622=ADVANCED_FACE('PartBody',(#9621),#6534,.T.) ;
#9639=ADVANCED_FACE('PartBody',(#9638),#9627,.T.) ;
#9821=ADVANCED_FACE('PartBody',(#9661,#9727,#9741,#9756,#9781,#9796,#9800,#9804,#9808,#9812,#9816,#9820),#9644,.T.) ;
#9846=ADVANCED_FACE('PartBody',(#9845),#9826,.F.) ;
#9865=ADVANCED_FACE('PartBody',(#9864),#9851,.F.) ;
#9884=ADVANCED_FACE('PartBody',(#9883),#9870,.F.) ;
#9902=ADVANCED_FACE('PartBody',(#9901),#9889,.F.) ;
#9921=ADVANCED_FACE('PartBody',(#9920),#9907,.F.) ;
#9939=ADVANCED_FACE('PartBody',(#9938),#9926,.F.) ;
#9957=ADVANCED_FACE('PartBody',(#9956),#9944,.F.) ;
#9969=ADVANCED_FACE('PartBody',(#9968),#9962,.F.) ;
#10060=ADVANCED_FACE('PartBody',(#10059),#9644,.T.) ;
#10091=ADVANCED_FACE('PartBody',(#10090),#10065,.T.) ;
#10110=ADVANCED_FACE('PartBody',(#10109),#9125,.T.) ;
#10134=ADVANCED_FACE('PartBody',(#10133),#10115,.T.) ;
#10158=ADVANCED_FACE('PartBody',(#10157),#10139,.T.) ;
#10182=ADVANCED_FACE('PartBody',(#10181),#10163,.T.) ;
#10206=ADVANCED_FACE('PartBody',(#10205),#10187,.T.) ;
#10230=ADVANCED_FACE('PartBody',(#10229),#10211,.T.) ;
#10254=ADVANCED_FACE('PartBody',(#10253),#10235,.T.) ;
#10278=ADVANCED_FACE('PartBody',(#10277),#10259,.T.) ;
#10302=ADVANCED_FACE('PartBody',(#10301),#10283,.T.) ;
#10319=ADVANCED_FACE('PartBody',(#10318),#10307,.T.) ;
#10343=ADVANCED_FACE('PartBody',(#10342),#10324,.F.) ;
#10361=ADVANCED_FACE('PartBody',(#10360),#10348,.F.) ;
#10379=ADVANCED_FACE('PartBody',(#10378),#10366,.F.) ;
#10398=ADVANCED_FACE('PartBody',(#10397),#10384,.F.) ;
#10416=ADVANCED_FACE('PartBody',(#10415),#10403,.F.) ;
#10435=ADVANCED_FACE('PartBody',(#10434),#10421,.F.) ;
#10454=ADVANCED_FACE('PartBody',(#10453),#10440,.F.) ;
#10473=ADVANCED_FACE('PartBody',(#10472),#10459,.F.) ;
#10492=ADVANCED_FACE('PartBody',(#10491),#10478,.F.) ;
#10510=ADVANCED_FACE('PartBody',(#10509),#10497,.F.) ;
#10522=ADVANCED_FACE('PartBody',(#10521),#10515,.F.) ;
#10566=ADVANCED_FACE('Body.4',(#10565),#10531,.T.) ;
#10588=ADVANCED_FACE('Body.4',(#10587),#10571,.T.) ;
#10810=ADVANCED_FACE('Body.4',(#10715,#10719,#10737,#10755,#10773,#10791,#10809),#10593,.T.) ;
#10841=ADVANCED_FACE('Body.4',(#10840),#10815,.F.) ;
#10853=ADVANCED_FACE('Body.4',(#10852),#10815,.F.) ;
#10884=ADVANCED_FACE('Body.4',(#10883),#10858,.T.) ;
#10901=ADVANCED_FACE('Body.4',(#10900),#10889,.T.) ;
#10932=ADVANCED_FACE('Body.4',(#10931),#10906,.F.) ;
#10944=ADVANCED_FACE('Body.4',(#10943),#10906,.F.) ;
#10975=ADVANCED_FACE('Body.4',(#10974),#10949,.T.) ;
#10992=ADVANCED_FACE('Body.4',(#10991),#10980,.T.) ;
#11023=ADVANCED_FACE('Body.4',(#11022),#10997,.F.) ;
#11035=ADVANCED_FACE('Body.4',(#11034),#10997,.F.) ;
#11066=ADVANCED_FACE('Body.4',(#11065),#11040,.T.) ;
#11083=ADVANCED_FACE('Body.4',(#11082),#11071,.T.) ;
#11114=ADVANCED_FACE('Body.4',(#11113),#11088,.F.) ;
#11126=ADVANCED_FACE('Body.4',(#11125),#11088,.F.) ;
#11157=ADVANCED_FACE('Body.4',(#11156),#11131,.T.) ;
#11174=ADVANCED_FACE('Body.4',(#11173),#11162,.T.) ;
#11205=ADVANCED_FACE('Body.4',(#11204),#11179,.F.) ;
#11217=ADVANCED_FACE('Body.4',(#11216),#11179,.F.) ;
#11248=ADVANCED_FACE('Body.4',(#11247),#11222,.T.) ;
#11265=ADVANCED_FACE('Body.4',(#11264),#11253,.T.) ;
#11296=ADVANCED_FACE('Body.4',(#11295),#11270,.F.) ;
#11308=ADVANCED_FACE('Body.4',(#11307),#11270,.F.) ;
#11339=ADVANCED_FACE('Body.4',(#11338),#11313,.T.) ;
#11356=ADVANCED_FACE('Body.4',(#11355),#11344,.T.) ;
#11387=ADVANCED_FACE('Body.4',(#11386),#11361,.T.) ;
#11404=ADVANCED_FACE('Body.4',(#11403),#11392,.T.) ;
#11435=ADVANCED_FACE('Body.4',(#11434),#11409,.T.) ;
#11452=ADVANCED_FACE('Body.4',(#11451),#11440,.T.) ;
#11483=ADVANCED_FACE('Body.4',(#11482),#11457,.T.) ;
#11500=ADVANCED_FACE('Body.4',(#11499),#11488,.T.) ;
#11531=ADVANCED_FACE('Body.4',(#11530),#11505,.T.) ;
#11548=ADVANCED_FACE('Body.4',(#11547),#11536,.T.) ;
#11579=ADVANCED_FACE('Body.4',(#11578),#11553,.T.) ;
#11596=ADVANCED_FACE('Body.4',(#11595),#11584,.T.) ;
#11636=ADVANCED_FACE('Body.4',(#11635),#11601,.T.) ;
#11658=ADVANCED_FACE('Body.4',(#11657),#11641,.T.) ;
#11689=ADVANCED_FACE('Body.4',(#11688),#11663,.F.) ;
#11701=ADVANCED_FACE('Body.4',(#11700),#11663,.F.) ;
#11753=ADVANCED_FACE('Body.4',(#11748,#11752),#11706,.T.) ;
#11793=ADVANCED_FACE('Body.4',(#11792),#11758,.T.) ;
#11815=ADVANCED_FACE('Body.4',(#11814),#11798,.T.) ;
#11841=ADVANCED_FACE('Body.4',(#11840),#11663,.F.) ;
#11853=ADVANCED_FACE('Body.4',(#11852),#11663,.F.) ;
#11921=ADVANCED_FACE('Body.4',(#11916,#11920),#11858,.F.) ;
#11952=ADVANCED_FACE('Body.4',(#11951),#11926,.T.) ;
#11969=ADVANCED_FACE('Body.4',(#11968),#11957,.T.) ;
#12029=ADVANCED_FACE('Body.4',(#12024,#12028),#11974,.F.) ;
#12060=ADVANCED_FACE('Body.4',(#12059),#12034,.T.) ;
#12077=ADVANCED_FACE('Body.4',(#12076),#12065,.T.) ;
#12145=ADVANCED_FACE('Body.4',(#12140,#12144),#12082,.F.) ;
#12174=ADVANCED_FACE('Body.4',(#12173),#12150,.T.) ;
#12191=ADVANCED_FACE('Body.4',(#12190),#12179,.T.) ;
#12215=ADVANCED_FACE('Body.4',(#12214),#12196,.T.) ;
#12239=ADVANCED_FACE('Body.4',(#12238),#12220,.T.) ;
#12263=ADVANCED_FACE('Body.4',(#12262),#12244,.T.) ;
#12287=ADVANCED_FACE('Body.4',(#12286),#12268,.T.) ;
#12311=ADVANCED_FACE('Body.4',(#12310),#12292,.T.) ;
#12342=ADVANCED_FACE('Body.4',(#12341),#12316,.T.) ;
#12373=ADVANCED_FACE('Body.4',(#12372),#12347,.T.) ;
#12402=ADVANCED_FACE('Body.4',(#12401),#12378,.T.) ;
#12426=ADVANCED_FACE('Body.4',(#12425),#12407,.T.) ;
#12450=ADVANCED_FACE('Body.4',(#12449),#12431,.T.) ;
#12474=ADVANCED_FACE('Body.4',(#12473),#12455,.T.) ;
#12498=ADVANCED_FACE('Body.4',(#12497),#12479,.T.) ;
#12520=ADVANCED_FACE('Body.4',(#12519),#12503,.T.) ;
#12537=ADVANCED_FACE('Body.4',(#12536),#12525,.T.) ;
#12561=ADVANCED_FACE('Body.4',(#12560),#12542,.T.) ;
#12578=ADVANCED_FACE('Body.4',(#12577),#12566,.T.) ;
#12595=ADVANCED_FACE('Body.4',(#12594),#12583,.F.) ;
#12612=ADVANCED_FACE('Body.4',(#12611),#12600,.F.) ;
#12624=ADVANCED_FACE('Body.4',(#12623),#12617,.F.) ;
#12648=ADVANCED_FACE('Body.4',(#12647),#12629,.F.) ;
#12672=ADVANCED_FACE('Body.4',(#12671),#12653,.T.) ;
#12703=ADVANCED_FACE('Body.4',(#12702),#12677,.F.) ;
#12715=ADVANCED_FACE('Body.4',(#12714),#12653,.T.) ;
#12739=ADVANCED_FACE('Body.4',(#12738),#12720,.F.) ;
#12768=ADVANCED_FACE('Body.4',(#12767),#12653,.T.) ;
#12799=ADVANCED_FACE('Body.4',(#12798),#12773,.F.) ;
#12821=ADVANCED_FACE('Body.4',(#12820),#12653,.T.) ;
#13168=ADVANCED_FACE('Body.4',(#13167),#12822,.F.) ;
#13185=ADVANCED_FACE('Body.4',(#13184),#13173,.T.) ;
#13202=ADVANCED_FACE('Body.4',(#13201),#13190,.T.) ;
#13226=ADVANCED_FACE('Body.4',(#13225),#13207,.T.) ;
#13250=ADVANCED_FACE('Body.4',(#13249),#13231,.T.) ;
#13281=ADVANCED_FACE('Body.4',(#13280),#13255,.T.) ;
#13312=ADVANCED_FACE('Body.4',(#13311),#13286,.T.) ;
#13343=ADVANCED_FACE('Body.4',(#13342),#13317,.T.) ;
#13374=ADVANCED_FACE('Body.4',(#13373),#13348,.T.) ;
#13403=ADVANCED_FACE('Body.4',(#13402),#13379,.T.) ;
#13425=ADVANCED_FACE('Body.4',(#13424),#13408,.T.) ;
#13442=ADVANCED_FACE('Body.4',(#13441),#13430,.T.) ;
#13454=ADVANCED_FACE('Body.4',(#13453),#13447,.T.) ;
#13471=ADVANCED_FACE('Body.4',(#13470),#13459,.F.) ;
#13480=ADVANCED_FACE('Body.4',(#13479),#12600,.F.) ;
#13504=ADVANCED_FACE('Body.4',(#13503),#13485,.T.) ;
#13528=ADVANCED_FACE('Body.4',(#13527),#13509,.T.) ;
#13552=ADVANCED_FACE('Body.4',(#13551),#13533,.T.) ;
#13643=ADVANCED_FACE('Body.4',(#13642),#13553,.F.) ;
#13752=ADVANCED_FACE('Body.4',(#13751),#13644,.F.) ;
#13770=ADVANCED_FACE('Body.4',(#13769),#13757,.T.) ;
#13787=ADVANCED_FACE('Body.4',(#13786),#13775,.T.) ;
#13878=ADVANCED_FACE('Body.4',(#13877),#13788,.F.) ;
#13957=ADVANCED_FACE('Body.4',(#13956),#13879,.F.) ;
#13982=ADVANCED_FACE('Body.4',(#13981),#13962,.T.) ;
#13994=ADVANCED_FACE('Body.4',(#13993),#13987,.T.) ;
#14018=ADVANCED_FACE('Body.4',(#14017),#13999,.T.) ;
#14042=ADVANCED_FACE('Body.4',(#14041),#14023,.T.) ;
#14059=ADVANCED_FACE('Body.4',(#14058),#14047,.T.) ;
#14090=ADVANCED_FACE('Body.4',(#14089),#14064,.T.) ;
#14107=ADVANCED_FACE('Body.4',(#14106),#14095,.T.) ;
#14124=ADVANCED_FACE('Body.4',(#14123),#14112,.T.) ;
#14148=ADVANCED_FACE('Body.4',(#14147),#14129,.T.) ;
#14172=ADVANCED_FACE('Body.4',(#14171),#14153,.T.) ;
#14189=ADVANCED_FACE('Body.4',(#14188),#14177,.T.) ;
#14236=ADVANCED_FACE('Body.4',(#14211,#14215,#14219,#14223,#14227,#14231,#14235),#14194,.F.) ;
#14278=ADVANCED_FACE('Body.5',(#14277),#14243,.T.) ;
#14295=ADVANCED_FACE('Body.5',(#14294),#14243,.T.) ;
#14319=ADVANCED_FACE('Body.5',(#14318),#14300,.T.) ;
#14365=ADVANCED_FACE('Body.5',(#14360,#14364),#14324,.T.) ;
#14396=ADVANCED_FACE('Body.5',(#14395),#14370,.T.) ;
#14413=ADVANCED_FACE('Body.5',(#14412),#14401,.T.) ;
#14435=ADVANCED_FACE('Body.5',(#14434),#14418,.T.) ;
#14447=ADVANCED_FACE('Body.5',(#14446),#14440,.T.) ;
#14471=ADVANCED_FACE('Body.5',(#14470),#14452,.F.) ;
#14517=ADVANCED_FACE('Body.5',(#14512,#14516),#14476,.F.) ;
#14548=ADVANCED_FACE('Body.5',(#14547),#14522,.T.) ;
#14565=ADVANCED_FACE('Body.5',(#14564),#14553,.T.) ;
#14587=ADVANCED_FACE('Body.5',(#14586),#14570,.T.) ;
#14599=ADVANCED_FACE('Body.5',(#14598),#14592,.T.) ;
#4=APPLICATION_PROTOCOL_DEFINITION('international standard','config_control_design',1994,#1) ;
#32=APPROVAL_DATE_TIME(#13,#21) ;
#2265=B_SPLINE_CURVE_WITH_KNOTS('',4,(#2266,#2267,#2268,#2269,#2270),.UNSPECIFIED.,.F.,.U.,(5,5),(1.20978564981,2.13593796729),.UNSPECIFIED.) ;
#2332=B_SPLINE_CURVE_WITH_KNOTS('',4,(#2333,#2334,#2335,#2336,#2337),.UNSPECIFIED.,.F.,.U.,(5,5),(1.2097826805,2.1359407767),.UNSPECIFIED.) ;
#2372=B_SPLINE_CURVE_WITH_KNOTS('',5,(#2373,#2374,#2375,#2376,#2377,#2378,#2379,#2380,#2381,#2382,#2383,#2384,#2385,#2386,#2387,#2388,#2389,#2390,#2391,#2392,#2393,#2394,#2395,#2396,#2397,#2398,#2399,#2400,#2401,#2402,#2403,#2404,#2405,#2406,#2407,#2408,#2409,#2410,#2411,#2412,#2413,#2414,#2415,#2416,#2417,#2418,#2419,#2420,#2421,#2422,#2423,#2424,#2425,#2426,#2427,#2428,#2429,#2430,#2431,#2432,#2433,#2434,#2435,#2436,#2437,#2438,#2439,#2440,#2441,#2442,#2443,#2444,#2445,#2446,#2447,#2448,#2449,#2450,#2451,#2452,#2453,#2454,#2455,#2456,#2457,#2458,#2459,#2460,#2461,#2462,#2463,#2464,#2465,#2466,#2467,#2468,#2469,#2470,#2471,#2472,#2473,#2474,#2475,#2476,#2477,#2478,#2479,#2480,#2481,#2482,#2483,#2484,#2485,#2486,#2487,#2488,#2489,#2490,#2491,#2492,#2493,#2494,#2495,#2496,#2497,#2498,#2499,#2500,#2501,#2502,#2503,#2504,#2505,#2506,#2507,#2508,#2509,#2510,#2511,#2512,#2513,#2514,#2515,#2516,#2517,#2518,#2519,#2520,#2521,#2522,#2523,#2524,#2525,#2526,#2527,#2528),.UNSPECIFIED.,.F.,.U.,(6,3,3,3,3,3,3,3,3,3,3,3,3,3,3,3,3,3,3,3,3,3,3,3,3,3,3,3,3,3,3,3,3,3,3,3,3,3,3,3,3,3,3,3,3,3,3,3,3,3,3,6),(0.0199349271928,0.0215131546824,0.0231089061117,0.0247344109826,0.0263950006711,0.0280908276779,0.0298193712156,0.0315769522307,0.0333597312192,0.0352184154729,0.0370965627746,0.0389912201847,0.0408999352167,0.0428205377689,0.044751445254,0.0466912334275,0.0486387424462,0.050693140617,0.0527540356871,0.0548206217999,0.0568922484122,0.058968236347,0.0610482256268,0.0631317964175,0.0652186086442,0.0674511275806,0.0696866732807,0.0719249537565,0.0741657345653,0.0764087116273,0.0786537790735,0.080900756579,0.0831494973365,0.0855597151073,0.0879716373053,0.0903851143603,0.0928000246205,0.0952161937202,0.0976335686924,0.100058531051,0.102483493409,0.105061117574,0.10763874174,0.110216361474,0.112793981208,0.115371568222,0.117949155236,0.120526739307,0.123104323378,0.128504884286,0.133905445195,0.150678241526),.UNSPECIFIED.) ;
#2530=B_SPLINE_CURVE_WITH_KNOTS('',5,(#2531,#2532,#2533,#2534,#2535,#2536,#2537,#2538,#2539,#2540,#2541,#2542,#2543,#2544,#2545,#2546,#2547,#2548,#2549,#2550,#2551,#2552,#2553,#2554,#2555,#2556,#2557,#2558,#2559,#2560,#2561,#2562,#2563,#2564,#2565,#2566,#2567,#2568,#2569,#2570,#2571,#2572,#2573,#2574,#2575,#2576,#2577,#2578,#2579,#2580,#2581,#2582,#2583,#2584,#2585,#2586,#2587,#2588,#2589,#2590,#2591,#2592,#2593,#2594,#2595,#2596,#2597,#2598,#2599,#2600,#2601,#2602,#2603,#2604,#2605,#2606,#2607,#2608,#2609,#2610,#2611,#2612,#2613,#2614,#2615,#2616,#2617,#2618,#2619,#2620,#2621,#2622,#2623,#2624,#2625,#2626,#2627,#2628,#2629,#2630,#2631,#2632,#2633,#2634,#2635,#2636,#2637,#2638,#2639,#2640,#2641,#2642,#2643,#2644,#2645,#2646,#2647,#2648,#2649,#2650,#2651,#2652,#2653,#2654,#2655,#2656,#2657,#2658,#2659,#2660,#2661,#2662,#2663,#2664,#2665,#2666,#2667,#2668,#2669,#2670,#2671,#2672,#2673,#2674,#2675,#2676,#2677,#2678,#2679,#2680,#2681,#2682,#2683,#2684,#2685,#2686),.UNSPECIFIED.,.F.,.U.,(6,3,3,3,3,3,3,3,3,3,3,3,3,3,3,3,3,3,3,3,3,3,3,3,3,3,3,3,3,3,3,3,3,3,3,3,3,3,3,3,3,3,3,3,3,3,3,3,3,3,3,6),(0.0199349271928,0.0215131546824,0.0231089061117,0.0247344109826,0.0263950006711,0.0280908276779,0.0298193712156,0.0315769522307,0.0333597312192,0.0352184154729,0.0370965627746,0.0389912201847,0.0408999352167,0.0428205377689,0.044751445254,0.0466912334275,0.0486387424462,0.050693140617,0.0527540356871,0.0548206217999,0.0568922484122,0.058968236347,0.0610482256268,0.0631317964175,0.0652186086442,0.0674511275806,0.0696866732807,0.0719249537565,0.0741657345653,0.0764087116273,0.0786537790735,0.080900756579,0.0831494973365,0.0855597151073,0.0879716373053,0.0903851143603,0.0928000246205,0.0952161937202,0.0976335686924,0.100058531051,0.102483493409,0.105061117574,0.10763874174,0.110216361474,0.112793981208,0.115371568222,0.117949155236,0.120526739307,0.123104323378,0.128504884286,0.133905445195,0.150678241526),.UNSPECIFIED.) ;
#3103=B_SPLINE_CURVE_WITH_KNOTS('',5,(#3104,#3105,#3106,#3107,#3108,#3109,#3110,#3111,#3112,#3113,#3114,#3115,#3116,#3117,#3118,#3119,#3120,#3121,#3122,#3123,#3124,#3125,#3126,#3127),.UNSPECIFIED.,.F.,.U.,(6,3,3,3,3,3,3,6),(0.,0.0280888905128,0.0664115055275,0.132850040376,0.225314557393,0.317794358921,0.396805098263,0.475836086946),.UNSPECIFIED.) ;
#3131=B_SPLINE_CURVE_WITH_KNOTS('',5,(#3132,#3133,#3134,#3135,#3136,#3137,#3138,#3139,#3140,#3141,#3142,#3143,#3144,#3145,#3146,#3147,#3148,#3149,#3150,#3151,#3152,#3153,#3154,#3155),.UNSPECIFIED.,.F.,.U.,(6,3,3,3,3,3,3,6),(0.,0.0280888905128,0.0664115055275,0.132850040376,0.225314557393,0.317794358921,0.396805098263,0.475836086946),.UNSPECIFIED.) ;
#3157=B_SPLINE_CURVE_WITH_KNOTS('',3,(#3158,#3159,#3160,#3161),.UNSPECIFIED.,.F.,.U.,(4,4),(0.,0.05),.UNSPECIFIED.) ;
#3206=B_SPLINE_CURVE_WITH_KNOTS('',5,(#3207,#3208,#3209,#3210,#3211,#3212,#3213,#3214,#3215,#3216,#3217,#3218,#3219,#3220,#3221,#3222,#3223,#3224,#3225,#3226,#3227,#3228,#3229,#3230,#3231,#3232,#3233,#3234,#3235,#3236,#3237,#3238,#3239,#3240,#3241,#3242,#3243,#3244,#3245,#3246,#3247,#3248,#3249,#3250,#3251,#3252,#3253,#3254,#3255,#3256,#3257,#3258,#3259,#3260,#3261,#3262,#3263,#3264,#3265,#3266,#3267,#3268,#3269),.UNSPECIFIED.,.F.,.U.,(6,3,3,3,3,3,3,3,3,3,3,3,3,3,3,3,3,3,3,3,6),(1.20978564981,1.22173024969,1.32063673895,1.41954335448,1.61736674045,1.668877485,1.72038898239,1.77190426038,1.79766031851,1.82341637664,1.84882138089,1.87422638513,1.89963162499,1.92503686485,1.95044415324,1.97585144162,2.00125893531,2.02666642901,2.05161226905,2.07655810909,2.13593796729),.UNSPECIFIED.) ;
#3338=B_SPLINE_CURVE_WITH_KNOTS('',5,(#3339,#3340,#3341,#3342,#3343,#3344,#3345,#3346,#3347,#3348,#3349,#3350,#3351,#3352,#3353,#3354,#3355,#3356,#3357,#3358,#3359,#3360,#3361,#3362),.UNSPECIFIED.,.F.,.U.,(6,3,3,3,3,3,3,6),(0.,0.0280888953123,0.0664115103282,0.132850112961,0.225314732449,0.317794411514,0.396804654516,0.475835014893),.UNSPECIFIED.) ;
#3364=B_SPLINE_CURVE_WITH_KNOTS('',5,(#3365,#3366,#3367,#3368,#3369,#3370,#3371,#3372,#3373,#3374,#3375,#3376,#3377,#3378,#3379,#3380,#3381,#3382,#3383,#3384,#3385,#3386,#3387,#3388),.UNSPECIFIED.,.F.,.U.,(6,3,3,3,3,3,3,6),(0.,0.0280888953123,0.0664115103282,0.132850112961,0.225314732449,0.317794411514,0.396804654516,0.475835014893),.UNSPECIFIED.) ;
#3392=B_SPLINE_CURVE_WITH_KNOTS('',3,(#3393,#3394,#3395,#3396),.UNSPECIFIED.,.F.,.U.,(4,4),(0.,0.05),.UNSPECIFIED.) ;
#3441=B_SPLINE_CURVE_WITH_KNOTS('',5,(#3442,#3443,#3444,#3445,#3446,#3447,#3448,#3449,#3450,#3451,#3452,#3453,#3454,#3455,#3456,#3457,#3458,#3459,#3460,#3461,#3462,#3463,#3464,#3465,#3466,#3467,#3468,#3469,#3470,#3471,#3472,#3473,#3474),.UNSPECIFIED.,.F.,.U.,(6,3,3,3,3,3,3,3,3,3,6),(1.2097826805,1.22977649653,1.42919624299,1.62863068457,1.75698840848,1.82117701646,1.88536704072,1.94800583541,2.01064588472,2.07329312868,2.1359407767),.UNSPECIFIED.) ;
#3832=B_SPLINE_CURVE_WITH_KNOTS('',4,(#3833,#3834,#3835,#3836,#3837),.UNSPECIFIED.,.F.,.U.,(5,5),(0.,0.0244671423337),.UNSPECIFIED.) ;
#3841=B_SPLINE_CURVE_WITH_KNOTS('',3,(#3842,#3843,#3844,#3845),.UNSPECIFIED.,.F.,.U.,(4,4),(0.,0.0290603195382),.UNSPECIFIED.) ;
#3866=B_SPLINE_CURVE_WITH_KNOTS('',5,(#3867,#3868,#3869,#3870,#3871,#3872,#3873,#3874,#3875,#3876,#3877,#3878,#3879,#3880,#3881),.UNSPECIFIED.,.F.,.U.,(6,3,3,3,6),(0.,0.0307260324283,0.0522071626909,0.0619964415201,0.0701911417379),.UNSPECIFIED.) ;
#3902=B_SPLINE_CURVE_WITH_KNOTS('',3,(#3903,#3904,#3905,#3906),.UNSPECIFIED.,.F.,.U.,(4,4),(0.,0.0267900370738),.UNSPECIFIED.) ;
#3927=B_SPLINE_CURVE_WITH_KNOTS('',4,(#3928,#3929,#3930,#3931,#3932),.UNSPECIFIED.,.F.,.U.,(5,5),(0.,0.0255061907435),.UNSPECIFIED.) ;
#3953=B_SPLINE_CURVE_WITH_KNOTS('',3,(#3954,#3955,#3956,#3957),.UNSPECIFIED.,.F.,.U.,(4,4),(0.,0.0290932011354),.UNSPECIFIED.) ;
#3978=B_SPLINE_CURVE_WITH_KNOTS('',4,(#3979,#3980,#3981,#3982,#3983),.UNSPECIFIED.,.F.,.U.,(5,5),(0.,0.0254940703358),.UNSPECIFIED.) ;
#4004=B_SPLINE_CURVE_WITH_KNOTS('',5,(#4005,#4006,#4007,#4008,#4009,#4010,#4011,#4012,#4013,#4014,#4015,#4016,#4017,#4018,#4019,#4020,#4021,#4022),.UNSPECIFIED.,.F.,.U.,(6,3,3,3,3,6),(0.,0.058626922294,0.106179113799,0.117361761309,0.121429885303,0.129379419455),.UNSPECIFIED.) ;
#4043=B_SPLINE_CURVE_WITH_KNOTS('',3,(#4044,#4045,#4046,#4047),.UNSPECIFIED.,.F.,.U.,(4,4),(0.,0.0268887088118),.UNSPECIFIED.) ;
#4068=B_SPLINE_CURVE_WITH_KNOTS('',3,(#4069,#4070,#4071,#4072),.UNSPECIFIED.,.F.,.U.,(4,4),(0.,0.0244377221335),.UNSPECIFIED.) ;
#4093=B_SPLINE_CURVE_WITH_KNOTS('',5,(#4094,#4095,#4096,#4097,#4098,#4099,#4100,#4101,#4102,#4103,#4104,#4105,#4106,#4107,#4108,#4109,#4110,#4111),.UNSPECIFIED.,.F.,.U.,(6,3,3,3,3,6),(0.,0.0665646092565,0.1205103992,0.133159785456,0.140024432058,0.146378017364),.UNSPECIFIED.) ;
#4132=B_SPLINE_CURVE_WITH_KNOTS('',3,(#4133,#4134,#4135,#4136),.UNSPECIFIED.,.F.,.U.,(4,4),(0.,0.0291565302009),.UNSPECIFIED.) ;
#4157=B_SPLINE_CURVE_WITH_KNOTS('',3,(#4158,#4159,#4160,#4161),.UNSPECIFIED.,.F.,.U.,(4,4),(0.,0.025523164253),.UNSPECIFIED.) ;
#4199=B_SPLINE_CURVE_WITH_KNOTS('',4,(#4200,#4201,#4202,#4203,#4204),.UNSPECIFIED.,.F.,.U.,(5,5),(0.,0.0254977795433),.UNSPECIFIED.) ;
#4217=B_SPLINE_CURVE_WITH_KNOTS('',3,(#4218,#4219,#4220,#4221),.UNSPECIFIED.,.F.,.U.,(4,4),(0.,0.0291097357534),.UNSPECIFIED.) ;
#4242=B_SPLINE_CURVE_WITH_KNOTS('',4,(#4243,#4244,#4245,#4246,#4247),.UNSPECIFIED.,.F.,.U.,(5,5),(0.,0.0254977795433),.UNSPECIFIED.) ;
#4275=B_SPLINE_CURVE_WITH_KNOTS('',3,(#4276,#4277,#4278,#4279),.UNSPECIFIED.,.F.,.U.,(4,4),(0.,0.0222300200411),.UNSPECIFIED.) ;
#4307=B_SPLINE_CURVE_WITH_KNOTS('',4,(#4308,#4309,#4310,#4311,#4312),.UNSPECIFIED.,.F.,.U.,(5,5),(0.,0.0223865612643),.UNSPECIFIED.) ;
#4340=B_SPLINE_CURVE_WITH_KNOTS('',3,(#4341,#4342,#4343,#4344),.UNSPECIFIED.,.F.,.U.,(4,4),(0.,0.0225221234445),.UNSPECIFIED.) ;
#4372=B_SPLINE_CURVE_WITH_KNOTS('',4,(#4373,#4374,#4375,#4376,#4377),.UNSPECIFIED.,.F.,.U.,(5,5),(0.,0.0225048300853),.UNSPECIFIED.) ;
#4405=B_SPLINE_CURVE_WITH_KNOTS('',4,(#4406,#4407,#4408,#4409,#4410),.UNSPECIFIED.,.F.,.U.,(5,5),(0.,0.0223988148),.UNSPECIFIED.) ;
#4438=B_SPLINE_CURVE_WITH_KNOTS('',3,(#4439,#4440,#4441,#4442),.UNSPECIFIED.,.F.,.U.,(4,4),(0.,0.0224385797794),.UNSPECIFIED.) ;
#4470=B_SPLINE_CURVE_WITH_KNOTS('',4,(#4471,#4472,#4473,#4474,#4475),.UNSPECIFIED.,.F.,.U.,(5,5),(0.,0.0225370973153),.UNSPECIFIED.) ;
#4503=B_SPLINE_CURVE_WITH_KNOTS('',4,(#4504,#4505,#4506,#4507,#4508),.UNSPECIFIED.,.F.,.U.,(5,5),(0.,0.0223957634269),.UNSPECIFIED.) ;
#4536=B_SPLINE_CURVE_WITH_KNOTS('',3,(#4537,#4538,#4539,#4540),.UNSPECIFIED.,.F.,.U.,(4,4),(0.,0.0222459066633),.UNSPECIFIED.) ;
#4568=B_SPLINE_CURVE_WITH_KNOTS('',4,(#4569,#4570,#4571,#4572,#4573),.UNSPECIFIED.,.F.,.U.,(5,5),(0.,0.0254977128947),.UNSPECIFIED.) ;
#4729=B_SPLINE_CURVE_WITH_KNOTS('',4,(#4730,#4731,#4732,#4733,#4734),.UNSPECIFIED.,.F.,.U.,(5,5),(0.,0.0254937206746),.UNSPECIFIED.) ;
#4745=B_SPLINE_CURVE_WITH_KNOTS('',4,(#4746,#4747,#4748,#4749,#4750),.UNSPECIFIED.,.F.,.U.,(5,5),(0.,0.0222352901321),.UNSPECIFIED.) ;
#4764=B_SPLINE_CURVE_WITH_KNOTS('',3,(#4765,#4766,#4767,#4768),.UNSPECIFIED.,.F.,.U.,(4,4),(0.,0.0291175477378),.UNSPECIFIED.) ;
#4789=B_SPLINE_CURVE_WITH_KNOTS('',3,(#4790,#4791,#4792,#4793),.UNSPECIFIED.,.F.,.U.,(4,4),(0.,0.0222239177633),.UNSPECIFIED.) ;
#4814=B_SPLINE_CURVE_WITH_KNOTS('',4,(#4815,#4816,#4817,#4818,#4819),.UNSPECIFIED.,.F.,.U.,(5,5),(0.,0.0223442922247),.UNSPECIFIED.) ;
#4840=B_SPLINE_CURVE_WITH_KNOTS('',4,(#4841,#4842,#4843,#4844,#4845),.UNSPECIFIED.,.F.,.U.,(5,5),(0.,0.0225965749086),.UNSPECIFIED.) ;
#4866=B_SPLINE_CURVE_WITH_KNOTS('',3,(#4867,#4868,#4869,#4870),.UNSPECIFIED.,.F.,.U.,(4,4),(0.,0.0225390699802),.UNSPECIFIED.) ;
#4891=B_SPLINE_CURVE_WITH_KNOTS('',3,(#4892,#4893,#4894,#4895),.UNSPECIFIED.,.F.,.U.,(4,4),(0.,0.0223744411765),.UNSPECIFIED.) ;
#4916=B_SPLINE_CURVE_WITH_KNOTS('',4,(#4917,#4918,#4919,#4920,#4921),.UNSPECIFIED.,.F.,.U.,(5,5),(0.,0.022507099174),.UNSPECIFIED.) ;
#4942=B_SPLINE_CURVE_WITH_KNOTS('',4,(#4943,#4944,#4945,#4946,#4947),.UNSPECIFIED.,.F.,.U.,(5,5),(0.,0.022532030898),.UNSPECIFIED.) ;
#4968=B_SPLINE_CURVE_WITH_KNOTS('',4,(#4969,#4970,#4971,#4972,#4973),.UNSPECIFIED.,.F.,.U.,(5,5),(0.,0.0223760959988),.UNSPECIFIED.) ;
#5198=B_SPLINE_CURVE_WITH_KNOTS('',4,(#5199,#5200,#5201,#5202,#5203),.UNSPECIFIED.,.F.,.U.,(5,5),(0.,0.0255059138357),.UNSPECIFIED.) ;
#5207=B_SPLINE_CURVE_WITH_KNOTS('',3,(#5208,#5209,#5210,#5211),.UNSPECIFIED.,.F.,.U.,(4,4),(0.,0.0291216303845),.UNSPECIFIED.) ;
#5232=B_SPLINE_CURVE_WITH_KNOTS('',3,(#5233,#5234,#5235,#5236),.UNSPECIFIED.,.F.,.U.,(4,4),(0.,0.0222184726321),.UNSPECIFIED.) ;
#5257=B_SPLINE_CURVE_WITH_KNOTS('',4,(#5258,#5259,#5260,#5261,#5262),.UNSPECIFIED.,.F.,.U.,(5,5),(0.,0.0223074069917),.UNSPECIFIED.) ;
#5283=B_SPLINE_CURVE_WITH_KNOTS('',3,(#5284,#5285,#5286,#5287),.UNSPECIFIED.,.F.,.U.,(4,4),(0.,0.0224957636519),.UNSPECIFIED.) ;
#5308=B_SPLINE_CURVE_WITH_KNOTS('',4,(#5309,#5310,#5311,#5312,#5313),.UNSPECIFIED.,.F.,.U.,(5,5),(0.,0.0225134815474),.UNSPECIFIED.) ;
#5334=B_SPLINE_CURVE_WITH_KNOTS('',3,(#5335,#5336,#5337,#5338),.UNSPECIFIED.,.F.,.U.,(4,4),(0.,0.0222911088483),.UNSPECIFIED.) ;
#5359=B_SPLINE_CURVE_WITH_KNOTS('',4,(#5360,#5361,#5362,#5363,#5364),.UNSPECIFIED.,.F.,.U.,(5,5),(0.,0.0224129287773),.UNSPECIFIED.) ;
#5385=B_SPLINE_CURVE_WITH_KNOTS('',4,(#5386,#5387,#5388,#5389,#5390),.UNSPECIFIED.,.F.,.U.,(5,5),(0.,0.0224866833513),.UNSPECIFIED.) ;
#5411=B_SPLINE_CURVE_WITH_KNOTS('',3,(#5412,#5413,#5414,#5415),.UNSPECIFIED.,.F.,.U.,(4,4),(0.,0.0225459714197),.UNSPECIFIED.) ;
#5436=B_SPLINE_CURVE_WITH_KNOTS('',4,(#5437,#5438,#5439,#5440,#5441),.UNSPECIFIED.,.F.,.U.,(5,5),(0.,0.0222910088037),.UNSPECIFIED.) ;
#5462=B_SPLINE_CURVE_WITH_KNOTS('',4,(#5463,#5464,#5465,#5466,#5467),.UNSPECIFIED.,.F.,.U.,(5,5),(0.,0.0222306153293),.UNSPECIFIED.) ;
#5488=B_SPLINE_CURVE_WITH_KNOTS('',3,(#5489,#5490,#5491,#5492),.UNSPECIFIED.,.F.,.U.,(4,4),(0.,0.0289383133203),.UNSPECIFIED.) ;
#5513=B_SPLINE_CURVE_WITH_KNOTS('',3,(#5514,#5515,#5516,#5517),.UNSPECIFIED.,.F.,.U.,(4,4),(0.,0.0260410292204),.UNSPECIFIED.) ;
#5538=B_SPLINE_CURVE_WITH_KNOTS('',4,(#5539,#5540,#5541,#5542,#5543),.UNSPECIFIED.,.F.,.U.,(5,5),(0.,0.0223348787212),.UNSPECIFIED.) ;
#5564=B_SPLINE_CURVE_WITH_KNOTS('',3,(#5565,#5566,#5567,#5568),.UNSPECIFIED.,.F.,.U.,(4,4),(0.,0.0225192598278),.UNSPECIFIED.) ;
#5589=B_SPLINE_CURVE_WITH_KNOTS('',4,(#5590,#5591,#5592,#5593,#5594),.UNSPECIFIED.,.F.,.U.,(5,5),(0.,0.0225465899255),.UNSPECIFIED.) ;
#5615=B_SPLINE_CURVE_WITH_KNOTS('',3,(#5616,#5617,#5618,#5619),.UNSPECIFIED.,.F.,.U.,(4,4),(0.,0.0223641381006),.UNSPECIFIED.) ;
#5640=B_SPLINE_CURVE_WITH_KNOTS('',4,(#5641,#5642,#5643,#5644,#5645),.UNSPECIFIED.,.F.,.U.,(5,5),(0.,0.0223009512382),.UNSPECIFIED.) ;
#5666=B_SPLINE_CURVE_WITH_KNOTS('',4,(#5667,#5668,#5669,#5670,#5671),.UNSPECIFIED.,.F.,.U.,(5,5),(0.,0.0223996478765),.UNSPECIFIED.) ;
#5692=B_SPLINE_CURVE_WITH_KNOTS('',4,(#5693,#5694,#5695,#5696,#5697),.UNSPECIFIED.,.F.,.U.,(5,5),(0.,0.0224939415361),.UNSPECIFIED.) ;
#5718=B_SPLINE_CURVE_WITH_KNOTS('',4,(#5719,#5720,#5721,#5722,#5723),.UNSPECIFIED.,.F.,.U.,(5,5),(0.,0.0223516938489),.UNSPECIFIED.) ;
#5744=B_SPLINE_CURVE_WITH_KNOTS('',3,(#5745,#5746,#5747,#5748),.UNSPECIFIED.,.F.,.U.,(4,4),(0.,0.0222264051349),.UNSPECIFIED.) ;
#5885=B_SPLINE_CURVE_WITH_KNOTS('',4,(#5886,#5887,#5888,#5889,#5890),.UNSPECIFIED.,.F.,.U.,(5,5),(0.,0.0254680890598),.UNSPECIFIED.) ;
#5894=B_SPLINE_CURVE_WITH_KNOTS('',3,(#5895,#5896,#5897,#5898),.UNSPECIFIED.,.F.,.U.,(4,4),(0.,0.0291262028909),.UNSPECIFIED.) ;
#5919=B_SPLINE_CURVE_WITH_KNOTS('',3,(#5920,#5921,#5922,#5923),.UNSPECIFIED.,.F.,.U.,(4,4),(0.,0.0291681017964),.UNSPECIFIED.) ;
#5944=B_SPLINE_CURVE_WITH_KNOTS('',3,(#5945,#5946,#5947,#5948),.UNSPECIFIED.,.F.,.U.,(4,4),(0.,0.0291414245355),.UNSPECIFIED.) ;
#5969=B_SPLINE_CURVE_WITH_KNOTS('',3,(#5970,#5971,#5972,#5973),.UNSPECIFIED.,.F.,.U.,(4,4),(0.,0.0254815710752),.UNSPECIFIED.) ;
#5994=B_SPLINE_CURVE_WITH_KNOTS('',3,(#5995,#5996,#5997,#5998),.UNSPECIFIED.,.F.,.U.,(4,4),(0.,0.0255535102277),.UNSPECIFIED.) ;
#6019=B_SPLINE_CURVE_WITH_KNOTS('',3,(#6020,#6021,#6022,#6023),.UNSPECIFIED.,.F.,.U.,(4,4),(0.,0.029002260605),.UNSPECIFIED.) ;
#6044=B_SPLINE_CURVE_WITH_KNOTS('',3,(#6045,#6046,#6047,#6048),.UNSPECIFIED.,.F.,.U.,(4,4),(0.,0.0291265373775),.UNSPECIFIED.) ;
#6069=B_SPLINE_CURVE_WITH_KNOTS('',3,(#6070,#6071,#6072,#6073),.UNSPECIFIED.,.F.,.U.,(4,4),(0.,0.0254891370988),.UNSPECIFIED.) ;
#6094=B_SPLINE_CURVE_WITH_KNOTS('',4,(#6095,#6096,#6097,#6098,#6099),.UNSPECIFIED.,.F.,.U.,(5,5),(0.,0.0254681555455),.UNSPECIFIED.) ;
#6120=B_SPLINE_CURVE_WITH_KNOTS('',3,(#6121,#6122,#6123,#6124),.UNSPECIFIED.,.F.,.U.,(4,4),(0.,0.0291679697663),.UNSPECIFIED.) ;
#6145=B_SPLINE_CURVE_WITH_KNOTS('',3,(#6146,#6147,#6148,#6149),.UNSPECIFIED.,.F.,.U.,(4,4),(0.,0.0254893074443),.UNSPECIFIED.) ;
#6254=B_SPLINE_CURVE_WITH_KNOTS('',4,(#6255,#6256,#6257,#6258,#6259),.UNSPECIFIED.,.F.,.U.,(5,5),(0.,0.025538652494),.UNSPECIFIED.) ;
#6263=B_SPLINE_CURVE_WITH_KNOTS('',3,(#6264,#6265,#6266,#6267),.UNSPECIFIED.,.F.,.U.,(4,4),(0.,0.0254920920198),.UNSPECIFIED.) ;
#6288=B_SPLINE_CURVE_WITH_KNOTS('',3,(#6289,#6290,#6291,#6292),.UNSPECIFIED.,.F.,.U.,(4,4),(0.,0.0290305712294),.UNSPECIFIED.) ;
#6313=B_SPLINE_CURVE_WITH_KNOTS('',4,(#6314,#6315,#6316,#6317,#6318),.UNSPECIFIED.,.F.,.U.,(5,5),(0.,0.025399188424),.UNSPECIFIED.) ;
#6339=B_SPLINE_CURVE_WITH_KNOTS('',3,(#6340,#6341,#6342,#6343),.UNSPECIFIED.,.F.,.U.,(4,4),(0.,0.0293075047429),.UNSPECIFIED.) ;
#6364=B_SPLINE_CURVE_WITH_KNOTS('',3,(#6365,#6366,#6367,#6368),.UNSPECIFIED.,.F.,.U.,(4,4),(0.,0.0291583475623),.UNSPECIFIED.) ;
#6389=B_SPLINE_CURVE_WITH_KNOTS('',3,(#6390,#6391,#6392,#6393),.UNSPECIFIED.,.F.,.U.,(4,4),(0.,0.0291583475623),.UNSPECIFIED.) ;
#6414=B_SPLINE_CURVE_WITH_KNOTS('',3,(#6415,#6416,#6417,#6418),.UNSPECIFIED.,.F.,.U.,(4,4),(0.,0.0254920920198),.UNSPECIFIED.) ;
#6777=B_SPLINE_CURVE_WITH_KNOTS('',4,(#6778,#6779,#6780,#6781,#6782),.UNSPECIFIED.,.F.,.U.,(5,5),(0.,0.0254977128947),.UNSPECIFIED.) ;
#6784=B_SPLINE_CURVE_WITH_KNOTS('',4,(#6785,#6786,#6787,#6788,#6789),.UNSPECIFIED.,.F.,.U.,(5,5),(0.,0.0222430385413),.UNSPECIFIED.) ;
#6810=B_SPLINE_CURVE_WITH_KNOTS('',3,(#6811,#6812,#6813,#6814),.UNSPECIFIED.,.F.,.U.,(4,4),(0.,0.0291097357534),.UNSPECIFIED.) ;
#6835=B_SPLINE_CURVE_WITH_KNOTS('',3,(#6836,#6837,#6838,#6839),.UNSPECIFIED.,.F.,.U.,(4,4),(0.,0.0254977795433),.UNSPECIFIED.) ;
#6860=B_SPLINE_CURVE_WITH_KNOTS('',4,(#6861,#6862,#6863,#6864,#6865),.UNSPECIFIED.,.F.,.U.,(5,5),(0.,0.0254977795433),.UNSPECIFIED.) ;
#6886=B_SPLINE_CURVE_WITH_KNOTS('',3,(#6887,#6888,#6889,#6890),.UNSPECIFIED.,.F.,.U.,(4,4),(0.,0.0222300200411),.UNSPECIFIED.) ;
#6911=B_SPLINE_CURVE_WITH_KNOTS('',4,(#6912,#6913,#6914,#6915,#6916),.UNSPECIFIED.,.F.,.U.,(5,5),(0.,0.0223859207431),.UNSPECIFIED.) ;
#6937=B_SPLINE_CURVE_WITH_KNOTS('',4,(#6938,#6939,#6940,#6941,#6942),.UNSPECIFIED.,.F.,.U.,(5,5),(0.,0.0225221234445),.UNSPECIFIED.) ;
#6963=B_SPLINE_CURVE_WITH_KNOTS('',3,(#6964,#6965,#6966,#6967),.UNSPECIFIED.,.F.,.U.,(4,4),(0.,0.0225048300853),.UNSPECIFIED.) ;
#6988=B_SPLINE_CURVE_WITH_KNOTS('',4,(#6989,#6990,#6991,#6992,#6993),.UNSPECIFIED.,.F.,.U.,(5,5),(0.,0.02239813346),.UNSPECIFIED.) ;
#7014=B_SPLINE_CURVE_WITH_KNOTS('',4,(#7015,#7016,#7017,#7018,#7019),.UNSPECIFIED.,.F.,.U.,(5,5),(0.,0.0224398072379),.UNSPECIFIED.) ;
#7040=B_SPLINE_CURVE_WITH_KNOTS('',3,(#7041,#7042,#7043,#7044),.UNSPECIFIED.,.F.,.U.,(4,4),(0.,0.0225370973153),.UNSPECIFIED.) ;
#7065=B_SPLINE_CURVE_WITH_KNOTS('',4,(#7066,#7067,#7068,#7069,#7070),.UNSPECIFIED.,.F.,.U.,(5,5),(0.,0.0223950922259),.UNSPECIFIED.) ;
#7657=B_SPLINE_CURVE_WITH_KNOTS('',3,(#7658,#7659,#7660,#7661),.UNSPECIFIED.,.F.,.U.,(4,4),(0.,0.0222264051349),.UNSPECIFIED.) ;
#7663=B_SPLINE_CURVE_WITH_KNOTS('',4,(#7664,#7665,#7666,#7667,#7668),.UNSPECIFIED.,.F.,.U.,(5,5),(0.,0.0223516938489),.UNSPECIFIED.) ;
#7689=B_SPLINE_CURVE_WITH_KNOTS('',3,(#7690,#7691,#7692,#7693),.UNSPECIFIED.,.F.,.U.,(4,4),(0.,0.0291216303845),.UNSPECIFIED.) ;
#7714=B_SPLINE_CURVE_WITH_KNOTS('',3,(#7715,#7716,#7717,#7718),.UNSPECIFIED.,.F.,.U.,(4,4),(0.,0.0255059138357),.UNSPECIFIED.) ;
#7739=B_SPLINE_CURVE_WITH_KNOTS('',3,(#7740,#7741,#7742,#7743),.UNSPECIFIED.,.F.,.U.,(4,4),(0.,0.0222184726321),.UNSPECIFIED.) ;
#7764=B_SPLINE_CURVE_WITH_KNOTS('',3,(#7765,#7766,#7767,#7768),.UNSPECIFIED.,.F.,.U.,(4,4),(0.,0.0223000731749),.UNSPECIFIED.) ;
#7789=B_SPLINE_CURVE_WITH_KNOTS('',3,(#7790,#7791,#7792,#7793),.UNSPECIFIED.,.F.,.U.,(4,4),(0.,0.0224957636519),.UNSPECIFIED.) ;
#7814=B_SPLINE_CURVE_WITH_KNOTS('',4,(#7815,#7816,#7817,#7818,#7819),.UNSPECIFIED.,.F.,.U.,(5,5),(0.,0.0225134815474),.UNSPECIFIED.) ;
#7840=B_SPLINE_CURVE_WITH_KNOTS('',3,(#7841,#7842,#7843,#7844),.UNSPECIFIED.,.F.,.U.,(4,4),(0.,0.0222850250036),.UNSPECIFIED.) ;
#7865=B_SPLINE_CURVE_WITH_KNOTS('',4,(#7866,#7867,#7868,#7869,#7870),.UNSPECIFIED.,.F.,.U.,(5,5),(0.,0.0224122336261),.UNSPECIFIED.) ;
#7891=B_SPLINE_CURVE_WITH_KNOTS('',4,(#7892,#7893,#7894,#7895,#7896),.UNSPECIFIED.,.F.,.U.,(5,5),(0.,0.0224866833513),.UNSPECIFIED.) ;
#7917=B_SPLINE_CURVE_WITH_KNOTS('',3,(#7918,#7919,#7920,#7921),.UNSPECIFIED.,.F.,.U.,(4,4),(0.,0.0225459714197),.UNSPECIFIED.) ;
#7942=B_SPLINE_CURVE_WITH_KNOTS('',4,(#7943,#7944,#7945,#7946,#7947),.UNSPECIFIED.,.F.,.U.,(5,5),(0.,0.0222849326489),.UNSPECIFIED.) ;
#7968=B_SPLINE_CURVE_WITH_KNOTS('',3,(#7969,#7970,#7971,#7972),.UNSPECIFIED.,.F.,.U.,(4,4),(0.,0.0222306153293),.UNSPECIFIED.) ;
#7993=B_SPLINE_CURVE_WITH_KNOTS('',3,(#7994,#7995,#7996,#7997),.UNSPECIFIED.,.F.,.U.,(4,4),(0.,0.0289383133203),.UNSPECIFIED.) ;
#8018=B_SPLINE_CURVE_WITH_KNOTS('',3,(#8019,#8020,#8021,#8022),.UNSPECIFIED.,.F.,.U.,(4,4),(0.,0.0260410292204),.UNSPECIFIED.) ;
#8043=B_SPLINE_CURVE_WITH_KNOTS('',4,(#8044,#8045,#8046,#8047,#8048),.UNSPECIFIED.,.F.,.U.,(5,5),(0.,0.0223326240881),.UNSPECIFIED.) ;
#8069=B_SPLINE_CURVE_WITH_KNOTS('',4,(#8070,#8071,#8072,#8073,#8074),.UNSPECIFIED.,.F.,.U.,(5,5),(0.,0.0225192598278),.UNSPECIFIED.) ;
#8095=B_SPLINE_CURVE_WITH_KNOTS('',4,(#8096,#8097,#8098,#8099,#8100),.UNSPECIFIED.,.F.,.U.,(5,5),(0.,0.0225465899255),.UNSPECIFIED.) ;
#8121=B_SPLINE_CURVE_WITH_KNOTS('',4,(#8122,#8123,#8124,#8125,#8126),.UNSPECIFIED.,.F.,.U.,(5,5),(0.,0.0223641381006),.UNSPECIFIED.) ;
#8147=B_SPLINE_CURVE_WITH_KNOTS('',4,(#8148,#8149,#8150,#8151,#8152),.UNSPECIFIED.,.F.,.U.,(5,5),(0.,0.0222941119072),.UNSPECIFIED.) ;
#8173=B_SPLINE_CURVE_WITH_KNOTS('',3,(#8174,#8175,#8176,#8177),.UNSPECIFIED.,.F.,.U.,(4,4),(0.,0.0223989637713),.UNSPECIFIED.) ;
#8198=B_SPLINE_CURVE_WITH_KNOTS('',4,(#8199,#8200,#8201,#8202,#8203),.UNSPECIFIED.,.F.,.U.,(5,5),(0.,0.0224939415361),.UNSPECIFIED.) ;
#8530=B_SPLINE_CURVE_WITH_KNOTS('',4,(#8531,#8532,#8533,#8534,#8535),.UNSPECIFIED.,.F.,.U.,(5,5),(0.,0.025523164253),.UNSPECIFIED.) ;
#8537=B_SPLINE_CURVE_WITH_KNOTS('',3,(#8538,#8539,#8540,#8541),.UNSPECIFIED.,.F.,.U.,(4,4),(0.,0.0291565302009),.UNSPECIFIED.) ;
#8562=B_SPLINE_CURVE_WITH_KNOTS('',3,(#8563,#8564,#8565,#8566),.UNSPECIFIED.,.F.,.U.,(4,4),(0.,0.0290603195382),.UNSPECIFIED.) ;
#8587=B_SPLINE_CURVE_WITH_KNOTS('',4,(#8588,#8589,#8590,#8591,#8592),.UNSPECIFIED.,.F.,.U.,(5,5),(0.,0.0244674165139),.UNSPECIFIED.) ;
#8613=B_SPLINE_CURVE_WITH_KNOTS('',5,(#8614,#8615,#8616,#8617,#8618,#8619,#8620,#8621,#8622,#8623,#8624,#8625,#8626,#8627,#8628),.UNSPECIFIED.,.F.,.U.,(6,3,3,3,6),(0.,0.0307260324283,0.052207162691,0.0619964415201,0.0701911417379),.UNSPECIFIED.) ;
#8649=B_SPLINE_CURVE_WITH_KNOTS('',3,(#8650,#8651,#8652,#8653),.UNSPECIFIED.,.F.,.U.,(4,4),(0.,0.0267900370738),.UNSPECIFIED.) ;
#8674=B_SPLINE_CURVE_WITH_KNOTS('',4,(#8675,#8676,#8677,#8678,#8679),.UNSPECIFIED.,.F.,.U.,(5,5),(0.,0.0255061907435),.UNSPECIFIED.) ;
#8700=B_SPLINE_CURVE_WITH_KNOTS('',3,(#8701,#8702,#8703,#8704),.UNSPECIFIED.,.F.,.U.,(4,4),(0.,0.0290932011354),.UNSPECIFIED.) ;
#8725=B_SPLINE_CURVE_WITH_KNOTS('',4,(#8726,#8727,#8728,#8729,#8730),.UNSPECIFIED.,.F.,.U.,(5,5),(0.,0.0254940703358),.UNSPECIFIED.) ;
#8751=B_SPLINE_CURVE_WITH_KNOTS('',5,(#8752,#8753,#8754,#8755,#8756,#8757,#8758,#8759,#8760,#8761,#8762,#8763,#8764,#8765,#8766,#8767,#8768,#8769),.UNSPECIFIED.,.F.,.U.,(6,3,3,3,3,6),(0.,0.0586269222941,0.106179113799,0.117361761309,0.121429885303,0.129379419455),.UNSPECIFIED.) ;
#8790=B_SPLINE_CURVE_WITH_KNOTS('',3,(#8791,#8792,#8793,#8794),.UNSPECIFIED.,.F.,.U.,(4,4),(0.,0.0268887088118),.UNSPECIFIED.) ;
#8815=B_SPLINE_CURVE_WITH_KNOTS('',3,(#8816,#8817,#8818,#8819),.UNSPECIFIED.,.F.,.U.,(4,4),(0.,0.0244379939953),.UNSPECIFIED.) ;
#8840=B_SPLINE_CURVE_WITH_KNOTS('',5,(#8841,#8842,#8843,#8844,#8845,#8846,#8847,#8848,#8849,#8850,#8851,#8852,#8853,#8854,#8855,#8856,#8857,#8858),.UNSPECIFIED.,.F.,.U.,(6,3,3,3,3,6),(0.,0.0665646092566,0.1205103992,0.133159785456,0.140024432058,0.146378017364),.UNSPECIFIED.) ;
#9176=B_SPLINE_CURVE_WITH_KNOTS('',4,(#9177,#9178,#9179,#9180,#9181),.UNSPECIFIED.,.F.,.U.,(5,5),(0.,0.0254893074443),.UNSPECIFIED.) ;
#9183=B_SPLINE_CURVE_WITH_KNOTS('',3,(#9184,#9185,#9186,#9187),.UNSPECIFIED.,.F.,.U.,(4,4),(0.,0.0291679697662),.UNSPECIFIED.) ;
#9208=B_SPLINE_CURVE_WITH_KNOTS('',3,(#9209,#9210,#9211,#9212),.UNSPECIFIED.,.F.,.U.,(4,4),(0.,0.0291262028909),.UNSPECIFIED.) ;
#9233=B_SPLINE_CURVE_WITH_KNOTS('',4,(#9234,#9235,#9236,#9237,#9238),.UNSPECIFIED.,.F.,.U.,(5,5),(0.,0.0254680890598),.UNSPECIFIED.) ;
#9259=B_SPLINE_CURVE_WITH_KNOTS('',3,(#9260,#9261,#9262,#9263),.UNSPECIFIED.,.F.,.U.,(4,4),(0.,0.0291681017964),.UNSPECIFIED.) ;
#9284=B_SPLINE_CURVE_WITH_KNOTS('',3,(#9285,#9286,#9287,#9288),.UNSPECIFIED.,.F.,.U.,(4,4),(0.,0.0291414245355),.UNSPECIFIED.) ;
#9309=B_SPLINE_CURVE_WITH_KNOTS('',4,(#9310,#9311,#9312,#9313,#9314),.UNSPECIFIED.,.F.,.U.,(5,5),(0.,0.0254815710752),.UNSPECIFIED.) ;
#9335=B_SPLINE_CURVE_WITH_KNOTS('',4,(#9336,#9337,#9338,#9339,#9340),.UNSPECIFIED.,.F.,.U.,(5,5),(0.,0.0255535102277),.UNSPECIFIED.) ;
#9361=B_SPLINE_CURVE_WITH_KNOTS('',3,(#9362,#9363,#9364,#9365),.UNSPECIFIED.,.F.,.U.,(4,4),(0.,0.029002260605),.UNSPECIFIED.) ;
#9386=B_SPLINE_CURVE_WITH_KNOTS('',3,(#9387,#9388,#9389,#9390),.UNSPECIFIED.,.F.,.U.,(4,4),(0.,0.0291265373775),.UNSPECIFIED.) ;
#9411=B_SPLINE_CURVE_WITH_KNOTS('',4,(#9412,#9413,#9414,#9415,#9416),.UNSPECIFIED.,.F.,.U.,(5,5),(0.,0.0254891370988),.UNSPECIFIED.) ;
#9437=B_SPLINE_CURVE_WITH_KNOTS('',4,(#9438,#9439,#9440,#9441,#9442),.UNSPECIFIED.,.F.,.U.,(5,5),(0.,0.0254681555455),.UNSPECIFIED.) ;
#9827=B_SPLINE_CURVE_WITH_KNOTS('',4,(#9828,#9829,#9830,#9831,#9832),.UNSPECIFIED.,.F.,.U.,(5,5),(0.,0.0254920920198),.UNSPECIFIED.) ;
#9834=B_SPLINE_CURVE_WITH_KNOTS('',3,(#9835,#9836,#9837,#9838),.UNSPECIFIED.,.F.,.U.,(4,4),(0.,0.0291583475623),.UNSPECIFIED.) ;
#9852=B_SPLINE_CURVE_WITH_KNOTS('',4,(#9853,#9854,#9855,#9856,#9857),.UNSPECIFIED.,.F.,.U.,(5,5),(0.,0.0254920920198),.UNSPECIFIED.) ;
#9871=B_SPLINE_CURVE_WITH_KNOTS('',4,(#9872,#9873,#9874,#9875,#9876),.UNSPECIFIED.,.F.,.U.,(5,5),(0.,0.025538652494),.UNSPECIFIED.) ;
#9890=B_SPLINE_CURVE_WITH_KNOTS('',3,(#9891,#9892,#9893,#9894),.UNSPECIFIED.,.F.,.U.,(4,4),(0.,0.0290305712294),.UNSPECIFIED.) ;
#9908=B_SPLINE_CURVE_WITH_KNOTS('',4,(#9909,#9910,#9911,#9912,#9913),.UNSPECIFIED.,.F.,.U.,(5,5),(0.,0.025399188424),.UNSPECIFIED.) ;
#9927=B_SPLINE_CURVE_WITH_KNOTS('',3,(#9928,#9929,#9930,#9931),.UNSPECIFIED.,.F.,.U.,(4,4),(0.,0.0293075047429),.UNSPECIFIED.) ;
#9945=B_SPLINE_CURVE_WITH_KNOTS('',3,(#9946,#9947,#9948,#9949),.UNSPECIFIED.,.F.,.U.,(4,4),(0.,0.0291583475623),.UNSPECIFIED.) ;
#10325=B_SPLINE_CURVE_WITH_KNOTS('',3,(#10326,#10327,#10328,#10329),.UNSPECIFIED.,.F.,.U.,(4,4),(0.,0.0222239177633),.UNSPECIFIED.) ;
#10331=B_SPLINE_CURVE_WITH_KNOTS('',3,(#10332,#10333,#10334,#10335),.UNSPECIFIED.,.F.,.U.,(4,4),(0.,0.0291175477378),.UNSPECIFIED.) ;
#10349=B_SPLINE_CURVE_WITH_KNOTS('',3,(#10350,#10351,#10352,#10353),.UNSPECIFIED.,.F.,.U.,(4,4),(0.,0.0223467594623),.UNSPECIFIED.) ;
#10367=B_SPLINE_CURVE_WITH_KNOTS('',3,(#10368,#10369,#10370,#10371),.UNSPECIFIED.,.F.,.U.,(4,4),(0.,0.0225965749086),.UNSPECIFIED.) ;
#10385=B_SPLINE_CURVE_WITH_KNOTS('',4,(#10386,#10387,#10388,#10389,#10390),.UNSPECIFIED.,.F.,.U.,(5,5),(0.,0.0225390699802),.UNSPECIFIED.) ;
#10404=B_SPLINE_CURVE_WITH_KNOTS('',3,(#10405,#10406,#10407,#10408),.UNSPECIFIED.,.F.,.U.,(4,4),(0.,0.0223744411765),.UNSPECIFIED.) ;
#10422=B_SPLINE_CURVE_WITH_KNOTS('',4,(#10423,#10424,#10425,#10426,#10427),.UNSPECIFIED.,.F.,.U.,(5,5),(0.,0.022507099174),.UNSPECIFIED.) ;
#10441=B_SPLINE_CURVE_WITH_KNOTS('',4,(#10442,#10443,#10444,#10445,#10446),.UNSPECIFIED.,.F.,.U.,(5,5),(0.,0.022532030898),.UNSPECIFIED.) ;
#10460=B_SPLINE_CURVE_WITH_KNOTS('',4,(#10461,#10462,#10463,#10464,#10465),.UNSPECIFIED.,.F.,.U.,(5,5),(0.,0.0223760959988),.UNSPECIFIED.) ;
#10479=B_SPLINE_CURVE_WITH_KNOTS('',4,(#10480,#10481,#10482,#10483,#10484),.UNSPECIFIED.,.F.,.U.,(5,5),(0.,0.0222374233594),.UNSPECIFIED.) ;
#10498=B_SPLINE_CURVE_WITH_KNOTS('',3,(#10499,#10500,#10501,#10502),.UNSPECIFIED.,.F.,.U.,(4,4),(0.,0.0254937206746),.UNSPECIFIED.) ;
#12754=B_SPLINE_CURVE_WITH_KNOTS('',4,(#12755,#12756,#12757,#12758,#12759),.UNSPECIFIED.,.F.,.U.,(5,5),(1.20978564981,2.13593796729),.UNSPECIFIED.) ;
#12800=B_SPLINE_CURVE_WITH_KNOTS('',4,(#12801,#12802,#12803,#12804,#12805),.UNSPECIFIED.,.F.,.U.,(5,5),(1.2097826805,2.1359407767),.UNSPECIFIED.) ;
#12847=B_SPLINE_CURVE_WITH_KNOTS('',5,(#12848,#12849,#12850,#12851,#12852,#12853,#12854,#12855,#12856,#12857,#12858,#12859,#12860,#12861,#12862,#12863,#12864,#12865,#12866,#12867,#12868,#12869,#12870,#12871,#12872,#12873,#12874,#12875,#12876,#12877,#12878,#12879,#12880,#12881,#12882,#12883,#12884,#12885,#12886,#12887,#12888,#12889,#12890,#12891,#12892,#12893,#12894,#12895,#12896,#12897,#12898,#12899,#12900,#12901,#12902,#12903,#12904,#12905,#12906,#12907,#12908,#12909,#12910,#12911,#12912,#12913,#12914,#12915,#12916,#12917,#12918,#12919,#12920,#12921,#12922,#12923,#12924,#12925,#12926,#12927,#12928,#12929,#12930,#12931,#12932,#12933,#12934,#12935,#12936,#12937,#12938,#12939,#12940,#12941,#12942,#12943,#12944,#12945,#12946,#12947,#12948,#12949,#12950,#12951,#12952,#12953,#12954,#12955,#12956,#12957,#12958,#12959,#12960,#12961,#12962,#12963,#12964,#12965,#12966,#12967,#12968,#12969,#12970,#12971,#12972,#12973,#12974,#12975,#12976,#12977,#12978,#12979,#12980,#12981,#12982,#12983,#12984,#12985,#12986,#12987,#12988,#12989,#12990,#12991,#12992,#12993,#12994,#12995,#12996,#12997,#12998,#12999,#13000,#13001,#13002,#13003),.UNSPECIFIED.,.F.,.U.,(6,3,3,3,3,3,3,3,3,3,3,3,3,3,3,3,3,3,3,3,3,3,3,3,3,3,3,3,3,3,3,3,3,3,3,3,3,3,3,3,3,3,3,3,3,3,3,3,3,3,3,6),(0.0199349271928,0.0215131546824,0.0231089061117,0.0247344109826,0.0263950006711,0.0280908276779,0.0298193712156,0.0315769522307,0.0333597312192,0.0352184154729,0.0370965627746,0.0389912201847,0.0408999352167,0.0428205377689,0.044751445254,0.0466912334275,0.0486387424462,0.050693140617,0.0527540356871,0.0548206217999,0.0568922484122,0.058968236347,0.0610482256268,0.0631317964175,0.0652186086442,0.0674511275806,0.0696866732807,0.0719249537565,0.0741657345653,0.0764087116273,0.0786537790735,0.080900756579,0.0831494973365,0.0855597151073,0.0879716373053,0.0903851143603,0.0928000246205,0.0952161937202,0.0976335686924,0.100058531051,0.102483493409,0.105061117574,0.10763874174,0.110216361474,0.112793981208,0.115371568222,0.117949155236,0.120526739307,0.123104323378,0.128504884286,0.133905445195,0.150678241526),.UNSPECIFIED.) ;
#13005=B_SPLINE_CURVE_WITH_KNOTS('',5,(#13006,#13007,#13008,#13009,#13010,#13011,#13012,#13013,#13014,#13015,#13016,#13017,#13018,#13019,#13020,#13021,#13022,#13023,#13024,#13025,#13026,#13027,#13028,#13029,#13030,#13031,#13032,#13033,#13034,#13035,#13036,#13037,#13038,#13039,#13040,#13041,#13042,#13043,#13044,#13045,#13046,#13047,#13048,#13049,#13050,#13051,#13052,#13053,#13054,#13055,#13056,#13057,#13058,#13059,#13060,#13061,#13062,#13063,#13064,#13065,#13066,#13067,#13068,#13069,#13070,#13071,#13072,#13073,#13074,#13075,#13076,#13077,#13078,#13079,#13080,#13081,#13082,#13083,#13084,#13085,#13086,#13087,#13088,#13089,#13090,#13091,#13092,#13093,#13094,#13095,#13096,#13097,#13098,#13099,#13100,#13101,#13102,#13103,#13104,#13105,#13106,#13107,#13108,#13109,#13110,#13111,#13112,#13113,#13114,#13115,#13116,#13117,#13118,#13119,#13120,#13121,#13122,#13123,#13124,#13125,#13126,#13127,#13128,#13129,#13130,#13131,#13132,#13133,#13134,#13135,#13136,#13137,#13138,#13139,#13140,#13141,#13142,#13143,#13144,#13145,#13146,#13147,#13148,#13149,#13150,#13151,#13152,#13153,#13154,#13155,#13156,#13157,#13158,#13159,#13160,#13161),.UNSPECIFIED.,.F.,.U.,(6,3,3,3,3,3,3,3,3,3,3,3,3,3,3,3,3,3,3,3,3,3,3,3,3,3,3,3,3,3,3,3,3,3,3,3,3,3,3,3,3,3,3,3,3,3,3,3,3,3,3,6),(0.0199349271928,0.0215131546824,0.0231089061117,0.0247344109826,0.0263950006711,0.0280908276779,0.0298193712156,0.0315769522307,0.0333597312192,0.0352184154729,0.0370965627746,0.0389912201847,0.0408999352167,0.0428205377689,0.044751445254,0.0466912334275,0.0486387424462,0.050693140617,0.0527540356871,0.0548206217999,0.0568922484122,0.058968236347,0.0610482256268,0.0631317964175,0.0652186086442,0.0674511275806,0.0696866732807,0.0719249537565,0.0741657345653,0.0764087116273,0.0786537790735,0.080900756579,0.0831494973365,0.0855597151073,0.0879716373053,0.0903851143603,0.0928000246205,0.0952161937202,0.0976335686924,0.100058531051,0.102483493409,0.105061117574,0.10763874174,0.110216361474,0.112793981208,0.115371568222,0.117949155236,0.120526739307,0.123104323378,0.128504884286,0.133905445195,0.150678241526),.UNSPECIFIED.) ;
#13578=B_SPLINE_CURVE_WITH_KNOTS('',3,(#13579,#13580,#13581,#13582),.UNSPECIFIED.,.F.,.U.,(4,4),(0.,0.05),.UNSPECIFIED.) ;
#13586=B_SPLINE_CURVE_WITH_KNOTS('',5,(#13587,#13588,#13589,#13590,#13591,#13592,#13593,#13594,#13595,#13596,#13597,#13598,#13599,#13600,#13601,#13602,#13603,#13604,#13605,#13606,#13607,#13608,#13609,#13610),.UNSPECIFIED.,.F.,.U.,(6,3,3,3,3,3,3,6),(0.,0.0280888905128,0.0664115055275,0.132850040376,0.225314557393,0.317794358921,0.396805098263,0.475836086946),.UNSPECIFIED.) ;
#13612=B_SPLINE_CURVE_WITH_KNOTS('',5,(#13613,#13614,#13615,#13616,#13617,#13618,#13619,#13620,#13621,#13622,#13623,#13624,#13625,#13626,#13627,#13628,#13629,#13630,#13631,#13632,#13633,#13634,#13635,#13636),.UNSPECIFIED.,.F.,.U.,(6,3,3,3,3,3,3,6),(0.,0.0280888905128,0.0664115055275,0.132850040376,0.225314557393,0.317794358921,0.396805098263,0.475836086946),.UNSPECIFIED.) ;
#13681=B_SPLINE_CURVE_WITH_KNOTS('',5,(#13682,#13683,#13684,#13685,#13686,#13687,#13688,#13689,#13690,#13691,#13692,#13693,#13694,#13695,#13696,#13697,#13698,#13699,#13700,#13701,#13702,#13703,#13704,#13705,#13706,#13707,#13708,#13709,#13710,#13711,#13712,#13713,#13714,#13715,#13716,#13717,#13718,#13719,#13720,#13721,#13722,#13723,#13724,#13725,#13726,#13727,#13728,#13729,#13730,#13731,#13732,#13733,#13734,#13735,#13736,#13737,#13738,#13739,#13740,#13741,#13742,#13743,#13744),.UNSPECIFIED.,.F.,.U.,(6,3,3,3,3,3,3,3,3,3,3,3,3,3,3,3,3,3,3,3,6),(1.20978564981,1.22173024969,1.32063673895,1.41954335448,1.61736674045,1.668877485,1.72038898239,1.77190426038,1.79766031851,1.82341637664,1.84882138089,1.87422638513,1.89963162499,1.92503686485,1.95044415324,1.97585144162,2.00125893531,2.02666642901,2.05161226905,2.07655810909,2.13593796729),.UNSPECIFIED.) ;
#13813=B_SPLINE_CURVE_WITH_KNOTS('',3,(#13814,#13815,#13816,#13817),.UNSPECIFIED.,.F.,.U.,(4,4),(0.,0.05),.UNSPECIFIED.) ;
#13821=B_SPLINE_CURVE_WITH_KNOTS('',5,(#13822,#13823,#13824,#13825,#13826,#13827,#13828,#13829,#13830,#13831,#13832,#13833,#13834,#13835,#13836,#13837,#13838,#13839,#13840,#13841,#13842,#13843,#13844,#13845),.UNSPECIFIED.,.F.,.U.,(6,3,3,3,3,3,3,6),(0.,0.0280888953123,0.0664115103282,0.132850112961,0.225314732449,0.317794411514,0.396804654516,0.475835014893),.UNSPECIFIED.) ;
#13847=B_SPLINE_CURVE_WITH_KNOTS('',5,(#13848,#13849,#13850,#13851,#13852,#13853,#13854,#13855,#13856,#13857,#13858,#13859,#13860,#13861,#13862,#13863,#13864,#13865,#13866,#13867,#13868,#13869,#13870,#13871),.UNSPECIFIED.,.F.,.U.,(6,3,3,3,3,3,3,6),(0.,0.0280888953123,0.0664115103282,0.132850112961,0.225314732449,0.317794411514,0.396804654516,0.475835014893),.UNSPECIFIED.) ;
#13916=B_SPLINE_CURVE_WITH_KNOTS('',5,(#13917,#13918,#13919,#13920,#13921,#13922,#13923,#13924,#13925,#13926,#13927,#13928,#13929,#13930,#13931,#13932,#13933,#13934,#13935,#13936,#13937,#13938,#13939,#13940,#13941,#13942,#13943,#13944,#13945,#13946,#13947,#13948,#13949),.UNSPECIFIED.,.F.,.U.,(6,3,3,3,3,3,3,3,3,3,6),(1.2097826805,1.22977649653,1.42919624299,1.62863068457,1.75698840848,1.82117701646,1.88536704072,1.94800583541,2.01064588472,2.07329312868,2.1359407767),.UNSPECIFIED.) ;
#14334=B_SPLINE_CURVE_WITH_KNOTS('',5,(#14335,#14336,#14337,#14338,#14339,#14340,#14341,#14342,#14343,#14344,#14345,#14346,#14347,#14348,#14349,#14350,#14351,#14352,#14353,#14354,#14355),.UNSPECIFIED.,.F.,.U.,(6,3,3,3,3,3,6),(1.59986422179,1.6311733331,2.26167764641,2.88658207735,3.5742934464,4.12373659416,4.79962346347),.UNSPECIFIED.) ;
#14477=B_SPLINE_CURVE_WITH_KNOTS('',5,(#14478,#14479,#14480,#14481,#14482,#14483,#14484,#14485,#14486,#14487,#14488,#14489,#14490,#14491,#14492,#14493,#14494,#14495,#14496,#14497,#14498),.UNSPECIFIED.,.F.,.U.,(6,3,3,3,3,3,6),(1.59986422179,1.6311733331,2.26167764641,2.88658207735,3.5742934464,4.12373659416,4.79962346347),.UNSPECIFIED.) ;
#2347=B_SPLINE_SURFACE_WITH_KNOTS('',3,5,((#2348,#2349,#2350,#2351,#2352,#2353),(#2354,#2355,#2356,#2357,#2358,#2359),(#2360,#2361,#2362,#2363,#2364,#2365),(#2366,#2367,#2368,#2369,#2370,#2371)),.UNSPECIFIED.,.F.,.F.,.U.,(4,4),(6,6),(0.0199349271928,0.150678241526),(0.,0.05),.UNSPECIFIED.) ;
#3078=B_SPLINE_SURFACE_WITH_KNOTS('',3,5,((#3079,#3080,#3081,#3082,#3083,#3084),(#3085,#3086,#3087,#3088,#3089,#3090),(#3091,#3092,#3093,#3094,#3095,#3096),(#3097,#3098,#3099,#3100,#3101,#3102)),.UNSPECIFIED.,.F.,.F.,.U.,(4,4),(6,6),(0.,0.475836086946),(0.,0.05),.UNSPECIFIED.) ;
#3169=B_SPLINE_SURFACE_WITH_KNOTS('',5,5,((#3170,#3171,#3172,#3173,#3174,#3175),(#3176,#3177,#3178,#3179,#3180,#3181),(#3182,#3183,#3184,#3185,#3186,#3187),(#3188,#3189,#3190,#3191,#3192,#3193),(#3194,#3195,#3196,#3197,#3198,#3199),(#3200,#3201,#3202,#3203,#3204,#3205)),.UNSPECIFIED.,.F.,.F.,.U.,(6,6),(6,6),(1.20978564981,2.13593796729),(0.,0.05),.UNSPECIFIED.) ;
#3313=B_SPLINE_SURFACE_WITH_KNOTS('',3,5,((#3314,#3315,#3316,#3317,#3318,#3319),(#3320,#3321,#3322,#3323,#3324,#3325),(#3326,#3327,#3328,#3329,#3330,#3331),(#3332,#3333,#3334,#3335,#3336,#3337)),.UNSPECIFIED.,.F.,.F.,.U.,(4,4),(6,6),(9.5020780813E-018,0.475835014893),(0.,0.05),.UNSPECIFIED.) ;
#3404=B_SPLINE_SURFACE_WITH_KNOTS('',5,5,((#3405,#3406,#3407,#3408,#3409,#3410),(#3411,#3412,#3413,#3414,#3415,#3416),(#3417,#3418,#3419,#3420,#3421,#3422),(#3423,#3424,#3425,#3426,#3427,#3428),(#3429,#3430,#3431,#3432,#3433,#3434),(#3435,#3436,#3437,#3438,#3439,#3440)),.UNSPECIFIED.,.F.,.F.,.U.,(6,6),(6,6),(1.2097826805,2.1359407767),(0.,0.05),.UNSPECIFIED.) ;
#12822=B_SPLINE_SURFACE_WITH_KNOTS('',3,5,((#12823,#12824,#12825,#12826,#12827,#12828),(#12829,#12830,#12831,#12832,#12833,#12834),(#12835,#12836,#12837,#12838,#12839,#12840),(#12841,#12842,#12843,#12844,#12845,#12846)),.UNSPECIFIED.,.F.,.F.,.U.,(4,4),(6,6),(0.0199349271928,0.150678241526),(0.,0.05),.UNSPECIFIED.) ;
#13553=B_SPLINE_SURFACE_WITH_KNOTS('',3,5,((#13554,#13555,#13556,#13557,#13558,#13559),(#13560,#13561,#13562,#13563,#13564,#13565),(#13566,#13567,#13568,#13569,#13570,#13571),(#13572,#13573,#13574,#13575,#13576,#13577)),.UNSPECIFIED.,.F.,.F.,.U.,(4,4),(6,6),(0.,0.475836086946),(0.,0.05),.UNSPECIFIED.) ;
#13644=B_SPLINE_SURFACE_WITH_KNOTS('',5,5,((#13645,#13646,#13647,#13648,#13649,#13650),(#13651,#13652,#13653,#13654,#13655,#13656),(#13657,#13658,#13659,#13660,#13661,#13662),(#13663,#13664,#13665,#13666,#13667,#13668),(#13669,#13670,#13671,#13672,#13673,#13674),(#13675,#13676,#13677,#13678,#13679,#13680)),.UNSPECIFIED.,.F.,.F.,.U.,(6,6),(6,6),(1.20978564981,2.13593796729),(0.,0.05),.UNSPECIFIED.) ;
#13788=B_SPLINE_SURFACE_WITH_KNOTS('',3,5,((#13789,#13790,#13791,#13792,#13793,#13794),(#13795,#13796,#13797,#13798,#13799,#13800),(#13801,#13802,#13803,#13804,#13805,#13806),(#13807,#13808,#13809,#13810,#13811,#13812)),.UNSPECIFIED.,.F.,.F.,.U.,(4,4),(6,6),(9.5020780813E-018,0.475835014893),(0.,0.05),.UNSPECIFIED.) ;
#13879=B_SPLINE_SURFACE_WITH_KNOTS('',5,5,((#13880,#13881,#13882,#13883,#13884,#13885),(#13886,#13887,#13888,#13889,#13890,#13891),(#13892,#13893,#13894,#13895,#13896,#13897),(#13898,#13899,#13900,#13901,#13902,#13903),(#13904,#13905,#13906,#13907,#13908,#13909),(#13910,#13911,#13912,#13913,#13914,#13915)),.UNSPECIFIED.,.F.,.F.,.U.,(6,6),(6,6),(1.2097826805,2.1359407767),(0.,0.05),.UNSPECIFIED.) ;
#10523=MANIFOLD_SOLID_BREP('PartBody',#51) ;
#14237=MANIFOLD_SOLID_BREP('Body.4',#10526) ;
#14600=MANIFOLD_SOLID_BREP('Body.5',#14238) ;
#11=CALENDAR_DATE(2015,12,7) ;
#30=CC_DESIGN_APPROVAL(#21,(#16,#6,#14)) ;
#18=CC_DESIGN_DATE_AND_TIME_ASSIGNMENT(#13,#17,(#16)) ;
#29=CC_DESIGN_DATE_AND_TIME_ASSIGNMENT(#13,#28,(#14)) ;
#17=DATE_TIME_ROLE('classification_date') ;
#28=DATE_TIME_ROLE('creation_date') ;
#27=CC_DESIGN_PERSON_AND_ORGANIZATION_ASSIGNMENT(#25,#26,(#16)) ;
#33=CC_DESIGN_PERSON_AND_ORGANIZATION_ASSIGNMENT(#25,#34,(#6)) ;
#35=CC_DESIGN_PERSON_AND_ORGANIZATION_ASSIGNMENT(#25,#36,(#6,#14)) ;
#37=CC_DESIGN_PERSON_AND_ORGANIZATION_ASSIGNMENT(#25,#38,(#5)) ;
#26=PERSON_AND_ORGANIZATION_ROLE('classification_officer') ;
#34=PERSON_AND_ORGANIZATION_ROLE('design_supplier') ;
#36=PERSON_AND_ORGANIZATION_ROLE('creator') ;
#38=PERSON_AND_ORGANIZATION_ROLE('design_owner') ;
#39=CC_DESIGN_SECURITY_CLASSIFICATION(#16,(#6)) ;
#60=CIRCLE('generated circle',#59,0.05) ;
#69=CIRCLE('generated circle',#68,1.) ;
#76=CIRCLE('generated circle',#75,0.05) ;
#83=CIRCLE('generated circle',#82,1.05) ;
#100=CIRCLE('generated circle',#99,1.) ;
#105=CIRCLE('generated circle',#104,1.05) ;
#131=CIRCLE('generated circle',#130,0.1) ;
#145=CIRCLE('generated circle',#144,0.1) ;
#173=CIRCLE('generated circle',#172,0.1) ;
#194=CIRCLE('generated circle',#193,0.9) ;
#208=CIRCLE('generated circle',#207,0.9) ;
#248=CIRCLE('generated circle',#247,1.05) ;
#257=CIRCLE('generated circle',#256,1.05) ;
#266=CIRCLE('generated circle',#265,1.05) ;
#275=CIRCLE('generated circle',#274,1.05) ;
#284=CIRCLE('generated circle',#283,1.05) ;
#293=CIRCLE('generated circle',#292,1.05) ;
#302=CIRCLE('generated circle',#301,1.05) ;
#311=CIRCLE('generated circle',#310,1.05) ;
#320=CIRCLE('generated circle',#319,1.05) ;
#329=CIRCLE('generated circle',#328,1.05) ;
#351=CIRCLE('generated circle',#350,1.) ;
#370=CIRCLE('generated circle',#369,1.) ;
#387=CIRCLE('generated circle',#386,0.05) ;
#394=CIRCLE('generated circle',#393,1.) ;
#401=CIRCLE('generated circle',#400,0.05) ;
#418=CIRCLE('generated circle',#417,1.) ;
#442=CIRCLE('generated circle',#441,1.) ;
#461=CIRCLE('generated circle',#460,1.) ;
#478=CIRCLE('generated circle',#477,0.05) ;
#485=CIRCLE('generated circle',#484,1.) ;
#492=CIRCLE('generated circle',#491,0.05) ;
#509=CIRCLE('generated circle',#508,1.) ;
#533=CIRCLE('generated circle',#532,1.) ;
#552=CIRCLE('generated circle',#551,1.) ;
#569=CIRCLE('generated circle',#568,0.05) ;
#576=CIRCLE('generated circle',#575,1.) ;
#583=CIRCLE('generated circle',#582,0.05) ;
#600=CIRCLE('generated circle',#599,1.) ;
#624=CIRCLE('generated circle',#623,1.) ;
#643=CIRCLE('generated circle',#642,1.) ;
#660=CIRCLE('generated circle',#659,0.05) ;
#667=CIRCLE('generated circle',#666,1.) ;
#674=CIRCLE('generated circle',#673,0.05) ;
#691=CIRCLE('generated circle',#690,1.) ;
#715=CIRCLE('generated circle',#714,1.) ;
#734=CIRCLE('generated circle',#733,1.) ;
#751=CIRCLE('generated circle',#750,0.05) ;
#758=CIRCLE('generated circle',#757,1.) ;
#765=CIRCLE('generated circle',#764,0.05) ;
#782=CIRCLE('generated circle',#781,1.) ;
#806=CIRCLE('generated circle',#805,1.) ;
#825=CIRCLE('generated circle',#824,1.) ;
#842=CIRCLE('generated circle',#841,0.05) ;
#849=CIRCLE('generated circle',#848,1.05) ;
#856=CIRCLE('generated circle',#855,0.05) ;
#873=CIRCLE('generated circle',#872,1.05) ;
#890=CIRCLE('generated circle',#889,0.05) ;
#897=CIRCLE('generated circle',#896,1.05) ;
#904=CIRCLE('generated circle',#903,0.05) ;
#921=CIRCLE('generated circle',#920,1.05) ;
#938=CIRCLE('generated circle',#937,0.05) ;
#945=CIRCLE('generated circle',#944,1.05) ;
#952=CIRCLE('generated circle',#951,0.05) ;
#969=CIRCLE('generated circle',#968,1.05) ;
#986=CIRCLE('generated circle',#985,0.05) ;
#993=CIRCLE('generated circle',#992,1.05) ;
#1000=CIRCLE('generated circle',#999,0.05) ;
#1017=CIRCLE('generated circle',#1016,1.05) ;
#1034=CIRCLE('generated circle',#1033,0.05) ;
#1041=CIRCLE('generated circle',#1040,1.05) ;
#1048=CIRCLE('generated circle',#1047,0.05) ;
#1065=CIRCLE('generated circle',#1064,1.05) ;
#1082=CIRCLE('generated circle',#1081,0.05) ;
#1089=CIRCLE('generated circle',#1088,1.05) ;
#1096=CIRCLE('generated circle',#1095,0.05) ;
#1113=CIRCLE('generated circle',#1112,1.05) ;
#1130=CIRCLE('generated circle',#1129,0.05) ;
#1139=CIRCLE('generated circle',#1138,0.55) ;
#1146=CIRCLE('generated circle',#1145,0.05) ;
#1153=CIRCLE('generated circle',#1152,0.5) ;
#1170=CIRCLE('generated circle',#1169,0.55) ;
#1175=CIRCLE('generated circle',#1174,0.5) ;
#1199=CIRCLE('generated circle',#1198,0.5) ;
#1218=CIRCLE('generated circle',#1217,0.5) ;
#1235=CIRCLE('generated circle',#1234,1.2) ;
#1244=CIRCLE('generated circle',#1243,1.2) ;
#1287=CIRCLE('generated circle',#1286,0.05) ;
#1296=CIRCLE('generated circle',#1295,0.55) ;
#1303=CIRCLE('generated circle',#1302,0.05) ;
#1310=CIRCLE('generated circle',#1309,0.5) ;
#1327=CIRCLE('generated circle',#1326,0.55) ;
#1332=CIRCLE('generated circle',#1331,0.5) ;
#1351=CIRCLE('generated circle',#1350,0.5) ;
#1370=CIRCLE('generated circle',#1369,0.5) ;
#1403=CIRCLE('generated circle',#1402,0.1) ;
#1410=CIRCLE('generated circle',#1409,1.2) ;
#1417=CIRCLE('generated circle',#1416,1.2) ;
#1424=CIRCLE('generated circle',#1423,0.1) ;
#1455=CIRCLE('generated circle',#1454,0.05) ;
#1462=CIRCLE('generated circle',#1461,0.55) ;
#1469=CIRCLE('generated circle',#1468,0.05) ;
#1486=CIRCLE('generated circle',#1485,0.55) ;
#1519=CIRCLE('generated circle',#1518,1.2) ;
#1526=CIRCLE('generated circle',#1525,1.2) ;
#1533=CIRCLE('generated circle',#1532,0.1) ;
#1563=CIRCLE('generated circle',#1562,0.05) ;
#1570=CIRCLE('generated circle',#1569,0.55) ;
#1577=CIRCLE('generated circle',#1576,0.05) ;
#1594=CIRCLE('generated circle',#1593,0.55) ;
#1627=CIRCLE('generated circle',#1626,0.1) ;
#1634=CIRCLE('generated circle',#1633,1.2) ;
#1641=CIRCLE('generated circle',#1640,1.2) ;
#1648=CIRCLE('generated circle',#1647,0.1) ;
#1679=CIRCLE('generated circle',#1678,0.05) ;
#1684=CIRCLE('generated circle',#1683,0.05) ;
#1691=CIRCLE('generated circle',#1690,0.05) ;
#1708=CIRCLE('generated circle',#1707,0.05) ;
#1725=CIRCLE('generated circle',#1724,0.05) ;
#1732=CIRCLE('generated circle',#1731,0.05) ;
#1749=CIRCLE('generated circle',#1748,0.05) ;
#1756=CIRCLE('generated circle',#1755,1.25) ;
#1773=CIRCLE('generated circle',#1772,0.05) ;
#1780=CIRCLE('generated circle',#1779,1.25) ;
#1797=CIRCLE('generated circle',#1796,0.05) ;
#1804=CIRCLE('generated circle',#1803,0.05) ;
#1821=CIRCLE('generated circle',#1820,0.05) ;
#1845=CIRCLE('generated circle',#1844,0.05) ;
#1854=CIRCLE('generated circle',#1853,0.1) ;
#1859=CIRCLE('generated circle',#1858,0.05) ;
#1876=CIRCLE('generated circle',#1875,0.05) ;
#1907=CIRCLE('generated circle',#1906,0.05) ;
#1914=CIRCLE('generated circle',#1913,0.1) ;
#1919=CIRCLE('generated circle',#1918,0.05) ;
#1936=CIRCLE('generated circle',#1935,0.05) ;
#1960=CIRCLE('generated circle',#1959,0.05) ;
#1967=CIRCLE('generated circle',#1966,0.05) ;
#1984=CIRCLE('generated circle',#1983,0.05) ;
#1991=CIRCLE('generated circle',#1990,1.25) ;
#2008=CIRCLE('generated circle',#2007,0.05) ;
#2015=CIRCLE('generated circle',#2014,1.25) ;
#2032=CIRCLE('generated circle',#2031,0.05) ;
#2037=CIRCLE('generated circle',#2036,0.05) ;
#2054=CIRCLE('generated circle',#2053,0.05) ;
#2071=CIRCLE('generated circle',#2070,0.05) ;
#2078=CIRCLE('generated circle',#2077,0.05) ;
#2165=CIRCLE('generated circle',#2164,0.05) ;
#2189=CIRCLE('generated circle',#2188,1.25) ;
#2213=CIRCLE('generated circle',#2212,0.05) ;
#2232=CIRCLE('generated circle',#2231,1.25) ;
#2249=CIRCLE('generated circle',#2248,0.05) ;
#2277=CIRCLE('generated circle',#2276,1.25) ;
#2309=CIRCLE('generated circle',#2308,0.05) ;
#2328=CIRCLE('generated circle',#2327,1.25) ;
#2702=CIRCLE('generated circle',#2701,0.05) ;
#2719=CIRCLE('generated circle',#2718,0.05) ;
#2736=CIRCLE('generated circle',#2735,0.05) ;
#2743=CIRCLE('generated circle',#2742,0.05) ;
#2760=CIRCLE('generated circle',#2759,0.05) ;
#2784=CIRCLE('generated circle',#2783,0.05) ;
#2793=CIRCLE('generated circle',#2792,0.6) ;
#2798=CIRCLE('generated circle',#2797,0.55) ;
#2815=CIRCLE('generated circle',#2814,0.05) ;
#2846=CIRCLE('generated circle',#2845,0.05) ;
#2855=CIRCLE('generated circle',#2854,0.6) ;
#2860=CIRCLE('generated circle',#2859,0.55) ;
#2877=CIRCLE('generated circle',#2876,0.05) ;
#2908=CIRCLE('generated circle',#2907,0.05) ;
#2915=CIRCLE('generated circle',#2914,0.1) ;
#2920=CIRCLE('generated circle',#2919,0.05) ;
#2937=CIRCLE('generated circle',#2936,0.05) ;
#2959=CIRCLE('generated circle',#2958,0.05) ;
#3021=CIRCLE('generated circle',#3020,0.6) ;
#3069=CIRCLE('generated circle',#3068,0.6) ;
#3286=CIRCLE('generated circle',#3285,0.6) ;
#3304=CIRCLE('generated circle',#3303,0.05) ;
#3491=CIRCLE('generated circle',#3490,0.6) ;
#3528=CIRCLE('generated circle',#3527,0.6) ;
#3535=CIRCLE('generated circle',#3534,1.5) ;
#3552=CIRCLE('generated circle',#3551,0.6) ;
#3576=CIRCLE('generated circle',#3575,1.5) ;
#3624=CIRCLE('generated circle',#3623,1.5) ;
#3641=CIRCLE('generated circle',#3640,1.5) ;
#3658=CIRCLE('generated circle',#3657,0.6) ;
#3665=CIRCLE('generated circle',#3664,0.9) ;
#3682=CIRCLE('generated circle',#3681,0.6) ;
#3706=CIRCLE('generated circle',#3705,0.9) ;
#10535=CIRCLE('generated circle',#10534,1.05) ;
#10544=CIRCLE('generated circle',#10543,0.05) ;
#10551=CIRCLE('generated circle',#10550,1.) ;
#10558=CIRCLE('generated circle',#10557,0.05) ;
#10575=CIRCLE('generated circle',#10574,1.05) ;
#10580=CIRCLE('generated circle',#10579,1.) ;
#10613=CIRCLE('generated circle',#10612,0.9) ;
#10627=CIRCLE('generated circle',#10626,0.9) ;
#10648=CIRCLE('generated circle',#10647,0.1) ;
#10676=CIRCLE('generated circle',#10675,0.1) ;
#10690=CIRCLE('generated circle',#10689,0.1) ;
#10723=CIRCLE('generated circle',#10722,1.05) ;
#10732=CIRCLE('generated circle',#10731,1.05) ;
#10741=CIRCLE('generated circle',#10740,1.05) ;
#10750=CIRCLE('generated circle',#10749,1.05) ;
#10759=CIRCLE('generated circle',#10758,1.05) ;
#10768=CIRCLE('generated circle',#10767,1.05) ;
#10777=CIRCLE('generated circle',#10776,1.05) ;
#10786=CIRCLE('generated circle',#10785,1.05) ;
#10795=CIRCLE('generated circle',#10794,1.05) ;
#10804=CIRCLE('generated circle',#10803,1.05) ;
#10826=CIRCLE('generated circle',#10825,1.) ;
#10845=CIRCLE('generated circle',#10844,1.) ;
#10862=CIRCLE('generated circle',#10861,0.05) ;
#10869=CIRCLE('generated circle',#10868,1.) ;
#10876=CIRCLE('generated circle',#10875,0.05) ;
#10893=CIRCLE('generated circle',#10892,1.) ;
#10917=CIRCLE('generated circle',#10916,1.) ;
#10936=CIRCLE('generated circle',#10935,1.) ;
#10953=CIRCLE('generated circle',#10952,0.05) ;
#10960=CIRCLE('generated circle',#10959,1.) ;
#10967=CIRCLE('generated circle',#10966,0.05) ;
#10984=CIRCLE('generated circle',#10983,1.) ;
#11008=CIRCLE('generated circle',#11007,1.) ;
#11027=CIRCLE('generated circle',#11026,1.) ;
#11044=CIRCLE('generated circle',#11043,0.05) ;
#11051=CIRCLE('generated circle',#11050,1.) ;
#11058=CIRCLE('generated circle',#11057,0.05) ;
#11075=CIRCLE('generated circle',#11074,1.) ;
#11099=CIRCLE('generated circle',#11098,1.) ;
#11118=CIRCLE('generated circle',#11117,1.) ;
#11135=CIRCLE('generated circle',#11134,0.05) ;
#11142=CIRCLE('generated circle',#11141,1.) ;
#11149=CIRCLE('generated circle',#11148,0.05) ;
#11166=CIRCLE('generated circle',#11165,1.) ;
#11190=CIRCLE('generated circle',#11189,1.) ;
#11209=CIRCLE('generated circle',#11208,1.) ;
#11226=CIRCLE('generated circle',#11225,0.05) ;
#11233=CIRCLE('generated circle',#11232,1.) ;
#11240=CIRCLE('generated circle',#11239,0.05) ;
#11257=CIRCLE('generated circle',#11256,1.) ;
#11281=CIRCLE('generated circle',#11280,1.) ;
#11300=CIRCLE('generated circle',#11299,1.) ;
#11317=CIRCLE('generated circle',#11316,0.05) ;
#11324=CIRCLE('generated circle',#11323,1.05) ;
#11331=CIRCLE('generated circle',#11330,0.05) ;
#11348=CIRCLE('generated circle',#11347,1.05) ;
#11365=CIRCLE('generated circle',#11364,0.05) ;
#11372=CIRCLE('generated circle',#11371,1.05) ;
#11379=CIRCLE('generated circle',#11378,0.05) ;
#11396=CIRCLE('generated circle',#11395,1.05) ;
#11413=CIRCLE('generated circle',#11412,0.05) ;
#11420=CIRCLE('generated circle',#11419,1.05) ;
#11427=CIRCLE('generated circle',#11426,0.05) ;
#11444=CIRCLE('generated circle',#11443,1.05) ;
#11461=CIRCLE('generated circle',#11460,0.05) ;
#11468=CIRCLE('generated circle',#11467,1.05) ;
#11475=CIRCLE('generated circle',#11474,0.05) ;
#11492=CIRCLE('generated circle',#11491,1.05) ;
#11509=CIRCLE('generated circle',#11508,0.05) ;
#11516=CIRCLE('generated circle',#11515,1.05) ;
#11523=CIRCLE('generated circle',#11522,0.05) ;
#11540=CIRCLE('generated circle',#11539,1.05) ;
#11557=CIRCLE('generated circle',#11556,0.05) ;
#11564=CIRCLE('generated circle',#11563,1.05) ;
#11571=CIRCLE('generated circle',#11570,0.05) ;
#11588=CIRCLE('generated circle',#11587,1.05) ;
#11605=CIRCLE('generated circle',#11604,0.5) ;
#11614=CIRCLE('generated circle',#11613,0.05) ;
#11621=CIRCLE('generated circle',#11620,0.55) ;
#11628=CIRCLE('generated circle',#11627,0.05) ;
#11645=CIRCLE('generated circle',#11644,0.5) ;
#11650=CIRCLE('generated circle',#11649,0.55) ;
#11674=CIRCLE('generated circle',#11673,0.5) ;
#11693=CIRCLE('generated circle',#11692,0.5) ;
#11733=CIRCLE('generated circle',#11732,1.2) ;
#11740=CIRCLE('generated circle',#11739,1.2) ;
#11762=CIRCLE('generated circle',#11761,0.5) ;
#11771=CIRCLE('generated circle',#11770,0.05) ;
#11778=CIRCLE('generated circle',#11777,0.55) ;
#11785=CIRCLE('generated circle',#11784,0.05) ;
#11802=CIRCLE('generated circle',#11801,0.5) ;
#11807=CIRCLE('generated circle',#11806,0.55) ;
#11826=CIRCLE('generated circle',#11825,0.5) ;
#11845=CIRCLE('generated circle',#11844,0.5) ;
#11871=CIRCLE('generated circle',#11870,0.1) ;
#11878=CIRCLE('generated circle',#11877,1.2) ;
#11885=CIRCLE('generated circle',#11884,1.2) ;
#11892=CIRCLE('generated circle',#11891,0.1) ;
#11930=CIRCLE('generated circle',#11929,0.05) ;
#11937=CIRCLE('generated circle',#11936,0.55) ;
#11944=CIRCLE('generated circle',#11943,0.05) ;
#11961=CIRCLE('generated circle',#11960,0.55) ;
#11987=CIRCLE('generated circle',#11986,0.1) ;
#11994=CIRCLE('generated circle',#11993,1.2) ;
#12001=CIRCLE('generated circle',#12000,1.2) ;
#12038=CIRCLE('generated circle',#12037,0.05) ;
#12045=CIRCLE('generated circle',#12044,0.55) ;
#12052=CIRCLE('generated circle',#12051,0.05) ;
#12069=CIRCLE('generated circle',#12068,0.55) ;
#12095=CIRCLE('generated circle',#12094,0.1) ;
#12102=CIRCLE('generated circle',#12101,1.2) ;
#12109=CIRCLE('generated circle',#12108,1.2) ;
#12116=CIRCLE('generated circle',#12115,0.1) ;
#12154=CIRCLE('generated circle',#12153,0.05) ;
#12161=CIRCLE('generated circle',#12160,0.05) ;
#12166=CIRCLE('generated circle',#12165,0.05) ;
#12183=CIRCLE('generated circle',#12182,0.05) ;
#12200=CIRCLE('generated circle',#12199,0.05) ;
#12207=CIRCLE('generated circle',#12206,0.05) ;
#12224=CIRCLE('generated circle',#12223,1.25) ;
#12231=CIRCLE('generated circle',#12230,0.05) ;
#12248=CIRCLE('generated circle',#12247,1.25) ;
#12255=CIRCLE('generated circle',#12254,0.05) ;
#12272=CIRCLE('generated circle',#12271,0.05) ;
#12279=CIRCLE('generated circle',#12278,0.05) ;
#12303=CIRCLE('generated circle',#12302,0.05) ;
#12320=CIRCLE('generated circle',#12319,0.05) ;
#12327=CIRCLE('generated circle',#12326,0.1) ;
#12334=CIRCLE('generated circle',#12333,0.05) ;
#12365=CIRCLE('generated circle',#12364,0.05) ;
#12382=CIRCLE('generated circle',#12381,0.05) ;
#12387=CIRCLE('generated circle',#12386,0.1) ;
#12394=CIRCLE('generated circle',#12393,0.05) ;
#12418=CIRCLE('generated circle',#12417,0.05) ;
#12435=CIRCLE('generated circle',#12434,0.05) ;
#12442=CIRCLE('generated circle',#12441,0.05) ;
#12459=CIRCLE('generated circle',#12458,1.25) ;
#12466=CIRCLE('generated circle',#12465,0.05) ;
#12483=CIRCLE('generated circle',#12482,1.25) ;
#12490=CIRCLE('generated circle',#12489,0.05) ;
#12507=CIRCLE('generated circle',#12506,0.05) ;
#12512=CIRCLE('generated circle',#12511,0.05) ;
#12529=CIRCLE('generated circle',#12528,0.05) ;
#12546=CIRCLE('generated circle',#12545,0.05) ;
#12553=CIRCLE('generated circle',#12552,0.05) ;
#12633=CIRCLE('generated circle',#12632,0.05) ;
#12657=CIRCLE('generated circle',#12656,1.25) ;
#12688=CIRCLE('generated circle',#12687,0.05) ;
#12707=CIRCLE('generated circle',#12706,1.25) ;
#12731=CIRCLE('generated circle',#12730,0.05) ;
#12750=CIRCLE('generated circle',#12749,1.25) ;
#12784=CIRCLE('generated circle',#12783,0.05) ;
#12812=CIRCLE('generated circle',#12811,1.25) ;
#13177=CIRCLE('generated circle',#13176,0.05) ;
#13194=CIRCLE('generated circle',#13193,0.05) ;
#13211=CIRCLE('generated circle',#13210,0.05) ;
#13218=CIRCLE('generated circle',#13217,0.05) ;
#13242=CIRCLE('generated circle',#13241,0.05) ;
#13259=CIRCLE('generated circle',#13258,0.55) ;
#13266=CIRCLE('generated circle',#13265,0.6) ;
#13273=CIRCLE('generated circle',#13272,0.05) ;
#13304=CIRCLE('generated circle',#13303,0.05) ;
#13321=CIRCLE('generated circle',#13320,0.55) ;
#13328=CIRCLE('generated circle',#13327,0.6) ;
#13335=CIRCLE('generated circle',#13334,0.05) ;
#13366=CIRCLE('generated circle',#13365,0.05) ;
#13383=CIRCLE('generated circle',#13382,0.05) ;
#13388=CIRCLE('generated circle',#13387,0.1) ;
#13395=CIRCLE('generated circle',#13394,0.05) ;
#13417=CIRCLE('generated circle',#13416,0.05) ;
#13434=CIRCLE('generated circle',#13433,0.05) ;
#13489=CIRCLE('generated circle',#13488,0.6) ;
#13537=CIRCLE('generated circle',#13536,0.6) ;
#13761=CIRCLE('generated circle',#13760,0.6) ;
#13779=CIRCLE('generated circle',#13778,0.05) ;
#13973=CIRCLE('generated circle',#13972,0.6) ;
#14003=CIRCLE('generated circle',#14002,1.5) ;
#14010=CIRCLE('generated circle',#14009,0.6) ;
#14034=CIRCLE('generated circle',#14033,0.6) ;
#14051=CIRCLE('generated circle',#14050,1.5) ;
#14099=CIRCLE('generated circle',#14098,1.5) ;
#14116=CIRCLE('generated circle',#14115,1.5) ;
#14133=CIRCLE('generated circle',#14132,0.9) ;
#14140=CIRCLE('generated circle',#14139,0.6) ;
#14164=CIRCLE('generated circle',#14163,0.6) ;
#14181=CIRCLE('generated circle',#14180,0.9) ;
#14256=CIRCLE('generated circle',#14255,0.5) ;
#14270=CIRCLE('generated circle',#14269,0.5) ;
#14282=CIRCLE('generated circle',#14281,0.5) ;
#14287=CIRCLE('generated circle',#14286,0.5) ;
#14304=CIRCLE('generated circle',#14303,0.5) ;
#14313=CIRCLE('generated circle',#14312,0.5) ;
#14328=CIRCLE('generated circle',#14327,0.887298334621) ;
#14374=CIRCLE('generated circle',#14373,0.5) ;
#14381=CIRCLE('generated circle',#14380,0.5) ;
#14388=CIRCLE('generated circle',#14387,0.984122918276) ;
#14405=CIRCLE('generated circle',#14404,0.984122918276) ;
#14422=CIRCLE('generated circle',#14421,0.1) ;
#14427=CIRCLE('generated circle',#14426,0.1) ;
#14456=CIRCLE('generated circle',#14455,0.5) ;
#14465=CIRCLE('generated circle',#14464,0.5) ;
#14507=CIRCLE('generated circle',#14506,0.887298334621) ;
#14526=CIRCLE('generated circle',#14525,0.984122918276) ;
#14535=CIRCLE('generated circle',#14534,0.5) ;
#14540=CIRCLE('generated circle',#14539,0.5) ;
#14557=CIRCLE('generated circle',#14556,0.984122918276) ;
#14574=CIRCLE('generated circle',#14573,0.1) ;
#14579=CIRCLE('generated circle',#14578,0.1) ;
#10525=SHAPE_REPRESENTATION_RELATIONSHIP(' ',' ',#49,#10524) ;
#340=CYLINDRICAL_SURFACE('generated cylinder',#339,1.) ;
#431=CYLINDRICAL_SURFACE('generated cylinder',#430,1.) ;
#522=CYLINDRICAL_SURFACE('generated cylinder',#521,1.) ;
#613=CYLINDRICAL_SURFACE('generated cylinder',#612,1.) ;
#704=CYLINDRICAL_SURFACE('generated cylinder',#703,1.) ;
#795=CYLINDRICAL_SURFACE('generated cylinder',#794,1.) ;
#1188=CYLINDRICAL_SURFACE('generated cylinder',#1187,0.5) ;
#1704=CYLINDRICAL_SURFACE('generated cylinder',#1703,0.05) ;
#1817=CYLINDRICAL_SURFACE('generated cylinder',#1816,0.05) ;
#1872=CYLINDRICAL_SURFACE('generated cylinder',#1871,0.05) ;
#1932=CYLINDRICAL_SURFACE('generated cylinder',#1931,0.05) ;
#2050=CYLINDRICAL_SURFACE('generated cylinder',#2049,0.05) ;
#2091=CYLINDRICAL_SURFACE('generated cylinder',#2090,0.05) ;
#2108=CYLINDRICAL_SURFACE('generated cylinder',#2107,0.05) ;
#2142=CYLINDRICAL_SURFACE('generated cylinder',#2141,0.05) ;
#2154=CYLINDRICAL_SURFACE('generated cylinder',#2153,0.05) ;
#2178=CYLINDRICAL_SURFACE('generated cylinder',#2177,1.25) ;
#2202=CYLINDRICAL_SURFACE('generated cylinder',#2201,0.05) ;
#2245=CYLINDRICAL_SURFACE('generated cylinder',#2244,0.05) ;
#2298=CYLINDRICAL_SURFACE('generated cylinder',#2297,0.05) ;
#2715=CYLINDRICAL_SURFACE('generated cylinder',#2714,0.05) ;
#2756=CYLINDRICAL_SURFACE('generated cylinder',#2755,0.05) ;
#2811=CYLINDRICAL_SURFACE('generated cylinder',#2810,0.05) ;
#2873=CYLINDRICAL_SURFACE('generated cylinder',#2872,0.05) ;
#2933=CYLINDRICAL_SURFACE('generated cylinder',#2932,0.05) ;
#2984=CYLINDRICAL_SURFACE('generated cylinder',#2983,0.05) ;
#3010=CYLINDRICAL_SURFACE('generated cylinder',#3009,0.6) ;
#3058=CYLINDRICAL_SURFACE('generated cylinder',#3057,0.6) ;
#3282=CYLINDRICAL_SURFACE('generated cylinder',#3281,0.6) ;
#3487=CYLINDRICAL_SURFACE('generated cylinder',#3486,0.6) ;
#3548=CYLINDRICAL_SURFACE('generated cylinder',#3547,0.6) ;
#3620=CYLINDRICAL_SURFACE('generated cylinder',#3619,1.5) ;
#3637=CYLINDRICAL_SURFACE('generated cylinder',#3636,1.5) ;
#3678=CYLINDRICAL_SURFACE('generated cylinder',#3677,0.6) ;
#3831=CYLINDRICAL_SURFACE('generated cylinder',#3830,0.01) ;
#3865=CYLINDRICAL_SURFACE('generated cylinder',#3864,0.01) ;
#3901=CYLINDRICAL_SURFACE('generated cylinder',#3900,0.01) ;
#3926=CYLINDRICAL_SURFACE('generated cylinder',#3925,0.01) ;
#3952=CYLINDRICAL_SURFACE('generated cylinder',#3951,0.01) ;
#3977=CYLINDRICAL_SURFACE('generated cylinder',#3976,0.01) ;
#4003=CYLINDRICAL_SURFACE('generated cylinder',#4002,0.01) ;
#4042=CYLINDRICAL_SURFACE('generated cylinder',#4041,0.01) ;
#4067=CYLINDRICAL_SURFACE('generated cylinder',#4066,0.01) ;
#4092=CYLINDRICAL_SURFACE('generated cylinder',#4091,0.01) ;
#4131=CYLINDRICAL_SURFACE('generated cylinder',#4130,0.01) ;
#4156=CYLINDRICAL_SURFACE('generated cylinder',#4155,0.01) ;
#4181=CYLINDRICAL_SURFACE('generated cylinder',#4180,0.01) ;
#4198=CYLINDRICAL_SURFACE('generated cylinder',#4197,0.01) ;
#4241=CYLINDRICAL_SURFACE('generated cylinder',#4240,0.01) ;
#4274=CYLINDRICAL_SURFACE('generated cylinder',#4273,0.01) ;
#4306=CYLINDRICAL_SURFACE('generated cylinder',#4305,0.01) ;
#4339=CYLINDRICAL_SURFACE('generated cylinder',#4338,0.01) ;
#4371=CYLINDRICAL_SURFACE('generated cylinder',#4370,0.01) ;
#4404=CYLINDRICAL_SURFACE('generated cylinder',#4403,0.01) ;
#4437=CYLINDRICAL_SURFACE('generated cylinder',#4436,0.01) ;
#4469=CYLINDRICAL_SURFACE('generated cylinder',#4468,0.01) ;
#4502=CYLINDRICAL_SURFACE('generated cylinder',#4501,0.01) ;
#4535=CYLINDRICAL_SURFACE('generated cylinder',#4534,0.01) ;
#4567=CYLINDRICAL_SURFACE('generated cylinder',#4566,0.01) ;
#4600=CYLINDRICAL_SURFACE('generated cylinder',#4599,0.01) ;
#4728=CYLINDRICAL_SURFACE('generated cylinder',#4727,0.01) ;
#4763=CYLINDRICAL_SURFACE('generated cylinder',#4762,0.01) ;
#4788=CYLINDRICAL_SURFACE('generated cylinder',#4787,0.01) ;
#4813=CYLINDRICAL_SURFACE('generated cylinder',#4812,0.01) ;
#4839=CYLINDRICAL_SURFACE('generated cylinder',#4838,0.01) ;
#4865=CYLINDRICAL_SURFACE('generated cylinder',#4864,0.01) ;
#4890=CYLINDRICAL_SURFACE('generated cylinder',#4889,0.01) ;
#4915=CYLINDRICAL_SURFACE('generated cylinder',#4914,0.01) ;
#4941=CYLINDRICAL_SURFACE('generated cylinder',#4940,0.01) ;
#4967=CYLINDRICAL_SURFACE('generated cylinder',#4966,0.01) ;
#4993=CYLINDRICAL_SURFACE('generated cylinder',#4992,0.01) ;
#5197=CYLINDRICAL_SURFACE('generated cylinder',#5196,0.01) ;
#5231=CYLINDRICAL_SURFACE('generated cylinder',#5230,0.01) ;
#5256=CYLINDRICAL_SURFACE('generated cylinder',#5255,0.01) ;
#5282=CYLINDRICAL_SURFACE('generated cylinder',#5281,0.01) ;
#5307=CYLINDRICAL_SURFACE('generated cylinder',#5306,0.01) ;
#5333=CYLINDRICAL_SURFACE('generated cylinder',#5332,0.01) ;
#5358=CYLINDRICAL_SURFACE('generated cylinder',#5357,0.01) ;
#5384=CYLINDRICAL_SURFACE('generated cylinder',#5383,0.01) ;
#5410=CYLINDRICAL_SURFACE('generated cylinder',#5409,0.01) ;
#5435=CYLINDRICAL_SURFACE('generated cylinder',#5434,0.01) ;
#5461=CYLINDRICAL_SURFACE('generated cylinder',#5460,0.01) ;
#5487=CYLINDRICAL_SURFACE('generated cylinder',#5486,0.01) ;
#5512=CYLINDRICAL_SURFACE('generated cylinder',#5511,0.01) ;
#5537=CYLINDRICAL_SURFACE('generated cylinder',#5536,0.01) ;
#5563=CYLINDRICAL_SURFACE('generated cylinder',#5562,0.01) ;
#5588=CYLINDRICAL_SURFACE('generated cylinder',#5587,0.01) ;
#5614=CYLINDRICAL_SURFACE('generated cylinder',#5613,0.01) ;
#5639=CYLINDRICAL_SURFACE('generated cylinder',#5638,0.01) ;
#5665=CYLINDRICAL_SURFACE('generated cylinder',#5664,0.01) ;
#5691=CYLINDRICAL_SURFACE('generated cylinder',#5690,0.01) ;
#5717=CYLINDRICAL_SURFACE('generated cylinder',#5716,0.01) ;
#5743=CYLINDRICAL_SURFACE('generated cylinder',#5742,0.01) ;
#5768=CYLINDRICAL_SURFACE('generated cylinder',#5767,0.01) ;
#5884=CYLINDRICAL_SURFACE('generated cylinder',#5883,0.01) ;
#5918=CYLINDRICAL_SURFACE('generated cylinder',#5917,0.01) ;
#5943=CYLINDRICAL_SURFACE('generated cylinder',#5942,0.01) ;
#5968=CYLINDRICAL_SURFACE('generated cylinder',#5967,0.01) ;
#5993=CYLINDRICAL_SURFACE('generated cylinder',#5992,0.01) ;
#6018=CYLINDRICAL_SURFACE('generated cylinder',#6017,0.01) ;
#6043=CYLINDRICAL_SURFACE('generated cylinder',#6042,0.01) ;
#6068=CYLINDRICAL_SURFACE('generated cylinder',#6067,0.01) ;
#6093=CYLINDRICAL_SURFACE('generated cylinder',#6092,0.01) ;
#6119=CYLINDRICAL_SURFACE('generated cylinder',#6118,0.01) ;
#6144=CYLINDRICAL_SURFACE('generated cylinder',#6143,0.01) ;
#6169=CYLINDRICAL_SURFACE('generated cylinder',#6168,0.01) ;
#6253=CYLINDRICAL_SURFACE('generated cylinder',#6252,0.01) ;
#6287=CYLINDRICAL_SURFACE('generated cylinder',#6286,0.01) ;
#6312=CYLINDRICAL_SURFACE('generated cylinder',#6311,0.01) ;
#6338=CYLINDRICAL_SURFACE('generated cylinder',#6337,0.01) ;
#6363=CYLINDRICAL_SURFACE('generated cylinder',#6362,0.01) ;
#6388=CYLINDRICAL_SURFACE('generated cylinder',#6387,0.01) ;
#6413=CYLINDRICAL_SURFACE('generated cylinder',#6412,0.01) ;
#6438=CYLINDRICAL_SURFACE('generated cylinder',#6437,0.01) ;
#6767=CYLINDRICAL_SURFACE('generated cylinder',#6766,0.01) ;
#6802=CYLINDRICAL_SURFACE('generated cylinder',#6801,0.01) ;
#6827=CYLINDRICAL_SURFACE('generated cylinder',#6826,0.01) ;
#6852=CYLINDRICAL_SURFACE('generated cylinder',#6851,0.01) ;
#6878=CYLINDRICAL_SURFACE('generated cylinder',#6877,0.01) ;
#6903=CYLINDRICAL_SURFACE('generated cylinder',#6902,0.01) ;
#6929=CYLINDRICAL_SURFACE('generated cylinder',#6928,0.01) ;
#6955=CYLINDRICAL_SURFACE('generated cylinder',#6954,0.01) ;
#6980=CYLINDRICAL_SURFACE('generated cylinder',#6979,0.01) ;
#7006=CYLINDRICAL_SURFACE('generated cylinder',#7005,0.01) ;
#7032=CYLINDRICAL_SURFACE('generated cylinder',#7031,0.01) ;
#7057=CYLINDRICAL_SURFACE('generated cylinder',#7056,0.01) ;
#7083=CYLINDRICAL_SURFACE('generated cylinder',#7082,0.01) ;
#7647=CYLINDRICAL_SURFACE('generated cylinder',#7646,0.01) ;
#7681=CYLINDRICAL_SURFACE('generated cylinder',#7680,0.01) ;
#7706=CYLINDRICAL_SURFACE('generated cylinder',#7705,0.01) ;
#7731=CYLINDRICAL_SURFACE('generated cylinder',#7730,0.01) ;
#7756=CYLINDRICAL_SURFACE('generated cylinder',#7755,0.01) ;
#7781=CYLINDRICAL_SURFACE('generated cylinder',#7780,0.01) ;
#7806=CYLINDRICAL_SURFACE('generated cylinder',#7805,0.01) ;
#7832=CYLINDRICAL_SURFACE('generated cylinder',#7831,0.01) ;
#7857=CYLINDRICAL_SURFACE('generated cylinder',#7856,0.01) ;
#7883=CYLINDRICAL_SURFACE('generated cylinder',#7882,0.01) ;
#7909=CYLINDRICAL_SURFACE('generated cylinder',#7908,0.01) ;
#7934=CYLINDRICAL_SURFACE('generated cylinder',#7933,0.01) ;
#7960=CYLINDRICAL_SURFACE('generated cylinder',#7959,0.01) ;
#7985=CYLINDRICAL_SURFACE('generated cylinder',#7984,0.01) ;
#8010=CYLINDRICAL_SURFACE('generated cylinder',#8009,0.01) ;
#8035=CYLINDRICAL_SURFACE('generated cylinder',#8034,0.01) ;
#8061=CYLINDRICAL_SURFACE('generated cylinder',#8060,0.01) ;
#8087=CYLINDRICAL_SURFACE('generated cylinder',#8086,0.01) ;
#8113=CYLINDRICAL_SURFACE('generated cylinder',#8112,0.01) ;
#8139=CYLINDRICAL_SURFACE('generated cylinder',#8138,0.01) ;
#8165=CYLINDRICAL_SURFACE('generated cylinder',#8164,0.01) ;
#8190=CYLINDRICAL_SURFACE('generated cylinder',#8189,0.01) ;
#8216=CYLINDRICAL_SURFACE('generated cylinder',#8215,0.01) ;
#8520=CYLINDRICAL_SURFACE('generated cylinder',#8519,0.01) ;
#8554=CYLINDRICAL_SURFACE('generated cylinder',#8553,0.01) ;
#8579=CYLINDRICAL_SURFACE('generated cylinder',#8578,0.01) ;
#8605=CYLINDRICAL_SURFACE('generated cylinder',#8604,0.01) ;
#8641=CYLINDRICAL_SURFACE('generated cylinder',#8640,0.01) ;
#8666=CYLINDRICAL_SURFACE('generated cylinder',#8665,0.01) ;
#8692=CYLINDRICAL_SURFACE('generated cylinder',#8691,0.01) ;
#8717=CYLINDRICAL_SURFACE('generated cylinder',#8716,0.01) ;
#8743=CYLINDRICAL_SURFACE('generated cylinder',#8742,0.01) ;
#8782=CYLINDRICAL_SURFACE('generated cylinder',#8781,0.01) ;
#8807=CYLINDRICAL_SURFACE('generated cylinder',#8806,0.01) ;
#8832=CYLINDRICAL_SURFACE('generated cylinder',#8831,0.01) ;
#8871=CYLINDRICAL_SURFACE('generated cylinder',#8870,0.01) ;
#9166=CYLINDRICAL_SURFACE('generated cylinder',#9165,0.01) ;
#9200=CYLINDRICAL_SURFACE('generated cylinder',#9199,0.01) ;
#9225=CYLINDRICAL_SURFACE('generated cylinder',#9224,0.01) ;
#9251=CYLINDRICAL_SURFACE('generated cylinder',#9250,0.01) ;
#9276=CYLINDRICAL_SURFACE('generated cylinder',#9275,0.01) ;
#9301=CYLINDRICAL_SURFACE('generated cylinder',#9300,0.01) ;
#9327=CYLINDRICAL_SURFACE('generated cylinder',#9326,0.01) ;
#9353=CYLINDRICAL_SURFACE('generated cylinder',#9352,0.01) ;
#9378=CYLINDRICAL_SURFACE('generated cylinder',#9377,0.01) ;
#9403=CYLINDRICAL_SURFACE('generated cylinder',#9402,0.01) ;
#9429=CYLINDRICAL_SURFACE('generated cylinder',#9428,0.01) ;
#9455=CYLINDRICAL_SURFACE('generated cylinder',#9454,0.01) ;
#9826=CYLINDRICAL_SURFACE('generated cylinder',#9825,0.01) ;
#9851=CYLINDRICAL_SURFACE('generated cylinder',#9850,0.01) ;
#9870=CYLINDRICAL_SURFACE('generated cylinder',#9869,0.01) ;
#9889=CYLINDRICAL_SURFACE('generated cylinder',#9888,0.01) ;
#9907=CYLINDRICAL_SURFACE('generated cylinder',#9906,0.01) ;
#9926=CYLINDRICAL_SURFACE('generated cylinder',#9925,0.01) ;
#9944=CYLINDRICAL_SURFACE('generated cylinder',#9943,0.01) ;
#9962=CYLINDRICAL_SURFACE('generated cylinder',#9961,0.01) ;
#10324=CYLINDRICAL_SURFACE('generated cylinder',#10323,0.01) ;
#10348=CYLINDRICAL_SURFACE('generated cylinder',#10347,0.01) ;
#10366=CYLINDRICAL_SURFACE('generated cylinder',#10365,0.01) ;
#10384=CYLINDRICAL_SURFACE('generated cylinder',#10383,0.01) ;
#10403=CYLINDRICAL_SURFACE('generated cylinder',#10402,0.01) ;
#10421=CYLINDRICAL_SURFACE('generated cylinder',#10420,0.01) ;
#10440=CYLINDRICAL_SURFACE('generated cylinder',#10439,0.01) ;
#10459=CYLINDRICAL_SURFACE('generated cylinder',#10458,0.01) ;
#10478=CYLINDRICAL_SURFACE('generated cylinder',#10477,0.01) ;
#10497=CYLINDRICAL_SURFACE('generated cylinder',#10496,0.01) ;
#10515=CYLINDRICAL_SURFACE('generated cylinder',#10514,0.01) ;
#10815=CYLINDRICAL_SURFACE('generated cylinder',#10814,1.) ;
#10906=CYLINDRICAL_SURFACE('generated cylinder',#10905,1.) ;
#10997=CYLINDRICAL_SURFACE('generated cylinder',#10996,1.) ;
#11088=CYLINDRICAL_SURFACE('generated cylinder',#11087,1.) ;
#11179=CYLINDRICAL_SURFACE('generated cylinder',#11178,1.) ;
#11270=CYLINDRICAL_SURFACE('generated cylinder',#11269,1.) ;
#11663=CYLINDRICAL_SURFACE('generated cylinder',#11662,0.5) ;
#12179=CYLINDRICAL_SURFACE('generated cylinder',#12178,0.05) ;
#12292=CYLINDRICAL_SURFACE('generated cylinder',#12291,0.05) ;
#12347=CYLINDRICAL_SURFACE('generated cylinder',#12346,0.05) ;
#12407=CYLINDRICAL_SURFACE('generated cylinder',#12406,0.05) ;
#12525=CYLINDRICAL_SURFACE('generated cylinder',#12524,0.05) ;
#12566=CYLINDRICAL_SURFACE('generated cylinder',#12565,0.05) ;
#12583=CYLINDRICAL_SURFACE('generated cylinder',#12582,0.05) ;
#12617=CYLINDRICAL_SURFACE('generated cylinder',#12616,0.05) ;
#12629=CYLINDRICAL_SURFACE('generated cylinder',#12628,0.05) ;
#12653=CYLINDRICAL_SURFACE('generated cylinder',#12652,1.25) ;
#12677=CYLINDRICAL_SURFACE('generated cylinder',#12676,0.05) ;
#12720=CYLINDRICAL_SURFACE('generated cylinder',#12719,0.05) ;
#12773=CYLINDRICAL_SURFACE('generated cylinder',#12772,0.05) ;
#13190=CYLINDRICAL_SURFACE('generated cylinder',#13189,0.05) ;
#13231=CYLINDRICAL_SURFACE('generated cylinder',#13230,0.05) ;
#13286=CYLINDRICAL_SURFACE('generated cylinder',#13285,0.05) ;
#13348=CYLINDRICAL_SURFACE('generated cylinder',#13347,0.05) ;
#13408=CYLINDRICAL_SURFACE('generated cylinder',#13407,0.05) ;
#13459=CYLINDRICAL_SURFACE('generated cylinder',#13458,0.05) ;
#13485=CYLINDRICAL_SURFACE('generated cylinder',#13484,0.6) ;
#13533=CYLINDRICAL_SURFACE('generated cylinder',#13532,0.6) ;
#13757=CYLINDRICAL_SURFACE('generated cylinder',#13756,0.6) ;
#13962=CYLINDRICAL_SURFACE('generated cylinder',#13961,0.6) ;
#14023=CYLINDRICAL_SURFACE('generated cylinder',#14022,0.6) ;
#14095=CYLINDRICAL_SURFACE('generated cylinder',#14094,1.5) ;
#14112=CYLINDRICAL_SURFACE('generated cylinder',#14111,1.5) ;
#14153=CYLINDRICAL_SURFACE('generated cylinder',#14152,0.6) ;
#14243=CYLINDRICAL_SURFACE('generated cylinder',#14242,0.5) ;
#56=TOROIDAL_SURFACE('homeo Torus',#55,1.05,0.05) ;
#96=TOROIDAL_SURFACE('homeo Torus',#95,1.05,0.05) ;
#383=TOROIDAL_SURFACE('homeo Torus',#382,1.05,0.05) ;
#414=TOROIDAL_SURFACE('homeo Torus',#413,1.05,0.05) ;
#474=TOROIDAL_SURFACE('homeo Torus',#473,1.05,0.05) ;
#505=TOROIDAL_SURFACE('homeo Torus',#504,1.05,0.05) ;
#565=TOROIDAL_SURFACE('homeo Torus',#564,1.05,0.05) ;
#596=TOROIDAL_SURFACE('homeo Torus',#595,1.05,0.05) ;
#656=TOROIDAL_SURFACE('homeo Torus',#655,1.05,0.05) ;
#687=TOROIDAL_SURFACE('homeo Torus',#686,1.05,0.05) ;
#747=TOROIDAL_SURFACE('homeo Torus',#746,1.05,0.05) ;
#778=TOROIDAL_SURFACE('homeo Torus',#777,1.05,0.05) ;
#838=TOROIDAL_SURFACE('homeo Torus',#837,1.05,0.05) ;
#869=TOROIDAL_SURFACE('homeo Torus',#868,1.05,0.05) ;
#886=TOROIDAL_SURFACE('homeo Torus',#885,1.05,0.05) ;
#917=TOROIDAL_SURFACE('homeo Torus',#916,1.05,0.05) ;
#934=TOROIDAL_SURFACE('homeo Torus',#933,1.05,0.05) ;
#965=TOROIDAL_SURFACE('homeo Torus',#964,1.05,0.05) ;
#982=TOROIDAL_SURFACE('homeo Torus',#981,1.05,0.05) ;
#1013=TOROIDAL_SURFACE('homeo Torus',#1012,1.05,0.05) ;
#1030=TOROIDAL_SURFACE('homeo Torus',#1029,1.05,0.05) ;
#1061=TOROIDAL_SURFACE('homeo Torus',#1060,1.05,0.05) ;
#1078=TOROIDAL_SURFACE('homeo Torus',#1077,1.05,0.05) ;
#1109=TOROIDAL_SURFACE('homeo Torus',#1108,1.05,0.05) ;
#1126=TOROIDAL_SURFACE('homeo Torus',#1125,0.55,0.05) ;
#1166=TOROIDAL_SURFACE('homeo Torus',#1165,0.55,0.05) ;
#1283=TOROIDAL_SURFACE('homeo Torus',#1282,0.55,0.05) ;
#1323=TOROIDAL_SURFACE('homeo Torus',#1322,0.55,0.05) ;
#1451=TOROIDAL_SURFACE('homeo Torus',#1450,0.55,0.05) ;
#1482=TOROIDAL_SURFACE('homeo Torus',#1481,0.55,0.05) ;
#1559=TOROIDAL_SURFACE('homeo Torus',#1558,0.55,0.05) ;
#1590=TOROIDAL_SURFACE('homeo Torus',#1589,0.55,0.05) ;
#1675=TOROIDAL_SURFACE('homeo Torus',#1674,0.1,0.05) ;
#1721=TOROIDAL_SURFACE('homeo Torus',#1720,0.1,0.05) ;
#1745=TOROIDAL_SURFACE('homeo Torus',#1744,1.2,0.05) ;
#1769=TOROIDAL_SURFACE('homeo Torus',#1768,1.2,0.05) ;
#1793=TOROIDAL_SURFACE('homeo Torus',#1792,0.1,0.05) ;
#1841=TOROIDAL_SURFACE('homeo Torus',#1840,0.1,0.05) ;
#1903=TOROIDAL_SURFACE('homeo Torus',#1902,0.1,0.05) ;
#1956=TOROIDAL_SURFACE('homeo Torus',#1955,0.1,0.05) ;
#1980=TOROIDAL_SURFACE('homeo Torus',#1979,1.2,0.05) ;
#2004=TOROIDAL_SURFACE('homeo Torus',#2003,1.2,0.05) ;
#2028=TOROIDAL_SURFACE('homeo Torus',#2027,0.1,0.05) ;
#2067=TOROIDAL_SURFACE('homeo Torus',#2066,0.1,0.05) ;
#2698=TOROIDAL_SURFACE('homeo Torus',#2697,1.2,0.05) ;
#2732=TOROIDAL_SURFACE('homeo Torus',#2731,0.1,0.05) ;
#2780=TOROIDAL_SURFACE('homeo Torus',#2779,0.55,0.05) ;
#2842=TOROIDAL_SURFACE('homeo Torus',#2841,0.55,0.05) ;
#2904=TOROIDAL_SURFACE('homeo Torus',#2903,0.1,0.05) ;
#2955=TOROIDAL_SURFACE('homeo Torus',#2954,0.1,0.05) ;
#2972=TOROIDAL_SURFACE('homeo Torus',#2971,1.2,0.05) ;
#3300=TOROIDAL_SURFACE('homeo Torus',#3299,1.2,0.05) ;
#3512=TOROIDAL_SURFACE('homeo Torus',#3511,1.2,0.05) ;
#3524=TOROIDAL_SURFACE('homeo Torus',#3523,0.9,0.6) ;
#3572=TOROIDAL_SURFACE('homeo Torus',#3571,0.9,0.6) ;
#3654=TOROIDAL_SURFACE('homeo Torus',#3653,0.9,0.6) ;
#3702=TOROIDAL_SURFACE('homeo Torus',#3701,0.9,0.6) ;
#10531=TOROIDAL_SURFACE('homeo Torus',#10530,1.05,0.05) ;
#10571=TOROIDAL_SURFACE('homeo Torus',#10570,1.05,0.05) ;
#10858=TOROIDAL_SURFACE('homeo Torus',#10857,1.05,0.05) ;
#10889=TOROIDAL_SURFACE('homeo Torus',#10888,1.05,0.05) ;
#10949=TOROIDAL_SURFACE('homeo Torus',#10948,1.05,0.05) ;
#10980=TOROIDAL_SURFACE('homeo Torus',#10979,1.05,0.05) ;
#11040=TOROIDAL_SURFACE('homeo Torus',#11039,1.05,0.05) ;
#11071=TOROIDAL_SURFACE('homeo Torus',#11070,1.05,0.05) ;
#11131=TOROIDAL_SURFACE('homeo Torus',#11130,1.05,0.05) ;
#11162=TOROIDAL_SURFACE('homeo Torus',#11161,1.05,0.05) ;
#11222=TOROIDAL_SURFACE('homeo Torus',#11221,1.05,0.05) ;
#11253=TOROIDAL_SURFACE('homeo Torus',#11252,1.05,0.05) ;
#11313=TOROIDAL_SURFACE('homeo Torus',#11312,1.05,0.05) ;
#11344=TOROIDAL_SURFACE('homeo Torus',#11343,1.05,0.05) ;
#11361=TOROIDAL_SURFACE('homeo Torus',#11360,1.05,0.05) ;
#11392=TOROIDAL_SURFACE('homeo Torus',#11391,1.05,0.05) ;
#11409=TOROIDAL_SURFACE('homeo Torus',#11408,1.05,0.05) ;
#11440=TOROIDAL_SURFACE('homeo Torus',#11439,1.05,0.05) ;
#11457=TOROIDAL_SURFACE('homeo Torus',#11456,1.05,0.05) ;
#11488=TOROIDAL_SURFACE('homeo Torus',#11487,1.05,0.05) ;
#11505=TOROIDAL_SURFACE('homeo Torus',#11504,1.05,0.05) ;
#11536=TOROIDAL_SURFACE('homeo Torus',#11535,1.05,0.05) ;
#11553=TOROIDAL_SURFACE('homeo Torus',#11552,1.05,0.05) ;
#11584=TOROIDAL_SURFACE('homeo Torus',#11583,1.05,0.05) ;
#11601=TOROIDAL_SURFACE('homeo Torus',#11600,0.55,0.05) ;
#11641=TOROIDAL_SURFACE('homeo Torus',#11640,0.55,0.05) ;
#11758=TOROIDAL_SURFACE('homeo Torus',#11757,0.55,0.05) ;
#11798=TOROIDAL_SURFACE('homeo Torus',#11797,0.55,0.05) ;
#11926=TOROIDAL_SURFACE('homeo Torus',#11925,0.55,0.05) ;
#11957=TOROIDAL_SURFACE('homeo Torus',#11956,0.55,0.05) ;
#12034=TOROIDAL_SURFACE('homeo Torus',#12033,0.55,0.05) ;
#12065=TOROIDAL_SURFACE('homeo Torus',#12064,0.55,0.05) ;
#12150=TOROIDAL_SURFACE('homeo Torus',#12149,0.1,0.05) ;
#12196=TOROIDAL_SURFACE('homeo Torus',#12195,0.1,0.05) ;
#12220=TOROIDAL_SURFACE('homeo Torus',#12219,1.2,0.05) ;
#12244=TOROIDAL_SURFACE('homeo Torus',#12243,1.2,0.05) ;
#12268=TOROIDAL_SURFACE('homeo Torus',#12267,0.1,0.05) ;
#12316=TOROIDAL_SURFACE('homeo Torus',#12315,0.1,0.05) ;
#12378=TOROIDAL_SURFACE('homeo Torus',#12377,0.1,0.05) ;
#12431=TOROIDAL_SURFACE('homeo Torus',#12430,0.1,0.05) ;
#12455=TOROIDAL_SURFACE('homeo Torus',#12454,1.2,0.05) ;
#12479=TOROIDAL_SURFACE('homeo Torus',#12478,1.2,0.05) ;
#12503=TOROIDAL_SURFACE('homeo Torus',#12502,0.1,0.05) ;
#12542=TOROIDAL_SURFACE('homeo Torus',#12541,0.1,0.05) ;
#13173=TOROIDAL_SURFACE('homeo Torus',#13172,1.2,0.05) ;
#13207=TOROIDAL_SURFACE('homeo Torus',#13206,0.1,0.05) ;
#13255=TOROIDAL_SURFACE('homeo Torus',#13254,0.55,0.05) ;
#13317=TOROIDAL_SURFACE('homeo Torus',#13316,0.55,0.05) ;
#13379=TOROIDAL_SURFACE('homeo Torus',#13378,0.1,0.05) ;
#13430=TOROIDAL_SURFACE('homeo Torus',#13429,0.1,0.05) ;
#13447=TOROIDAL_SURFACE('homeo Torus',#13446,1.2,0.05) ;
#13775=TOROIDAL_SURFACE('homeo Torus',#13774,1.2,0.05) ;
#13987=TOROIDAL_SURFACE('homeo Torus',#13986,1.2,0.05) ;
#13999=TOROIDAL_SURFACE('homeo Torus',#13998,0.9,0.6) ;
#14047=TOROIDAL_SURFACE('homeo Torus',#14046,0.9,0.6) ;
#14129=TOROIDAL_SURFACE('homeo Torus',#14128,0.9,0.6) ;
#14177=TOROIDAL_SURFACE('homeo Torus',#14176,0.9,0.6) ;
#14370=TOROIDAL_SURFACE('homeo Torus',#14369,0.5,0.5) ;
#14401=TOROIDAL_SURFACE('homeo Torus',#14400,0.5,0.5) ;
#14418=TOROIDAL_SURFACE('homeo Torus',#14417,0.887298334621,0.1) ;
#14440=TOROIDAL_SURFACE('homeo Torus',#14439,0.887298334621,0.1) ;
#14522=TOROIDAL_SURFACE('homeo Torus',#14521,0.5,0.5) ;
#14553=TOROIDAL_SURFACE('homeo Torus',#14552,0.5,0.5) ;
#14570=TOROIDAL_SURFACE('homeo Torus',#14569,0.887298334621,0.1) ;
#14592=TOROIDAL_SURFACE('homeo Torus',#14591,0.887298334621,0.1) ;
#3=DESIGN_CONTEXT(' ',#1,'design') ;
#65=EDGE_CURVE('',#62,#64,#60,.F.) ;
#72=EDGE_CURVE('',#64,#71,#69,.T.) ;
#79=EDGE_CURVE('',#78,#71,#76,.F.) ;
#84=EDGE_CURVE('',#62,#78,#83,.T.) ;
#101=EDGE_CURVE('',#71,#64,#100,.T.) ;
#106=EDGE_CURVE('',#78,#62,#105,.T.) ;
#127=EDGE_CURVE('',#124,#126,#122,.T.) ;
#134=EDGE_CURVE('',#133,#124,#131,.F.) ;
#141=EDGE_CURVE('',#140,#133,#138,.F.) ;
#148=EDGE_CURVE('',#147,#140,#145,.F.) ;
#155=EDGE_CURVE('',#154,#147,#152,.T.) ;
#162=EDGE_CURVE('',#161,#154,#159,.T.) ;
#169=EDGE_CURVE('',#168,#161,#166,.T.) ;
#176=EDGE_CURVE('',#175,#168,#173,.F.) ;
#183=EDGE_CURVE('',#182,#175,#180,.T.) ;
#190=EDGE_CURVE('',#189,#182,#187,.F.) ;
#197=EDGE_CURVE('',#196,#189,#194,.T.) ;
#204=EDGE_CURVE('',#203,#196,#201,.F.) ;
#211=EDGE_CURVE('',#210,#203,#208,.T.) ;
#218=EDGE_CURVE('',#217,#210,#215,.F.) ;
#223=EDGE_CURVE('',#126,#217,#222,.T.) ;
#253=EDGE_CURVE('',#250,#252,#248,.T.) ;
#258=EDGE_CURVE('',#252,#250,#257,.T.) ;
#271=EDGE_CURVE('',#268,#270,#266,.T.) ;
#276=EDGE_CURVE('',#270,#268,#275,.T.) ;
#289=EDGE_CURVE('',#286,#288,#284,.T.) ;
#294=EDGE_CURVE('',#288,#286,#293,.T.) ;
#307=EDGE_CURVE('',#304,#306,#302,.T.) ;
#312=EDGE_CURVE('',#306,#304,#311,.T.) ;
#325=EDGE_CURVE('',#322,#324,#320,.T.) ;
#330=EDGE_CURVE('',#324,#322,#329,.T.) ;
#347=EDGE_CURVE('',#346,#64,#344,.F.) ;
#354=EDGE_CURVE('',#346,#353,#351,.T.) ;
#359=EDGE_CURVE('',#353,#71,#358,.F.) ;
#371=EDGE_CURVE('',#353,#346,#370,.T.) ;
#390=EDGE_CURVE('',#252,#389,#387,.F.) ;
#397=EDGE_CURVE('',#389,#396,#394,.T.) ;
#402=EDGE_CURVE('',#250,#396,#401,.F.) ;
#419=EDGE_CURVE('',#396,#389,#418,.T.) ;
#438=EDGE_CURVE('',#437,#389,#435,.F.) ;
#445=EDGE_CURVE('',#437,#444,#442,.T.) ;
#450=EDGE_CURVE('',#444,#396,#449,.F.) ;
#462=EDGE_CURVE('',#444,#437,#461,.T.) ;
#481=EDGE_CURVE('',#270,#480,#478,.F.) ;
#488=EDGE_CURVE('',#480,#487,#485,.T.) ;
#493=EDGE_CURVE('',#268,#487,#492,.F.) ;
#510=EDGE_CURVE('',#487,#480,#509,.T.) ;
#529=EDGE_CURVE('',#528,#487,#526,.F.) ;
#536=EDGE_CURVE('',#528,#535,#533,.T.) ;
#541=EDGE_CURVE('',#535,#480,#540,.F.) ;
#553=EDGE_CURVE('',#535,#528,#552,.T.) ;
#572=EDGE_CURVE('',#288,#571,#569,.F.) ;
#579=EDGE_CURVE('',#571,#578,#576,.T.) ;
#584=EDGE_CURVE('',#286,#578,#583,.F.) ;
#601=EDGE_CURVE('',#578,#571,#600,.T.) ;
#620=EDGE_CURVE('',#619,#571,#617,.F.) ;
#627=EDGE_CURVE('',#619,#626,#624,.T.) ;
#632=EDGE_CURVE('',#626,#578,#631,.F.) ;
#644=EDGE_CURVE('',#626,#619,#643,.T.) ;
#663=EDGE_CURVE('',#306,#662,#660,.F.) ;
#670=EDGE_CURVE('',#662,#669,#667,.T.) ;
#675=EDGE_CURVE('',#304,#669,#674,.F.) ;
#692=EDGE_CURVE('',#669,#662,#691,.T.) ;
#711=EDGE_CURVE('',#710,#662,#708,.F.) ;
#718=EDGE_CURVE('',#710,#717,#715,.T.) ;
#723=EDGE_CURVE('',#717,#669,#722,.F.) ;
#735=EDGE_CURVE('',#717,#710,#734,.T.) ;
#754=EDGE_CURVE('',#324,#753,#751,.F.) ;
#761=EDGE_CURVE('',#753,#760,#758,.T.) ;
#766=EDGE_CURVE('',#322,#760,#765,.F.) ;
#783=EDGE_CURVE('',#760,#753,#782,.T.) ;
#802=EDGE_CURVE('',#801,#753,#799,.F.) ;
#809=EDGE_CURVE('',#801,#808,#806,.T.) ;
#814=EDGE_CURVE('',#808,#760,#813,.F.) ;
#826=EDGE_CURVE('',#808,#801,#825,.T.) ;
#845=EDGE_CURVE('',#535,#844,#842,.F.) ;
#852=EDGE_CURVE('',#844,#851,#849,.T.) ;
#857=EDGE_CURVE('',#528,#851,#856,.F.) ;
#874=EDGE_CURVE('',#851,#844,#873,.T.) ;
#893=EDGE_CURVE('',#444,#892,#890,.F.) ;
#900=EDGE_CURVE('',#892,#899,#897,.T.) ;
#905=EDGE_CURVE('',#437,#899,#904,.F.) ;
#922=EDGE_CURVE('',#899,#892,#921,.T.) ;
#941=EDGE_CURVE('',#353,#940,#938,.F.) ;
#948=EDGE_CURVE('',#940,#947,#945,.T.) ;
#953=EDGE_CURVE('',#346,#947,#952,.F.) ;
#970=EDGE_CURVE('',#947,#940,#969,.T.) ;
#989=EDGE_CURVE('',#626,#988,#986,.F.) ;
#996=EDGE_CURVE('',#988,#995,#993,.T.) ;
#1001=EDGE_CURVE('',#619,#995,#1000,.F.) ;
#1018=EDGE_CURVE('',#995,#988,#1017,.T.) ;
#1037=EDGE_CURVE('',#717,#1036,#1034,.F.) ;
#1044=EDGE_CURVE('',#1036,#1043,#1041,.T.) ;
#1049=EDGE_CURVE('',#710,#1043,#1048,.F.) ;
#1066=EDGE_CURVE('',#1043,#1036,#1065,.T.) ;
#1085=EDGE_CURVE('',#801,#1084,#1082,.F.) ;
#1092=EDGE_CURVE('',#1084,#1091,#1089,.T.) ;
#1097=EDGE_CURVE('',#808,#1091,#1096,.F.) ;
#1114=EDGE_CURVE('',#1091,#1084,#1113,.T.) ;
#1135=EDGE_CURVE('',#1132,#1134,#1130,.T.) ;
#1142=EDGE_CURVE('',#1134,#1141,#1139,.F.) ;
#1149=EDGE_CURVE('',#1148,#1141,#1146,.T.) ;
#1154=EDGE_CURVE('',#1132,#1148,#1153,.F.) ;
#1171=EDGE_CURVE('',#1141,#1134,#1170,.F.) ;
#1176=EDGE_CURVE('',#1148,#1132,#1175,.F.) ;
#1195=EDGE_CURVE('',#1148,#1194,#1192,.F.) ;
#1202=EDGE_CURVE('',#1194,#1201,#1199,.F.) ;
#1207=EDGE_CURVE('',#1132,#1201,#1206,.F.) ;
#1219=EDGE_CURVE('',#1201,#1194,#1218,.F.) ;
#1240=EDGE_CURVE('',#1237,#1239,#1235,.T.) ;
#1247=EDGE_CURVE('',#1246,#1237,#1244,.T.) ;
#1254=EDGE_CURVE('',#1246,#1253,#1251,.F.) ;
#1261=EDGE_CURVE('',#1253,#1260,#1258,.T.) ;
#1266=EDGE_CURVE('',#1260,#1239,#1265,.T.) ;
#1292=EDGE_CURVE('',#1289,#1291,#1287,.F.) ;
#1299=EDGE_CURVE('',#1291,#1298,#1296,.T.) ;
#1306=EDGE_CURVE('',#1305,#1298,#1303,.F.) ;
#1311=EDGE_CURVE('',#1289,#1305,#1310,.T.) ;
#1328=EDGE_CURVE('',#1298,#1291,#1327,.T.) ;
#1333=EDGE_CURVE('',#1305,#1289,#1332,.T.) ;
#1347=EDGE_CURVE('',#1305,#1346,#1344,.F.) ;
#1354=EDGE_CURVE('',#1346,#1353,#1351,.F.) ;
#1359=EDGE_CURVE('',#1289,#1353,#1358,.F.) ;
#1371=EDGE_CURVE('',#1353,#1346,#1370,.F.) ;
#1392=EDGE_CURVE('',#1389,#1391,#1387,.F.) ;
#1399=EDGE_CURVE('',#1391,#1398,#1396,.F.) ;
#1406=EDGE_CURVE('',#1398,#1405,#1403,.F.) ;
#1413=EDGE_CURVE('',#1405,#1412,#1410,.T.) ;
#1420=EDGE_CURVE('',#1412,#1419,#1417,.T.) ;
#1427=EDGE_CURVE('',#1419,#1426,#1424,.F.) ;
#1432=EDGE_CURVE('',#1426,#1389,#1431,.T.) ;
#1458=EDGE_CURVE('',#1346,#1457,#1455,.F.) ;
#1465=EDGE_CURVE('',#1457,#1464,#1462,.T.) ;
#1470=EDGE_CURVE('',#1353,#1464,#1469,.F.) ;
#1487=EDGE_CURVE('',#1464,#1457,#1486,.T.) ;
#1508=EDGE_CURVE('',#1505,#1507,#1503,.F.) ;
#1515=EDGE_CURVE('',#1505,#1514,#1512,.T.) ;
#1522=EDGE_CURVE('',#1514,#1521,#1519,.T.) ;
#1529=EDGE_CURVE('',#1521,#1528,#1526,.T.) ;
#1536=EDGE_CURVE('',#1528,#1535,#1533,.F.) ;
#1541=EDGE_CURVE('',#1535,#1507,#1540,.F.) ;
#1566=EDGE_CURVE('',#1201,#1565,#1563,.F.) ;
#1573=EDGE_CURVE('',#1565,#1572,#1570,.T.) ;
#1578=EDGE_CURVE('',#1194,#1572,#1577,.F.) ;
#1595=EDGE_CURVE('',#1572,#1565,#1594,.T.) ;
#1616=EDGE_CURVE('',#1613,#1615,#1611,.F.) ;
#1623=EDGE_CURVE('',#1613,#1622,#1620,.T.) ;
#1630=EDGE_CURVE('',#1622,#1629,#1627,.F.) ;
#1637=EDGE_CURVE('',#1629,#1636,#1634,.T.) ;
#1644=EDGE_CURVE('',#1636,#1643,#1641,.T.) ;
#1651=EDGE_CURVE('',#1643,#1650,#1648,.F.) ;
#1656=EDGE_CURVE('',#1650,#1615,#1655,.F.) ;
#1680=EDGE_CURVE('',#1389,#147,#1679,.T.) ;
#1687=EDGE_CURVE('',#1686,#140,#1684,.T.) ;
#1692=EDGE_CURVE('',#1389,#1686,#1691,.F.) ;
#1709=EDGE_CURVE('',#1426,#154,#1708,.T.) ;
#1728=EDGE_CURVE('',#1419,#1727,#1725,.T.) ;
#1733=EDGE_CURVE('',#1727,#154,#1732,.F.) ;
#1752=EDGE_CURVE('',#1412,#1751,#1749,.F.) ;
#1757=EDGE_CURVE('',#1751,#1727,#1756,.T.) ;
#1776=EDGE_CURVE('',#1405,#1775,#1773,.F.) ;
#1781=EDGE_CURVE('',#1775,#1751,#1780,.T.) ;
#1800=EDGE_CURVE('',#1398,#1799,#1797,.T.) ;
#1805=EDGE_CURVE('',#1799,#1775,#1804,.F.) ;
#1824=EDGE_CURVE('',#1391,#1823,#1821,.F.) ;
#1829=EDGE_CURVE('',#1823,#1799,#1828,.F.) ;
#1850=EDGE_CURVE('',#1847,#1849,#1845,.F.) ;
#1855=EDGE_CURVE('',#1849,#1823,#1854,.T.) ;
#1860=EDGE_CURVE('',#1847,#1391,#1859,.T.) ;
#1881=EDGE_CURVE('',#1878,#1880,#1876,.T.) ;
#1886=EDGE_CURVE('',#1880,#1849,#1885,.T.) ;
#1891=EDGE_CURVE('',#1878,#1847,#1890,.T.) ;
#1910=EDGE_CURVE('',#1615,#1909,#1907,.F.) ;
#1915=EDGE_CURVE('',#1909,#1880,#1914,.T.) ;
#1920=EDGE_CURVE('',#1615,#1878,#1919,.T.) ;
#1939=EDGE_CURVE('',#1650,#1938,#1936,.F.) ;
#1944=EDGE_CURVE('',#1938,#1909,#1943,.F.) ;
#1963=EDGE_CURVE('',#1643,#1962,#1960,.T.) ;
#1968=EDGE_CURVE('',#1962,#1938,#1967,.F.) ;
#1987=EDGE_CURVE('',#1636,#1986,#1984,.F.) ;
#1992=EDGE_CURVE('',#1986,#1962,#1991,.T.) ;
#2011=EDGE_CURVE('',#1629,#2010,#2008,.F.) ;
#2016=EDGE_CURVE('',#2010,#1986,#2015,.T.) ;
#2033=EDGE_CURVE('',#1622,#126,#2032,.T.) ;
#2038=EDGE_CURVE('',#126,#2010,#2037,.F.) ;
#2055=EDGE_CURVE('',#1613,#124,#2054,.T.) ;
#2074=EDGE_CURVE('',#2073,#133,#2071,.T.) ;
#2079=EDGE_CURVE('',#2073,#1613,#2078,.F.) ;
#2096=EDGE_CURVE('',#1686,#2073,#2095,.F.) ;
#2113=EDGE_CURVE('',#2073,#1878,#2112,.F.) ;
#2130=EDGE_CURVE('',#1686,#1847,#2129,.F.) ;
#2161=EDGE_CURVE('',#2160,#1727,#2158,.T.) ;
#2166=EDGE_CURVE('',#161,#2160,#2165,.T.) ;
#2185=EDGE_CURVE('',#2184,#1751,#2182,.F.) ;
#2190=EDGE_CURVE('',#2160,#2184,#2189,.T.) ;
#2209=EDGE_CURVE('',#2208,#1799,#2206,.F.) ;
#2216=EDGE_CURVE('',#2215,#2208,#2213,.F.) ;
#2221=EDGE_CURVE('',#2215,#1775,#2220,.F.) ;
#2233=EDGE_CURVE('',#2184,#2215,#2232,.T.) ;
#2252=EDGE_CURVE('',#217,#2251,#2249,.T.) ;
#2257=EDGE_CURVE('',#2010,#2251,#2256,.T.) ;
#2273=EDGE_CURVE('',#2251,#2272,#2265,.F.) ;
#2280=EDGE_CURVE('',#2272,#2279,#2277,.T.) ;
#2285=EDGE_CURVE('',#1986,#2279,#2284,.F.) ;
#2305=EDGE_CURVE('',#1962,#2304,#2302,.F.) ;
#2312=EDGE_CURVE('',#2304,#2311,#2309,.F.) ;
#2317=EDGE_CURVE('',#1938,#2311,#2316,.F.) ;
#2331=EDGE_CURVE('',#2279,#2330,#2328,.T.) ;
#2338=EDGE_CURVE('',#2304,#2330,#2332,.F.) ;
#2529=EDGE_CURVE('',#1514,#161,#2372,.F.) ;
#2687=EDGE_CURVE('',#1514,#2160,#2530,.F.) ;
#2703=EDGE_CURVE('',#1521,#2184,#2702,.F.) ;
#2720=EDGE_CURVE('',#1505,#168,#2719,.T.) ;
#2739=EDGE_CURVE('',#2738,#175,#2736,.T.) ;
#2744=EDGE_CURVE('',#2738,#1505,#2743,.F.) ;
#2763=EDGE_CURVE('',#2762,#182,#2760,.T.) ;
#2768=EDGE_CURVE('',#2762,#2738,#2767,.T.) ;
#2789=EDGE_CURVE('',#2786,#2788,#2784,.F.) ;
#2794=EDGE_CURVE('',#2788,#182,#2793,.T.) ;
#2799=EDGE_CURVE('',#2786,#2762,#2798,.T.) ;
#2820=EDGE_CURVE('',#2817,#2819,#2815,.F.) ;
#2825=EDGE_CURVE('',#2819,#2788,#2824,.F.) ;
#2830=EDGE_CURVE('',#2817,#2786,#2829,.F.) ;
#2851=EDGE_CURVE('',#2848,#2850,#2846,.F.) ;
#2856=EDGE_CURVE('',#2850,#2819,#2855,.T.) ;
#2861=EDGE_CURVE('',#2848,#2817,#2860,.T.) ;
#2882=EDGE_CURVE('',#2879,#2881,#2877,.F.) ;
#2887=EDGE_CURVE('',#2881,#2850,#2886,.F.) ;
#2892=EDGE_CURVE('',#2879,#2848,#2891,.F.) ;
#2911=EDGE_CURVE('',#1507,#2910,#2908,.F.) ;
#2916=EDGE_CURVE('',#2910,#2881,#2915,.T.) ;
#2921=EDGE_CURVE('',#1507,#2879,#2920,.T.) ;
#2938=EDGE_CURVE('',#1535,#2208,#2937,.F.) ;
#2943=EDGE_CURVE('',#2208,#2910,#2942,.F.) ;
#2960=EDGE_CURVE('',#1528,#2215,#2959,.T.) ;
#2989=EDGE_CURVE('',#2738,#2879,#2988,.F.) ;
#3017=EDGE_CURVE('',#3016,#2788,#3014,.F.) ;
#3022=EDGE_CURVE('',#3016,#189,#3021,.F.) ;
#3041=EDGE_CURVE('',#3040,#2819,#3038,.F.) ;
#3046=EDGE_CURVE('',#3016,#3040,#3045,.T.) ;
#3065=EDGE_CURVE('',#3064,#2850,#3062,.F.) ;
#3070=EDGE_CURVE('',#3064,#3040,#3069,.F.) ;
#3130=EDGE_CURVE('',#3129,#1246,#3103,.F.) ;
#3156=EDGE_CURVE('',#2272,#1246,#3131,.F.) ;
#3162=EDGE_CURVE('',#3129,#2272,#3157,.F.) ;
#3270=EDGE_CURVE('',#217,#3129,#3206,.F.) ;
#3287=EDGE_CURVE('',#1253,#210,#3286,.F.) ;
#3305=EDGE_CURVE('',#2279,#1237,#3304,.F.) ;
#3363=EDGE_CURVE('',#2330,#1239,#3338,.F.) ;
#3391=EDGE_CURVE('',#3390,#1239,#3364,.F.) ;
#3397=EDGE_CURVE('',#2330,#3390,#3392,.F.) ;
#3475=EDGE_CURVE('',#2311,#3390,#3441,.F.) ;
#3494=EDGE_CURVE('',#3493,#1260,#3491,.F.) ;
#3499=EDGE_CURVE('',#2311,#3493,#3498,.F.) ;
#3531=EDGE_CURVE('',#3530,#196,#3528,.F.) ;
#3536=EDGE_CURVE('',#3530,#3016,#3535,.T.) ;
#3555=EDGE_CURVE('',#3554,#203,#3552,.F.) ;
#3560=EDGE_CURVE('',#3554,#3530,#3559,.F.) ;
#3577=EDGE_CURVE('',#1253,#3554,#3576,.T.) ;
#3596=EDGE_CURVE('',#3530,#3595,#3593,.T.) ;
#3603=EDGE_CURVE('',#3602,#3595,#3600,.F.) ;
#3608=EDGE_CURVE('',#3554,#3602,#3607,.T.) ;
#3625=EDGE_CURVE('',#1260,#3602,#3624,.T.) ;
#3642=EDGE_CURVE('',#3595,#3040,#3641,.T.) ;
#3661=EDGE_CURVE('',#3660,#3595,#3658,.F.) ;
#3666=EDGE_CURVE('',#3660,#3064,#3665,.T.) ;
#3685=EDGE_CURVE('',#3684,#3602,#3682,.F.) ;
#3690=EDGE_CURVE('',#3684,#3660,#3689,.F.) ;
#3707=EDGE_CURVE('',#3493,#3684,#3706,.T.) ;
#3728=EDGE_CURVE('',#3725,#3727,#3723,.T.) ;
#3735=EDGE_CURVE('',#3727,#3734,#3732,.T.) ;
#3742=EDGE_CURVE('',#3734,#3741,#3739,.T.) ;
#3749=EDGE_CURVE('',#3741,#3748,#3746,.T.) ;
#3756=EDGE_CURVE('',#3748,#3755,#3753,.T.) ;
#3763=EDGE_CURVE('',#3755,#3762,#3760,.T.) ;
#3770=EDGE_CURVE('',#3762,#3769,#3767,.T.) ;
#3777=EDGE_CURVE('',#3769,#3776,#3774,.T.) ;
#3784=EDGE_CURVE('',#3776,#3783,#3781,.T.) ;
#3791=EDGE_CURVE('',#3783,#3790,#3788,.T.) ;
#3798=EDGE_CURVE('',#3790,#3797,#3795,.T.) ;
#3805=EDGE_CURVE('',#3797,#3804,#3802,.T.) ;
#3810=EDGE_CURVE('',#3804,#3725,#3809,.T.) ;
#3840=EDGE_CURVE('',#3839,#3725,#3832,.T.) ;
#3848=EDGE_CURVE('',#3804,#3847,#3841,.T.) ;
#3853=EDGE_CURVE('',#3847,#3839,#3852,.T.) ;
#3884=EDGE_CURVE('',#3727,#3883,#3866,.T.) ;
#3889=EDGE_CURVE('',#3839,#3883,#3888,.T.) ;
#3909=EDGE_CURVE('',#3908,#3734,#3902,.T.) ;
#3914=EDGE_CURVE('',#3883,#3908,#3913,.T.) ;
#3935=EDGE_CURVE('',#3934,#3741,#3927,.T.) ;
#3940=EDGE_CURVE('',#3908,#3934,#3939,.T.) ;
#3960=EDGE_CURVE('',#3959,#3748,#3953,.F.) ;
#3965=EDGE_CURVE('',#3934,#3959,#3964,.T.) ;
#3986=EDGE_CURVE('',#3985,#3755,#3978,.T.) ;
#3991=EDGE_CURVE('',#3959,#3985,#3990,.T.) ;
#4025=EDGE_CURVE('',#3762,#4024,#4004,.T.) ;
#4030=EDGE_CURVE('',#3985,#4024,#4029,.T.) ;
#4050=EDGE_CURVE('',#4049,#3769,#4043,.T.) ;
#4055=EDGE_CURVE('',#4024,#4049,#4054,.T.) ;
#4075=EDGE_CURVE('',#4074,#3776,#4068,.T.) ;
#4080=EDGE_CURVE('',#4049,#4074,#4079,.T.) ;
#4114=EDGE_CURVE('',#3783,#4113,#4093,.T.) ;
#4119=EDGE_CURVE('',#4074,#4113,#4118,.T.) ;
#4139=EDGE_CURVE('',#4138,#3790,#4132,.F.) ;
#4144=EDGE_CURVE('',#4113,#4138,#4143,.T.) ;
#4164=EDGE_CURVE('',#4163,#3797,#4157,.T.) ;
#4169=EDGE_CURVE('',#4138,#4163,#4168,.T.) ;
#4186=EDGE_CURVE('',#4163,#3847,#4185,.T.) ;
#4209=EDGE_CURVE('',#4206,#4208,#4199,.T.) ;
#4216=EDGE_CURVE('',#4215,#4208,#4213,.T.) ;
#4224=EDGE_CURVE('',#4215,#4223,#4217,.T.) ;
#4229=EDGE_CURVE('',#4223,#4206,#4228,.T.) ;
#4252=EDGE_CURVE('',#4249,#4251,#4242,.T.) ;
#4257=EDGE_CURVE('',#4208,#4251,#4256,.T.) ;
#4262=EDGE_CURVE('',#4206,#4249,#4261,.T.) ;
#4284=EDGE_CURVE('',#4281,#4283,#4275,.T.) ;
#4289=EDGE_CURVE('',#4251,#4283,#4288,.T.) ;
#4294=EDGE_CURVE('',#4249,#4281,#4293,.T.) ;
#4317=EDGE_CURVE('',#4314,#4316,#4307,.T.) ;
#4322=EDGE_CURVE('',#4283,#4316,#4321,.T.) ;
#4327=EDGE_CURVE('',#4281,#4314,#4326,.T.) ;
#4349=EDGE_CURVE('',#4346,#4348,#4340,.T.) ;
#4354=EDGE_CURVE('',#4316,#4348,#4353,.T.) ;
#4359=EDGE_CURVE('',#4314,#4346,#4358,.T.) ;
#4382=EDGE_CURVE('',#4379,#4381,#4372,.T.) ;
#4387=EDGE_CURVE('',#4348,#4381,#4386,.T.) ;
#4392=EDGE_CURVE('',#4346,#4379,#4391,.T.) ;
#4415=EDGE_CURVE('',#4412,#4414,#4405,.T.) ;
#4420=EDGE_CURVE('',#4381,#4414,#4419,.T.) ;
#4425=EDGE_CURVE('',#4379,#4412,#4424,.T.) ;
#4447=EDGE_CURVE('',#4444,#4446,#4438,.T.) ;
#4452=EDGE_CURVE('',#4414,#4446,#4451,.T.) ;
#4457=EDGE_CURVE('',#4412,#4444,#4456,.T.) ;
#4480=EDGE_CURVE('',#4477,#4479,#4470,.T.) ;
#4485=EDGE_CURVE('',#4446,#4479,#4484,.T.) ;
#4490=EDGE_CURVE('',#4444,#4477,#4489,.T.) ;
#4513=EDGE_CURVE('',#4510,#4512,#4503,.T.) ;
#4518=EDGE_CURVE('',#4479,#4512,#4517,.T.) ;
#4523=EDGE_CURVE('',#4477,#4510,#4522,.T.) ;
#4545=EDGE_CURVE('',#4542,#4544,#4536,.T.) ;
#4550=EDGE_CURVE('',#4512,#4544,#4549,.T.) ;
#4555=EDGE_CURVE('',#4510,#4542,#4554,.T.) ;
#4578=EDGE_CURVE('',#4575,#4577,#4568,.T.) ;
#4583=EDGE_CURVE('',#4544,#4577,#4582,.T.) ;
#4588=EDGE_CURVE('',#4542,#4575,#4587,.T.) ;
#4605=EDGE_CURVE('',#4577,#4215,#4604,.T.) ;
#4610=EDGE_CURVE('',#4575,#4223,#4609,.T.) ;
#4641=EDGE_CURVE('',#4638,#4640,#4636,.F.) ;
#4648=EDGE_CURVE('',#4647,#4638,#4645,.F.) ;
#4655=EDGE_CURVE('',#4654,#4647,#4652,.F.) ;
#4662=EDGE_CURVE('',#4661,#4654,#4659,.F.) ;
#4669=EDGE_CURVE('',#4668,#4661,#4666,.F.) ;
#4676=EDGE_CURVE('',#4675,#4668,#4673,.F.) ;
#4683=EDGE_CURVE('',#4682,#4675,#4680,.F.) ;
#4690=EDGE_CURVE('',#4689,#4682,#4687,.F.) ;
#4697=EDGE_CURVE('',#4696,#4689,#4694,.F.) ;
#4704=EDGE_CURVE('',#4703,#4696,#4701,.F.) ;
#4709=EDGE_CURVE('',#4640,#4703,#4708,.F.) ;
#4737=EDGE_CURVE('',#4640,#4736,#4729,.T.) ;
#4744=EDGE_CURVE('',#4743,#4736,#4741,.F.) ;
#4751=EDGE_CURVE('',#4638,#4743,#4745,.T.) ;
#4771=EDGE_CURVE('',#4770,#4703,#4764,.F.) ;
#4776=EDGE_CURVE('',#4736,#4770,#4775,.F.) ;
#4796=EDGE_CURVE('',#4795,#4696,#4789,.F.) ;
#4801=EDGE_CURVE('',#4770,#4795,#4800,.F.) ;
#4822=EDGE_CURVE('',#4689,#4821,#4814,.T.) ;
#4827=EDGE_CURVE('',#4795,#4821,#4826,.F.) ;
#4848=EDGE_CURVE('',#4682,#4847,#4840,.T.) ;
#4853=EDGE_CURVE('',#4821,#4847,#4852,.F.) ;
#4873=EDGE_CURVE('',#4675,#4872,#4866,.T.) ;
#4878=EDGE_CURVE('',#4847,#4872,#4877,.F.) ;
#4898=EDGE_CURVE('',#4668,#4897,#4891,.T.) ;
#4903=EDGE_CURVE('',#4872,#4897,#4902,.F.) ;
#4924=EDGE_CURVE('',#4661,#4923,#4916,.T.) ;
#4929=EDGE_CURVE('',#4897,#4923,#4928,.F.) ;
#4950=EDGE_CURVE('',#4654,#4949,#4942,.T.) ;
#4955=EDGE_CURVE('',#4923,#4949,#4954,.F.) ;
#4976=EDGE_CURVE('',#4647,#4975,#4968,.T.) ;
#4981=EDGE_CURVE('',#4949,#4975,#4980,.F.) ;
#4998=EDGE_CURVE('',#4975,#4743,#4997,.F.) ;
#5014=EDGE_CURVE('',#5011,#5013,#5009,.T.) ;
#5021=EDGE_CURVE('',#5013,#5020,#5018,.T.) ;
#5028=EDGE_CURVE('',#5020,#5027,#5025,.T.) ;
#5035=EDGE_CURVE('',#5027,#5034,#5032,.T.) ;
#5042=EDGE_CURVE('',#5034,#5041,#5039,.T.) ;
#5049=EDGE_CURVE('',#5041,#5048,#5046,.T.) ;
#5056=EDGE_CURVE('',#5048,#5055,#5053,.T.) ;
#5063=EDGE_CURVE('',#5055,#5062,#5060,.T.) ;
#5070=EDGE_CURVE('',#5062,#5069,#5067,.T.) ;
#5077=EDGE_CURVE('',#5069,#5076,#5074,.T.) ;
#5084=EDGE_CURVE('',#5076,#5083,#5081,.T.) ;
#5091=EDGE_CURVE('',#5083,#5090,#5088,.T.) ;
#5098=EDGE_CURVE('',#5090,#5097,#5095,.T.) ;
#5105=EDGE_CURVE('',#5097,#5104,#5102,.T.) ;
#5112=EDGE_CURVE('',#5104,#5111,#5109,.T.) ;
#5119=EDGE_CURVE('',#5111,#5118,#5116,.T.) ;
#5126=EDGE_CURVE('',#5118,#5125,#5123,.T.) ;
#5133=EDGE_CURVE('',#5125,#5132,#5130,.T.) ;
#5140=EDGE_CURVE('',#5132,#5139,#5137,.T.) ;
#5147=EDGE_CURVE('',#5139,#5146,#5144,.T.) ;
#5154=EDGE_CURVE('',#5146,#5153,#5151,.T.) ;
#5161=EDGE_CURVE('',#5153,#5160,#5158,.T.) ;
#5166=EDGE_CURVE('',#5160,#5011,#5165,.T.) ;
#5206=EDGE_CURVE('',#5205,#5011,#5198,.T.) ;
#5214=EDGE_CURVE('',#5160,#5213,#5207,.T.) ;
#5219=EDGE_CURVE('',#5213,#5205,#5218,.T.) ;
#5239=EDGE_CURVE('',#5013,#5238,#5232,.T.) ;
#5244=EDGE_CURVE('',#5205,#5238,#5243,.T.) ;
#5265=EDGE_CURVE('',#5264,#5020,#5257,.T.) ;
#5270=EDGE_CURVE('',#5238,#5264,#5269,.T.) ;
#5290=EDGE_CURVE('',#5289,#5027,#5283,.T.) ;
#5295=EDGE_CURVE('',#5264,#5289,#5294,.T.) ;
#5316=EDGE_CURVE('',#5315,#5034,#5308,.T.) ;
#5321=EDGE_CURVE('',#5289,#5315,#5320,.T.) ;
#5341=EDGE_CURVE('',#5340,#5041,#5334,.T.) ;
#5346=EDGE_CURVE('',#5315,#5340,#5345,.T.) ;
#5367=EDGE_CURVE('',#5366,#5048,#5359,.T.) ;
#5372=EDGE_CURVE('',#5340,#5366,#5371,.T.) ;
#5393=EDGE_CURVE('',#5392,#5055,#5385,.T.) ;
#5398=EDGE_CURVE('',#5366,#5392,#5397,.T.) ;
#5418=EDGE_CURVE('',#5417,#5062,#5411,.T.) ;
#5423=EDGE_CURVE('',#5392,#5417,#5422,.T.) ;
#5444=EDGE_CURVE('',#5443,#5069,#5436,.T.) ;
#5449=EDGE_CURVE('',#5417,#5443,#5448,.T.) ;
#5470=EDGE_CURVE('',#5469,#5076,#5462,.T.) ;
#5475=EDGE_CURVE('',#5443,#5469,#5474,.T.) ;
#5495=EDGE_CURVE('',#5494,#5083,#5488,.F.) ;
#5500=EDGE_CURVE('',#5469,#5494,#5499,.T.) ;
#5520=EDGE_CURVE('',#5519,#5090,#5513,.T.) ;
#5525=EDGE_CURVE('',#5494,#5519,#5524,.T.) ;
#5546=EDGE_CURVE('',#5545,#5097,#5538,.T.) ;
#5551=EDGE_CURVE('',#5519,#5545,#5550,.T.) ;
#5571=EDGE_CURVE('',#5570,#5104,#5564,.T.) ;
#5576=EDGE_CURVE('',#5545,#5570,#5575,.T.) ;
#5597=EDGE_CURVE('',#5596,#5111,#5589,.T.) ;
#5602=EDGE_CURVE('',#5570,#5596,#5601,.T.) ;
#5622=EDGE_CURVE('',#5621,#5118,#5615,.T.) ;
#5627=EDGE_CURVE('',#5596,#5621,#5626,.T.) ;
#5648=EDGE_CURVE('',#5647,#5125,#5640,.T.) ;
#5653=EDGE_CURVE('',#5621,#5647,#5652,.T.) ;
#5674=EDGE_CURVE('',#5673,#5132,#5666,.T.) ;
#5679=EDGE_CURVE('',#5647,#5673,#5678,.T.) ;
#5700=EDGE_CURVE('',#5699,#5139,#5692,.T.) ;
#5705=EDGE_CURVE('',#5673,#5699,#5704,.T.) ;
#5726=EDGE_CURVE('',#5725,#5146,#5718,.T.) ;
#5731=EDGE_CURVE('',#5699,#5725,#5730,.T.) ;
#5751=EDGE_CURVE('',#5750,#5153,#5744,.T.) ;
#5756=EDGE_CURVE('',#5725,#5750,#5755,.T.) ;
#5773=EDGE_CURVE('',#5750,#5213,#5772,.T.) ;
#5789=EDGE_CURVE('',#5786,#5788,#5784,.T.) ;
#5796=EDGE_CURVE('',#5788,#5795,#5793,.T.) ;
#5803=EDGE_CURVE('',#5795,#5802,#5800,.T.) ;
#5810=EDGE_CURVE('',#5802,#5809,#5807,.T.) ;
#5817=EDGE_CURVE('',#5809,#5816,#5814,.T.) ;
#5824=EDGE_CURVE('',#5816,#5823,#5821,.T.) ;
#5831=EDGE_CURVE('',#5823,#5830,#5828,.T.) ;
#5838=EDGE_CURVE('',#5830,#5837,#5835,.T.) ;
#5845=EDGE_CURVE('',#5837,#5844,#5842,.T.) ;
#5852=EDGE_CURVE('',#5844,#5851,#5849,.T.) ;
#5859=EDGE_CURVE('',#5851,#5858,#5856,.T.) ;
#5864=EDGE_CURVE('',#5858,#5786,#5863,.T.) ;
#5893=EDGE_CURVE('',#5892,#5786,#5885,.T.) ;
#5901=EDGE_CURVE('',#5858,#5900,#5894,.T.) ;
#5906=EDGE_CURVE('',#5900,#5892,#5905,.T.) ;
#5926=EDGE_CURVE('',#5925,#5788,#5919,.F.) ;
#5931=EDGE_CURVE('',#5892,#5925,#5930,.T.) ;
#5951=EDGE_CURVE('',#5795,#5950,#5944,.T.) ;
#5956=EDGE_CURVE('',#5925,#5950,#5955,.T.) ;
#5976=EDGE_CURVE('',#5975,#5802,#5969,.T.) ;
#5981=EDGE_CURVE('',#5950,#5975,#5980,.T.) ;
#6001=EDGE_CURVE('',#6000,#5809,#5994,.T.) ;
#6006=EDGE_CURVE('',#5975,#6000,#6005,.T.) ;
#6026=EDGE_CURVE('',#6025,#5816,#6019,.F.) ;
#6031=EDGE_CURVE('',#6000,#6025,#6030,.T.) ;
#6051=EDGE_CURVE('',#5823,#6050,#6044,.T.) ;
#6056=EDGE_CURVE('',#6025,#6050,#6055,.T.) ;
#6076=EDGE_CURVE('',#6075,#5830,#6069,.T.) ;
#6081=EDGE_CURVE('',#6050,#6075,#6080,.T.) ;
#6102=EDGE_CURVE('',#6101,#5837,#6094,.T.) ;
#6107=EDGE_CURVE('',#6075,#6101,#6106,.T.) ;
#6127=EDGE_CURVE('',#6126,#5844,#6120,.F.) ;
#6132=EDGE_CURVE('',#6101,#6126,#6131,.T.) ;
#6152=EDGE_CURVE('',#6151,#5851,#6145,.T.) ;
#6157=EDGE_CURVE('',#6126,#6151,#6156,.T.) ;
#6174=EDGE_CURVE('',#6151,#5900,#6173,.T.) ;
#6190=EDGE_CURVE('',#6187,#6189,#6185,.T.) ;
#6197=EDGE_CURVE('',#6189,#6196,#6194,.T.) ;
#6204=EDGE_CURVE('',#6196,#6203,#6201,.T.) ;
#6211=EDGE_CURVE('',#6203,#6210,#6208,.T.) ;
#6218=EDGE_CURVE('',#6210,#6217,#6215,.T.) ;
#6225=EDGE_CURVE('',#6217,#6224,#6222,.T.) ;
#6232=EDGE_CURVE('',#6224,#6231,#6229,.T.) ;
#6237=EDGE_CURVE('',#6231,#6187,#6236,.T.) ;
#6262=EDGE_CURVE('',#6261,#6187,#6254,.T.) ;
#6270=EDGE_CURVE('',#6269,#6231,#6263,.T.) ;
#6275=EDGE_CURVE('',#6269,#6261,#6274,.T.) ;
#6295=EDGE_CURVE('',#6294,#6189,#6288,.F.) ;
#6300=EDGE_CURVE('',#6261,#6294,#6299,.T.) ;
#6321=EDGE_CURVE('',#6320,#6196,#6313,.T.) ;
#6326=EDGE_CURVE('',#6294,#6320,#6325,.T.) ;
#6346=EDGE_CURVE('',#6345,#6203,#6339,.F.) ;
#6351=EDGE_CURVE('',#6320,#6345,#6350,.T.) ;
#6371=EDGE_CURVE('',#6210,#6370,#6364,.T.) ;
#6376=EDGE_CURVE('',#6345,#6370,#6375,.T.) ;
#6396=EDGE_CURVE('',#6395,#6217,#6389,.F.) ;
#6401=EDGE_CURVE('',#6370,#6395,#6400,.T.) ;
#6421=EDGE_CURVE('',#6420,#6224,#6414,.T.) ;
#6426=EDGE_CURVE('',#6395,#6420,#6425,.T.) ;
#6443=EDGE_CURVE('',#6420,#6269,#6442,.T.) ;
#6462=EDGE_CURVE('',#6461,#4206,#6459,.T.) ;
#6469=EDGE_CURVE('',#6468,#4223,#6466,.T.) ;
#6474=EDGE_CURVE('',#6461,#6468,#6473,.F.) ;
#6493=EDGE_CURVE('',#6492,#4575,#6490,.T.) ;
#6498=EDGE_CURVE('',#6468,#6492,#6497,.F.) ;
#6517=EDGE_CURVE('',#6516,#4249,#6514,.T.) ;
#6522=EDGE_CURVE('',#6516,#6461,#6521,.F.) ;
#6541=EDGE_CURVE('',#6540,#4542,#6538,.T.) ;
#6546=EDGE_CURVE('',#6492,#6540,#6545,.F.) ;
#6565=EDGE_CURVE('',#6564,#4281,#6562,.T.) ;
#6570=EDGE_CURVE('',#6564,#6516,#6569,.F.) ;
#6589=EDGE_CURVE('',#6588,#4314,#6586,.T.) ;
#6594=EDGE_CURVE('',#6588,#6564,#6593,.F.) ;
#6613=EDGE_CURVE('',#6612,#4346,#6610,.T.) ;
#6618=EDGE_CURVE('',#6612,#6588,#6617,.F.) ;
#6637=EDGE_CURVE('',#6636,#4379,#6634,.T.) ;
#6642=EDGE_CURVE('',#6636,#6612,#6641,.F.) ;
#6661=EDGE_CURVE('',#6660,#4412,#6658,.T.) ;
#6666=EDGE_CURVE('',#6660,#6636,#6665,.F.) ;
#6685=EDGE_CURVE('',#6684,#4444,#6682,.T.) ;
#6690=EDGE_CURVE('',#6684,#6660,#6689,.F.) ;
#6709=EDGE_CURVE('',#6708,#4477,#6706,.T.) ;
#6714=EDGE_CURVE('',#6708,#6684,#6713,.F.) ;
#6733=EDGE_CURVE('',#6732,#4510,#6730,.T.) ;
#6738=EDGE_CURVE('',#6732,#6708,#6737,.F.) ;
#6755=EDGE_CURVE('',#6540,#6732,#6754,.F.) ;
#6776=EDGE_CURVE('',#6773,#6775,#6771,.F.) ;
#6783=EDGE_CURVE('',#6773,#6492,#6777,.T.) ;
#6790=EDGE_CURVE('',#6775,#6540,#6784,.T.) ;
#6809=EDGE_CURVE('',#6808,#6773,#6806,.F.) ;
#6815=EDGE_CURVE('',#6808,#6468,#6810,.T.) ;
#6834=EDGE_CURVE('',#6833,#6808,#6831,.F.) ;
#6840=EDGE_CURVE('',#6833,#6461,#6835,.T.) ;
#6859=EDGE_CURVE('',#6858,#6833,#6856,.F.) ;
#6866=EDGE_CURVE('',#6858,#6516,#6860,.T.) ;
#6885=EDGE_CURVE('',#6884,#6858,#6882,.F.) ;
#6891=EDGE_CURVE('',#6884,#6564,#6886,.T.) ;
#6910=EDGE_CURVE('',#6909,#6884,#6907,.F.) ;
#6917=EDGE_CURVE('',#6909,#6588,#6911,.T.) ;
#6936=EDGE_CURVE('',#6935,#6909,#6933,.F.) ;
#6943=EDGE_CURVE('',#6935,#6612,#6937,.T.) ;
#6962=EDGE_CURVE('',#6961,#6935,#6959,.F.) ;
#6968=EDGE_CURVE('',#6961,#6636,#6963,.T.) ;
#6987=EDGE_CURVE('',#6986,#6961,#6984,.F.) ;
#6994=EDGE_CURVE('',#6986,#6660,#6988,.T.) ;
#7013=EDGE_CURVE('',#7012,#6986,#7010,.F.) ;
#7020=EDGE_CURVE('',#7012,#6684,#7014,.T.) ;
#7039=EDGE_CURVE('',#7038,#7012,#7036,.F.) ;
#7045=EDGE_CURVE('',#7038,#6708,#7040,.T.) ;
#7064=EDGE_CURVE('',#7063,#7038,#7061,.F.) ;
#7071=EDGE_CURVE('',#7063,#6732,#7065,.T.) ;
#7088=EDGE_CURVE('',#6775,#7063,#7087,.F.) ;
#7107=EDGE_CURVE('',#7106,#5545,#7104,.T.) ;
#7114=EDGE_CURVE('',#7113,#5519,#7111,.T.) ;
#7119=EDGE_CURVE('',#7106,#7113,#7118,.F.) ;
#7138=EDGE_CURVE('',#7137,#5494,#7135,.T.) ;
#7143=EDGE_CURVE('',#7113,#7137,#7142,.F.) ;
#7162=EDGE_CURVE('',#7161,#5570,#7159,.T.) ;
#7167=EDGE_CURVE('',#7161,#7106,#7166,.F.) ;
#7186=EDGE_CURVE('',#7185,#5469,#7183,.T.) ;
#7191=EDGE_CURVE('',#7137,#7185,#7190,.F.) ;
#7210=EDGE_CURVE('',#7209,#5596,#7207,.T.) ;
#7215=EDGE_CURVE('',#7209,#7161,#7214,.F.) ;
#7234=EDGE_CURVE('',#7233,#5621,#7231,.T.) ;
#7239=EDGE_CURVE('',#7233,#7209,#7238,.F.) ;
#7258=EDGE_CURVE('',#7257,#5647,#7255,.T.) ;
#7263=EDGE_CURVE('',#7257,#7233,#7262,.F.) ;
#7282=EDGE_CURVE('',#7281,#5673,#7279,.T.) ;
#7287=EDGE_CURVE('',#7281,#7257,#7286,.F.) ;
#7306=EDGE_CURVE('',#7305,#5699,#7303,.T.) ;
#7311=EDGE_CURVE('',#7305,#7281,#7310,.F.) ;
#7330=EDGE_CURVE('',#7329,#5725,#7327,.T.) ;
#7335=EDGE_CURVE('',#7329,#7305,#7334,.F.) ;
#7354=EDGE_CURVE('',#7353,#5750,#7351,.T.) ;
#7359=EDGE_CURVE('',#7353,#7329,#7358,.F.) ;
#7378=EDGE_CURVE('',#7377,#5213,#7375,.T.) ;
#7383=EDGE_CURVE('',#7377,#7353,#7382,.F.) ;
#7397=EDGE_CURVE('',#7396,#5205,#7394,.T.) ;
#7402=EDGE_CURVE('',#7396,#7377,#7401,.F.) ;
#7421=EDGE_CURVE('',#7420,#5238,#7418,.T.) ;
#7426=EDGE_CURVE('',#7420,#7396,#7425,.F.) ;
#7445=EDGE_CURVE('',#7444,#5264,#7442,.T.) ;
#7450=EDGE_CURVE('',#7444,#7420,#7449,.F.) ;
#7469=EDGE_CURVE('',#7468,#5289,#7466,.T.) ;
#7474=EDGE_CURVE('',#7468,#7444,#7473,.F.) ;
#7493=EDGE_CURVE('',#7492,#5315,#7490,.T.) ;
#7498=EDGE_CURVE('',#7492,#7468,#7497,.F.) ;
#7517=EDGE_CURVE('',#7516,#5340,#7514,.T.) ;
#7522=EDGE_CURVE('',#7516,#7492,#7521,.F.) ;
#7541=EDGE_CURVE('',#7540,#5366,#7538,.T.) ;
#7546=EDGE_CURVE('',#7540,#7516,#7545,.F.) ;
#7565=EDGE_CURVE('',#7564,#5392,#7562,.T.) ;
#7570=EDGE_CURVE('',#7564,#7540,#7569,.F.) ;
#7589=EDGE_CURVE('',#7588,#5417,#7586,.T.) ;
#7594=EDGE_CURVE('',#7588,#7564,#7593,.F.) ;
#7613=EDGE_CURVE('',#7612,#5443,#7610,.T.) ;
#7618=EDGE_CURVE('',#7612,#7588,#7617,.F.) ;
#7635=EDGE_CURVE('',#7185,#7612,#7634,.F.) ;
#7656=EDGE_CURVE('',#7653,#7655,#7651,.F.) ;
#7662=EDGE_CURVE('',#7653,#7353,#7657,.T.) ;
#7669=EDGE_CURVE('',#7655,#7329,#7663,.T.) ;
#7688=EDGE_CURVE('',#7687,#7653,#7685,.F.) ;
#7694=EDGE_CURVE('',#7687,#7377,#7689,.T.) ;
#7713=EDGE_CURVE('',#7712,#7687,#7710,.F.) ;
#7719=EDGE_CURVE('',#7712,#7396,#7714,.T.) ;
#7738=EDGE_CURVE('',#7737,#7712,#7735,.F.) ;
#7744=EDGE_CURVE('',#7420,#7737,#7739,.F.) ;
#7763=EDGE_CURVE('',#7762,#7737,#7760,.F.) ;
#7769=EDGE_CURVE('',#7762,#7444,#7764,.T.) ;
#7788=EDGE_CURVE('',#7787,#7762,#7785,.F.) ;
#7794=EDGE_CURVE('',#7787,#7468,#7789,.T.) ;
#7813=EDGE_CURVE('',#7812,#7787,#7810,.F.) ;
#7820=EDGE_CURVE('',#7812,#7492,#7814,.T.) ;
#7839=EDGE_CURVE('',#7838,#7812,#7836,.F.) ;
#7845=EDGE_CURVE('',#7838,#7516,#7840,.T.) ;
#7864=EDGE_CURVE('',#7863,#7838,#7861,.F.) ;
#7871=EDGE_CURVE('',#7863,#7540,#7865,.T.) ;
#7890=EDGE_CURVE('',#7889,#7863,#7887,.F.) ;
#7897=EDGE_CURVE('',#7889,#7564,#7891,.T.) ;
#7916=EDGE_CURVE('',#7915,#7889,#7913,.F.) ;
#7922=EDGE_CURVE('',#7915,#7588,#7917,.T.) ;
#7941=EDGE_CURVE('',#7940,#7915,#7938,.F.) ;
#7948=EDGE_CURVE('',#7940,#7612,#7942,.T.) ;
#7967=EDGE_CURVE('',#7966,#7940,#7964,.F.) ;
#7973=EDGE_CURVE('',#7966,#7185,#7968,.T.) ;
#7992=EDGE_CURVE('',#7991,#7966,#7989,.F.) ;
#7998=EDGE_CURVE('',#7991,#7137,#7993,.T.) ;
#8017=EDGE_CURVE('',#8016,#7991,#8014,.F.) ;
#8023=EDGE_CURVE('',#8016,#7113,#8018,.T.) ;
#8042=EDGE_CURVE('',#8041,#8016,#8039,.F.) ;
#8049=EDGE_CURVE('',#8041,#7106,#8043,.T.) ;
#8068=EDGE_CURVE('',#8067,#8041,#8065,.F.) ;
#8075=EDGE_CURVE('',#8067,#7161,#8069,.T.) ;
#8094=EDGE_CURVE('',#8093,#8067,#8091,.F.) ;
#8101=EDGE_CURVE('',#8093,#7209,#8095,.T.) ;
#8120=EDGE_CURVE('',#8119,#8093,#8117,.F.) ;
#8127=EDGE_CURVE('',#8119,#7233,#8121,.T.) ;
#8146=EDGE_CURVE('',#8145,#8119,#8143,.F.) ;
#8153=EDGE_CURVE('',#8145,#7257,#8147,.T.) ;
#8172=EDGE_CURVE('',#8171,#8145,#8169,.F.) ;
#8178=EDGE_CURVE('',#8171,#7281,#8173,.T.) ;
#8197=EDGE_CURVE('',#8196,#8171,#8194,.F.) ;
#8204=EDGE_CURVE('',#8196,#7305,#8198,.T.) ;
#8221=EDGE_CURVE('',#7655,#8196,#8220,.F.) ;
#8235=EDGE_CURVE('',#8234,#3985,#8232,.T.) ;
#8242=EDGE_CURVE('',#8241,#3959,#8239,.T.) ;
#8247=EDGE_CURVE('',#8234,#8241,#8246,.F.) ;
#8266=EDGE_CURVE('',#8265,#3934,#8263,.T.) ;
#8271=EDGE_CURVE('',#8241,#8265,#8270,.F.) ;
#8290=EDGE_CURVE('',#8289,#4024,#8287,.T.) ;
#8295=EDGE_CURVE('',#8289,#8234,#8294,.F.) ;
#8309=EDGE_CURVE('',#8308,#3908,#8306,.T.) ;
#8314=EDGE_CURVE('',#8265,#8308,#8313,.F.) ;
#8333=EDGE_CURVE('',#8332,#4049,#8330,.T.) ;
#8338=EDGE_CURVE('',#8332,#8289,#8337,.F.) ;
#8352=EDGE_CURVE('',#8351,#4074,#8349,.T.) ;
#8357=EDGE_CURVE('',#8351,#8332,#8356,.F.) ;
#8376=EDGE_CURVE('',#8375,#4113,#8373,.T.) ;
#8381=EDGE_CURVE('',#8375,#8351,#8380,.F.) ;
#8400=EDGE_CURVE('',#8399,#4138,#8397,.T.) ;
#8405=EDGE_CURVE('',#8399,#8375,#8404,.F.) ;
#8419=EDGE_CURVE('',#8418,#4163,#8416,.T.) ;
#8424=EDGE_CURVE('',#8418,#8399,#8423,.F.) ;
#8443=EDGE_CURVE('',#8442,#3847,#8440,.T.) ;
#8448=EDGE_CURVE('',#8442,#8418,#8447,.F.) ;
#8462=EDGE_CURVE('',#8461,#3839,#8459,.T.) ;
#8467=EDGE_CURVE('',#8461,#8442,#8466,.F.) ;
#8486=EDGE_CURVE('',#8485,#3883,#8483,.T.) ;
#8491=EDGE_CURVE('',#8485,#8461,#8490,.F.) ;
#8508=EDGE_CURVE('',#8308,#8485,#8507,.F.) ;
#8529=EDGE_CURVE('',#8526,#8528,#8524,.F.) ;
#8536=EDGE_CURVE('',#8526,#8418,#8530,.T.) ;
#8542=EDGE_CURVE('',#8399,#8528,#8537,.F.) ;
#8561=EDGE_CURVE('',#8560,#8526,#8558,.F.) ;
#8567=EDGE_CURVE('',#8560,#8442,#8562,.T.) ;
#8586=EDGE_CURVE('',#8585,#8560,#8583,.F.) ;
#8593=EDGE_CURVE('',#8585,#8461,#8587,.T.) ;
#8612=EDGE_CURVE('',#8611,#8585,#8609,.F.) ;
#8629=EDGE_CURVE('',#8485,#8611,#8613,.F.) ;
#8648=EDGE_CURVE('',#8647,#8611,#8645,.F.) ;
#8654=EDGE_CURVE('',#8647,#8308,#8649,.T.) ;
#8673=EDGE_CURVE('',#8672,#8647,#8670,.F.) ;
#8680=EDGE_CURVE('',#8672,#8265,#8674,.T.) ;
#8699=EDGE_CURVE('',#8698,#8672,#8696,.F.) ;
#8705=EDGE_CURVE('',#8698,#8241,#8700,.T.) ;
#8724=EDGE_CURVE('',#8723,#8698,#8721,.F.) ;
#8731=EDGE_CURVE('',#8723,#8234,#8725,.T.) ;
#8750=EDGE_CURVE('',#8749,#8723,#8747,.F.) ;
#8770=EDGE_CURVE('',#8289,#8749,#8751,.F.) ;
#8789=EDGE_CURVE('',#8788,#8749,#8786,.F.) ;
#8795=EDGE_CURVE('',#8788,#8332,#8790,.T.) ;
#8814=EDGE_CURVE('',#8813,#8788,#8811,.F.) ;
#8820=EDGE_CURVE('',#8813,#8351,#8815,.T.) ;
#8839=EDGE_CURVE('',#8838,#8813,#8836,.F.) ;
#8859=EDGE_CURVE('',#8375,#8838,#8840,.F.) ;
#8876=EDGE_CURVE('',#8528,#8838,#8875,.F.) ;
#8890=EDGE_CURVE('',#8889,#5892,#8887,.T.) ;
#8897=EDGE_CURVE('',#8896,#5900,#8894,.T.) ;
#8902=EDGE_CURVE('',#8889,#8896,#8901,.F.) ;
#8921=EDGE_CURVE('',#8920,#6151,#8918,.T.) ;
#8926=EDGE_CURVE('',#8896,#8920,#8925,.F.) ;
#8945=EDGE_CURVE('',#8944,#5925,#8942,.T.) ;
#8950=EDGE_CURVE('',#8944,#8889,#8949,.F.) ;
#8964=EDGE_CURVE('',#8963,#6126,#8961,.T.) ;
#8969=EDGE_CURVE('',#8920,#8963,#8968,.F.) ;
#8988=EDGE_CURVE('',#8987,#5950,#8985,.T.) ;
#8993=EDGE_CURVE('',#8987,#8944,#8992,.F.) ;
#9012=EDGE_CURVE('',#9011,#5975,#9009,.T.) ;
#9017=EDGE_CURVE('',#9011,#8987,#9016,.F.) ;
#9036=EDGE_CURVE('',#9035,#6000,#9033,.T.) ;
#9041=EDGE_CURVE('',#9035,#9011,#9040,.F.) ;
#9060=EDGE_CURVE('',#9059,#6025,#9057,.T.) ;
#9065=EDGE_CURVE('',#9059,#9035,#9064,.F.) ;
#9084=EDGE_CURVE('',#9083,#6050,#9081,.T.) ;
#9089=EDGE_CURVE('',#9083,#9059,#9088,.F.) ;
#9108=EDGE_CURVE('',#9107,#6075,#9105,.T.) ;
#9113=EDGE_CURVE('',#9107,#9083,#9112,.F.) ;
#9132=EDGE_CURVE('',#9131,#6101,#9129,.T.) ;
#9137=EDGE_CURVE('',#9131,#9107,#9136,.F.) ;
#9154=EDGE_CURVE('',#8963,#9131,#9153,.F.) ;
#9175=EDGE_CURVE('',#9172,#9174,#9170,.F.) ;
#9182=EDGE_CURVE('',#9172,#8920,#9176,.T.) ;
#9188=EDGE_CURVE('',#8963,#9174,#9183,.F.) ;
#9207=EDGE_CURVE('',#9206,#9172,#9204,.F.) ;
#9213=EDGE_CURVE('',#9206,#8896,#9208,.T.) ;
#9232=EDGE_CURVE('',#9231,#9206,#9229,.F.) ;
#9239=EDGE_CURVE('',#9231,#8889,#9233,.T.) ;
#9258=EDGE_CURVE('',#9257,#9231,#9255,.F.) ;
#9264=EDGE_CURVE('',#9257,#8944,#9259,.T.) ;
#9283=EDGE_CURVE('',#9282,#9257,#9280,.F.) ;
#9289=EDGE_CURVE('',#8987,#9282,#9284,.F.) ;
#9308=EDGE_CURVE('',#9307,#9282,#9305,.F.) ;
#9315=EDGE_CURVE('',#9307,#9011,#9309,.T.) ;
#9334=EDGE_CURVE('',#9333,#9307,#9331,.F.) ;
#9341=EDGE_CURVE('',#9333,#9035,#9335,.T.) ;
#9360=EDGE_CURVE('',#9359,#9333,#9357,.F.) ;
#9366=EDGE_CURVE('',#9359,#9059,#9361,.T.) ;
#9385=EDGE_CURVE('',#9384,#9359,#9382,.F.) ;
#9391=EDGE_CURVE('',#9083,#9384,#9386,.F.) ;
#9410=EDGE_CURVE('',#9409,#9384,#9407,.F.) ;
#9417=EDGE_CURVE('',#9409,#9107,#9411,.T.) ;
#9436=EDGE_CURVE('',#9435,#9409,#9433,.F.) ;
#9443=EDGE_CURVE('',#9435,#9131,#9437,.T.) ;
#9460=EDGE_CURVE('',#9174,#9435,#9459,.F.) ;
#9474=EDGE_CURVE('',#9473,#6420,#9471,.T.) ;
#9481=EDGE_CURVE('',#9480,#6395,#9478,.T.) ;
#9486=EDGE_CURVE('',#9473,#9480,#9485,.F.) ;
#9505=EDGE_CURVE('',#9504,#6370,#9502,.T.) ;
#9510=EDGE_CURVE('',#9480,#9504,#9509,.F.) ;
#9529=EDGE_CURVE('',#9528,#6269,#9526,.T.) ;
#9534=EDGE_CURVE('',#9528,#9473,#9533,.F.) ;
#9548=EDGE_CURVE('',#9547,#6345,#9545,.T.) ;
#9553=EDGE_CURVE('',#9504,#9547,#9552,.F.) ;
#9567=EDGE_CURVE('',#9566,#6261,#9564,.T.) ;
#9572=EDGE_CURVE('',#9566,#9528,#9571,.F.) ;
#9591=EDGE_CURVE('',#9590,#6294,#9588,.T.) ;
#9596=EDGE_CURVE('',#9590,#9566,#9595,.F.) ;
#9610=EDGE_CURVE('',#9609,#6320,#9607,.T.) ;
#9615=EDGE_CURVE('',#9609,#9590,#9614,.F.) ;
#9632=EDGE_CURVE('',#9547,#9609,#9631,.F.) ;
#9670=EDGE_CURVE('',#9667,#9669,#9665,.F.) ;
#9677=EDGE_CURVE('',#9669,#9676,#9674,.F.) ;
#9684=EDGE_CURVE('',#9676,#9683,#9681,.F.) ;
#9691=EDGE_CURVE('',#9683,#9690,#9688,.F.) ;
#9698=EDGE_CURVE('',#9690,#9697,#9695,.F.) ;
#9705=EDGE_CURVE('',#9697,#9704,#9702,.F.) ;
#9712=EDGE_CURVE('',#9704,#9711,#9709,.F.) ;
#9717=EDGE_CURVE('',#9711,#9667,#9716,.F.) ;
#9833=EDGE_CURVE('',#9667,#9473,#9827,.T.) ;
#9839=EDGE_CURVE('',#9480,#9669,#9834,.F.) ;
#9858=EDGE_CURVE('',#9711,#9528,#9852,.T.) ;
#9877=EDGE_CURVE('',#9704,#9566,#9871,.T.) ;
#9895=EDGE_CURVE('',#9697,#9590,#9890,.T.) ;
#9914=EDGE_CURVE('',#9690,#9609,#9908,.T.) ;
#9932=EDGE_CURVE('',#9683,#9547,#9927,.T.) ;
#9950=EDGE_CURVE('',#9504,#9676,#9945,.F.) ;
#9978=EDGE_CURVE('',#9975,#9977,#9973,.T.) ;
#9985=EDGE_CURVE('',#9984,#9975,#9982,.T.) ;
#9992=EDGE_CURVE('',#9991,#9984,#9989,.T.) ;
#9999=EDGE_CURVE('',#9998,#9991,#9996,.T.) ;
#10006=EDGE_CURVE('',#10005,#9998,#10003,.T.) ;
#10013=EDGE_CURVE('',#10012,#10005,#10010,.T.) ;
#10020=EDGE_CURVE('',#10019,#10012,#10017,.T.) ;
#10027=EDGE_CURVE('',#10026,#10019,#10024,.T.) ;
#10034=EDGE_CURVE('',#10033,#10026,#10031,.T.) ;
#10041=EDGE_CURVE('',#10040,#10033,#10038,.T.) ;
#10046=EDGE_CURVE('',#9977,#10040,#10045,.T.) ;
#10072=EDGE_CURVE('',#10071,#4736,#10069,.T.) ;
#10079=EDGE_CURVE('',#10078,#4770,#10076,.T.) ;
#10084=EDGE_CURVE('',#10078,#10071,#10083,.T.) ;
#10098=EDGE_CURVE('',#10097,#4743,#10095,.T.) ;
#10103=EDGE_CURVE('',#10071,#10097,#10102,.T.) ;
#10122=EDGE_CURVE('',#10121,#4975,#10119,.T.) ;
#10127=EDGE_CURVE('',#10097,#10121,#10126,.T.) ;
#10146=EDGE_CURVE('',#10145,#4949,#10143,.T.) ;
#10151=EDGE_CURVE('',#10121,#10145,#10150,.T.) ;
#10170=EDGE_CURVE('',#10169,#4923,#10167,.T.) ;
#10175=EDGE_CURVE('',#10145,#10169,#10174,.T.) ;
#10194=EDGE_CURVE('',#10193,#4897,#10191,.T.) ;
#10199=EDGE_CURVE('',#10169,#10193,#10198,.T.) ;
#10218=EDGE_CURVE('',#10217,#4872,#10215,.T.) ;
#10223=EDGE_CURVE('',#10193,#10217,#10222,.T.) ;
#10242=EDGE_CURVE('',#10241,#4847,#10239,.T.) ;
#10247=EDGE_CURVE('',#10217,#10241,#10246,.T.) ;
#10266=EDGE_CURVE('',#10265,#4821,#10263,.T.) ;
#10271=EDGE_CURVE('',#10241,#10265,#10270,.T.) ;
#10290=EDGE_CURVE('',#10289,#4795,#10287,.T.) ;
#10295=EDGE_CURVE('',#10265,#10289,#10294,.T.) ;
#10312=EDGE_CURVE('',#10289,#10078,#10311,.T.) ;
#10330=EDGE_CURVE('',#9977,#10289,#10325,.T.) ;
#10336=EDGE_CURVE('',#10078,#10040,#10331,.F.) ;
#10354=EDGE_CURVE('',#10265,#9975,#10349,.T.) ;
#10372=EDGE_CURVE('',#10241,#9984,#10367,.T.) ;
#10391=EDGE_CURVE('',#10217,#9991,#10385,.T.) ;
#10409=EDGE_CURVE('',#10193,#9998,#10404,.T.) ;
#10428=EDGE_CURVE('',#10169,#10005,#10422,.T.) ;
#10447=EDGE_CURVE('',#10145,#10012,#10441,.T.) ;
#10466=EDGE_CURVE('',#10121,#10019,#10460,.T.) ;
#10485=EDGE_CURVE('',#10097,#10026,#10479,.T.) ;
#10503=EDGE_CURVE('',#10071,#10033,#10498,.T.) ;
#10540=EDGE_CURVE('',#10537,#10539,#10535,.T.) ;
#10547=EDGE_CURVE('',#10539,#10546,#10544,.F.) ;
#10554=EDGE_CURVE('',#10553,#10546,#10551,.T.) ;
#10559=EDGE_CURVE('',#10537,#10553,#10558,.F.) ;
#10576=EDGE_CURVE('',#10539,#10537,#10575,.T.) ;
#10581=EDGE_CURVE('',#10546,#10553,#10580,.T.) ;
#10602=EDGE_CURVE('',#10599,#10601,#10597,.T.) ;
#10609=EDGE_CURVE('',#10601,#10608,#10606,.F.) ;
#10616=EDGE_CURVE('',#10608,#10615,#10613,.T.) ;
#10623=EDGE_CURVE('',#10615,#10622,#10620,.F.) ;
#10630=EDGE_CURVE('',#10622,#10629,#10627,.T.) ;
#10637=EDGE_CURVE('',#10629,#10636,#10634,.F.) ;
#10644=EDGE_CURVE('',#10636,#10643,#10641,.T.) ;
#10651=EDGE_CURVE('',#10643,#10650,#10648,.F.) ;
#10658=EDGE_CURVE('',#10650,#10657,#10655,.T.) ;
#10665=EDGE_CURVE('',#10657,#10664,#10662,.T.) ;
#10672=EDGE_CURVE('',#10664,#10671,#10669,.T.) ;
#10679=EDGE_CURVE('',#10671,#10678,#10676,.F.) ;
#10686=EDGE_CURVE('',#10678,#10685,#10683,.F.) ;
#10693=EDGE_CURVE('',#10685,#10692,#10690,.F.) ;
#10698=EDGE_CURVE('',#10692,#10599,#10697,.T.) ;
#10728=EDGE_CURVE('',#10725,#10727,#10723,.T.) ;
#10733=EDGE_CURVE('',#10727,#10725,#10732,.T.) ;
#10746=EDGE_CURVE('',#10743,#10745,#10741,.T.) ;
#10751=EDGE_CURVE('',#10745,#10743,#10750,.T.) ;
#10764=EDGE_CURVE('',#10761,#10763,#10759,.T.) ;
#10769=EDGE_CURVE('',#10763,#10761,#10768,.T.) ;
#10782=EDGE_CURVE('',#10779,#10781,#10777,.T.) ;
#10787=EDGE_CURVE('',#10781,#10779,#10786,.T.) ;
#10800=EDGE_CURVE('',#10797,#10799,#10795,.T.) ;
#10805=EDGE_CURVE('',#10799,#10797,#10804,.T.) ;
#10822=EDGE_CURVE('',#10821,#10546,#10819,.T.) ;
#10829=EDGE_CURVE('',#10828,#10821,#10826,.T.) ;
#10834=EDGE_CURVE('',#10828,#10553,#10833,.T.) ;
#10846=EDGE_CURVE('',#10821,#10828,#10845,.T.) ;
#10865=EDGE_CURVE('',#10727,#10864,#10862,.F.) ;
#10872=EDGE_CURVE('',#10871,#10864,#10869,.T.) ;
#10877=EDGE_CURVE('',#10725,#10871,#10876,.F.) ;
#10894=EDGE_CURVE('',#10864,#10871,#10893,.T.) ;
#10913=EDGE_CURVE('',#10912,#10864,#10910,.T.) ;
#10920=EDGE_CURVE('',#10919,#10912,#10917,.T.) ;
#10925=EDGE_CURVE('',#10919,#10871,#10924,.T.) ;
#10937=EDGE_CURVE('',#10912,#10919,#10936,.T.) ;
#10956=EDGE_CURVE('',#10745,#10955,#10953,.F.) ;
#10963=EDGE_CURVE('',#10962,#10955,#10960,.T.) ;
#10968=EDGE_CURVE('',#10743,#10962,#10967,.F.) ;
#10985=EDGE_CURVE('',#10955,#10962,#10984,.T.) ;
#11004=EDGE_CURVE('',#11003,#10962,#11001,.T.) ;
#11011=EDGE_CURVE('',#11010,#11003,#11008,.T.) ;
#11016=EDGE_CURVE('',#11010,#10955,#11015,.T.) ;
#11028=EDGE_CURVE('',#11003,#11010,#11027,.T.) ;
#11047=EDGE_CURVE('',#10763,#11046,#11044,.F.) ;
#11054=EDGE_CURVE('',#11053,#11046,#11051,.T.) ;
#11059=EDGE_CURVE('',#10761,#11053,#11058,.F.) ;
#11076=EDGE_CURVE('',#11046,#11053,#11075,.T.) ;
#11095=EDGE_CURVE('',#11094,#11046,#11092,.T.) ;
#11102=EDGE_CURVE('',#11101,#11094,#11099,.T.) ;
#11107=EDGE_CURVE('',#11101,#11053,#11106,.T.) ;
#11119=EDGE_CURVE('',#11094,#11101,#11118,.T.) ;
#11138=EDGE_CURVE('',#10781,#11137,#11135,.F.) ;
#11145=EDGE_CURVE('',#11144,#11137,#11142,.T.) ;
#11150=EDGE_CURVE('',#10779,#11144,#11149,.F.) ;
#11167=EDGE_CURVE('',#11137,#11144,#11166,.T.) ;
#11186=EDGE_CURVE('',#11185,#11137,#11183,.T.) ;
#11193=EDGE_CURVE('',#11192,#11185,#11190,.T.) ;
#11198=EDGE_CURVE('',#11192,#11144,#11197,.T.) ;
#11210=EDGE_CURVE('',#11185,#11192,#11209,.T.) ;
#11229=EDGE_CURVE('',#10799,#11228,#11226,.F.) ;
#11236=EDGE_CURVE('',#11235,#11228,#11233,.T.) ;
#11241=EDGE_CURVE('',#10797,#11235,#11240,.F.) ;
#11258=EDGE_CURVE('',#11228,#11235,#11257,.T.) ;
#11277=EDGE_CURVE('',#11276,#11228,#11274,.T.) ;
#11284=EDGE_CURVE('',#11283,#11276,#11281,.T.) ;
#11289=EDGE_CURVE('',#11283,#11235,#11288,.T.) ;
#11301=EDGE_CURVE('',#11276,#11283,#11300,.T.) ;
#11320=EDGE_CURVE('',#11010,#11319,#11317,.F.) ;
#11327=EDGE_CURVE('',#11326,#11319,#11324,.T.) ;
#11332=EDGE_CURVE('',#11003,#11326,#11331,.F.) ;
#11349=EDGE_CURVE('',#11319,#11326,#11348,.T.) ;
#11368=EDGE_CURVE('',#10919,#11367,#11365,.F.) ;
#11375=EDGE_CURVE('',#11374,#11367,#11372,.T.) ;
#11380=EDGE_CURVE('',#10912,#11374,#11379,.F.) ;
#11397=EDGE_CURVE('',#11367,#11374,#11396,.T.) ;
#11416=EDGE_CURVE('',#10828,#11415,#11413,.F.) ;
#11423=EDGE_CURVE('',#11422,#11415,#11420,.T.) ;
#11428=EDGE_CURVE('',#10821,#11422,#11427,.F.) ;
#11445=EDGE_CURVE('',#11415,#11422,#11444,.T.) ;
#11464=EDGE_CURVE('',#11101,#11463,#11461,.F.) ;
#11471=EDGE_CURVE('',#11470,#11463,#11468,.T.) ;
#11476=EDGE_CURVE('',#11094,#11470,#11475,.F.) ;
#11493=EDGE_CURVE('',#11463,#11470,#11492,.T.) ;
#11512=EDGE_CURVE('',#11192,#11511,#11509,.F.) ;
#11519=EDGE_CURVE('',#11518,#11511,#11516,.T.) ;
#11524=EDGE_CURVE('',#11185,#11518,#11523,.F.) ;
#11541=EDGE_CURVE('',#11511,#11518,#11540,.T.) ;
#11560=EDGE_CURVE('',#11276,#11559,#11557,.F.) ;
#11567=EDGE_CURVE('',#11566,#11559,#11564,.T.) ;
#11572=EDGE_CURVE('',#11283,#11566,#11571,.F.) ;
#11589=EDGE_CURVE('',#11559,#11566,#11588,.T.) ;
#11610=EDGE_CURVE('',#11607,#11609,#11605,.F.) ;
#11617=EDGE_CURVE('',#11609,#11616,#11614,.T.) ;
#11624=EDGE_CURVE('',#11623,#11616,#11621,.F.) ;
#11629=EDGE_CURVE('',#11607,#11623,#11628,.T.) ;
#11646=EDGE_CURVE('',#11609,#11607,#11645,.F.) ;
#11651=EDGE_CURVE('',#11616,#11623,#11650,.F.) ;
#11670=EDGE_CURVE('',#11607,#11669,#11667,.T.) ;
#11677=EDGE_CURVE('',#11676,#11669,#11674,.F.) ;
#11682=EDGE_CURVE('',#11609,#11676,#11681,.T.) ;
#11694=EDGE_CURVE('',#11669,#11676,#11693,.F.) ;
#11715=EDGE_CURVE('',#11712,#11714,#11710,.T.) ;
#11722=EDGE_CURVE('',#11721,#11712,#11719,.T.) ;
#11729=EDGE_CURVE('',#11728,#11721,#11726,.F.) ;
#11736=EDGE_CURVE('',#11728,#11735,#11733,.T.) ;
#11741=EDGE_CURVE('',#11735,#11714,#11740,.T.) ;
#11767=EDGE_CURVE('',#11764,#11766,#11762,.T.) ;
#11774=EDGE_CURVE('',#11766,#11773,#11771,.F.) ;
#11781=EDGE_CURVE('',#11780,#11773,#11778,.T.) ;
#11786=EDGE_CURVE('',#11764,#11780,#11785,.F.) ;
#11803=EDGE_CURVE('',#11766,#11764,#11802,.T.) ;
#11808=EDGE_CURVE('',#11773,#11780,#11807,.T.) ;
#11822=EDGE_CURVE('',#11764,#11821,#11819,.T.) ;
#11829=EDGE_CURVE('',#11828,#11821,#11826,.F.) ;
#11834=EDGE_CURVE('',#11766,#11828,#11833,.T.) ;
#11846=EDGE_CURVE('',#11821,#11828,#11845,.F.) ;
#11867=EDGE_CURVE('',#11864,#11866,#11862,.T.) ;
#11874=EDGE_CURVE('',#11873,#11864,#11871,.F.) ;
#11881=EDGE_CURVE('',#11880,#11873,#11878,.T.) ;
#11888=EDGE_CURVE('',#11887,#11880,#11885,.T.) ;
#11895=EDGE_CURVE('',#11894,#11887,#11892,.F.) ;
#11902=EDGE_CURVE('',#11901,#11894,#11899,.F.) ;
#11907=EDGE_CURVE('',#11866,#11901,#11906,.F.) ;
#11933=EDGE_CURVE('',#11821,#11932,#11930,.F.) ;
#11940=EDGE_CURVE('',#11939,#11932,#11937,.T.) ;
#11945=EDGE_CURVE('',#11828,#11939,#11944,.F.) ;
#11962=EDGE_CURVE('',#11932,#11939,#11961,.T.) ;
#11983=EDGE_CURVE('',#11980,#11982,#11978,.F.) ;
#11990=EDGE_CURVE('',#11989,#11980,#11987,.F.) ;
#11997=EDGE_CURVE('',#11996,#11989,#11994,.T.) ;
#12004=EDGE_CURVE('',#12003,#11996,#12001,.T.) ;
#12011=EDGE_CURVE('',#12010,#12003,#12008,.T.) ;
#12016=EDGE_CURVE('',#12010,#11982,#12015,.F.) ;
#12041=EDGE_CURVE('',#11676,#12040,#12038,.F.) ;
#12048=EDGE_CURVE('',#12047,#12040,#12045,.T.) ;
#12053=EDGE_CURVE('',#11669,#12047,#12052,.F.) ;
#12070=EDGE_CURVE('',#12040,#12047,#12069,.T.) ;
#12091=EDGE_CURVE('',#12088,#12090,#12086,.F.) ;
#12098=EDGE_CURVE('',#12097,#12088,#12095,.F.) ;
#12105=EDGE_CURVE('',#12104,#12097,#12102,.T.) ;
#12112=EDGE_CURVE('',#12111,#12104,#12109,.T.) ;
#12119=EDGE_CURVE('',#12118,#12111,#12116,.F.) ;
#12126=EDGE_CURVE('',#12125,#12118,#12123,.T.) ;
#12131=EDGE_CURVE('',#12125,#12090,#12130,.F.) ;
#12157=EDGE_CURVE('',#11866,#12156,#12154,.F.) ;
#12162=EDGE_CURVE('',#12156,#10678,#12161,.T.) ;
#12167=EDGE_CURVE('',#11866,#10671,#12166,.T.) ;
#12184=EDGE_CURVE('',#11864,#10664,#12183,.T.) ;
#12203=EDGE_CURVE('',#12202,#10664,#12200,.F.) ;
#12208=EDGE_CURVE('',#11873,#12202,#12207,.T.) ;
#12227=EDGE_CURVE('',#12226,#12202,#12224,.T.) ;
#12232=EDGE_CURVE('',#11880,#12226,#12231,.F.) ;
#12251=EDGE_CURVE('',#12250,#12226,#12248,.T.) ;
#12256=EDGE_CURVE('',#11887,#12250,#12255,.F.) ;
#12275=EDGE_CURVE('',#12274,#12250,#12272,.F.) ;
#12280=EDGE_CURVE('',#11894,#12274,#12279,.T.) ;
#12299=EDGE_CURVE('',#12298,#12274,#12296,.T.) ;
#12304=EDGE_CURVE('',#11901,#12298,#12303,.F.) ;
#12323=EDGE_CURVE('',#12322,#11901,#12320,.T.) ;
#12330=EDGE_CURVE('',#12329,#12298,#12327,.T.) ;
#12335=EDGE_CURVE('',#12322,#12329,#12334,.F.) ;
#12354=EDGE_CURVE('',#12353,#12322,#12351,.F.) ;
#12361=EDGE_CURVE('',#12360,#12329,#12358,.F.) ;
#12366=EDGE_CURVE('',#12353,#12360,#12365,.T.) ;
#12383=EDGE_CURVE('',#12090,#12353,#12382,.T.) ;
#12390=EDGE_CURVE('',#12389,#12360,#12387,.T.) ;
#12395=EDGE_CURVE('',#12090,#12389,#12394,.F.) ;
#12414=EDGE_CURVE('',#12413,#12389,#12411,.T.) ;
#12419=EDGE_CURVE('',#12088,#12413,#12418,.F.) ;
#12438=EDGE_CURVE('',#12437,#12413,#12435,.F.) ;
#12443=EDGE_CURVE('',#12097,#12437,#12442,.T.) ;
#12462=EDGE_CURVE('',#12461,#12437,#12459,.T.) ;
#12467=EDGE_CURVE('',#12104,#12461,#12466,.F.) ;
#12486=EDGE_CURVE('',#12485,#12461,#12483,.T.) ;
#12491=EDGE_CURVE('',#12111,#12485,#12490,.F.) ;
#12508=EDGE_CURVE('',#10599,#12485,#12507,.F.) ;
#12513=EDGE_CURVE('',#12118,#10599,#12512,.T.) ;
#12530=EDGE_CURVE('',#12125,#10692,#12529,.T.) ;
#12549=EDGE_CURVE('',#12548,#12125,#12546,.F.) ;
#12554=EDGE_CURVE('',#12548,#10685,#12553,.T.) ;
#12571=EDGE_CURVE('',#12156,#12548,#12570,.T.) ;
#12588=EDGE_CURVE('',#12548,#12353,#12587,.T.) ;
#12605=EDGE_CURVE('',#12156,#12322,#12604,.F.) ;
#12636=EDGE_CURVE('',#10657,#12635,#12633,.T.) ;
#12641=EDGE_CURVE('',#12635,#12202,#12640,.F.) ;
#12660=EDGE_CURVE('',#12635,#12659,#12657,.T.) ;
#12665=EDGE_CURVE('',#12659,#12226,#12664,.T.) ;
#12684=EDGE_CURVE('',#12683,#12250,#12681,.T.) ;
#12691=EDGE_CURVE('',#12683,#12690,#12688,.F.) ;
#12696=EDGE_CURVE('',#12690,#12274,#12695,.T.) ;
#12708=EDGE_CURVE('',#12659,#12683,#12707,.T.) ;
#12727=EDGE_CURVE('',#12485,#12726,#12724,.F.) ;
#12732=EDGE_CURVE('',#10601,#12726,#12731,.T.) ;
#12746=EDGE_CURVE('',#12461,#12745,#12743,.T.) ;
#12753=EDGE_CURVE('',#12752,#12745,#12750,.T.) ;
#12760=EDGE_CURVE('',#12726,#12752,#12754,.F.) ;
#12780=EDGE_CURVE('',#12413,#12779,#12777,.T.) ;
#12787=EDGE_CURVE('',#12786,#12779,#12784,.F.) ;
#12792=EDGE_CURVE('',#12437,#12786,#12791,.T.) ;
#12808=EDGE_CURVE('',#12786,#12807,#12800,.F.) ;
#12813=EDGE_CURVE('',#12745,#12807,#12812,.T.) ;
#13004=EDGE_CURVE('',#12003,#12635,#12847,.F.) ;
#13162=EDGE_CURVE('',#12003,#10657,#13005,.F.) ;
#13178=EDGE_CURVE('',#11996,#12659,#13177,.F.) ;
#13195=EDGE_CURVE('',#12010,#10650,#13194,.T.) ;
#13214=EDGE_CURVE('',#13213,#12010,#13211,.F.) ;
#13219=EDGE_CURVE('',#13213,#10643,#13218,.T.) ;
#13238=EDGE_CURVE('',#13237,#13213,#13235,.F.) ;
#13243=EDGE_CURVE('',#13237,#10636,#13242,.T.) ;
#13262=EDGE_CURVE('',#13261,#13237,#13259,.T.) ;
#13269=EDGE_CURVE('',#13268,#10636,#13266,.T.) ;
#13274=EDGE_CURVE('',#13261,#13268,#13273,.F.) ;
#13293=EDGE_CURVE('',#13292,#13261,#13290,.T.) ;
#13300=EDGE_CURVE('',#13299,#13268,#13297,.T.) ;
#13305=EDGE_CURVE('',#13292,#13299,#13304,.F.) ;
#13324=EDGE_CURVE('',#13323,#13292,#13321,.T.) ;
#13331=EDGE_CURVE('',#13330,#13299,#13328,.T.) ;
#13336=EDGE_CURVE('',#13323,#13330,#13335,.F.) ;
#13355=EDGE_CURVE('',#13354,#13323,#13352,.T.) ;
#13362=EDGE_CURVE('',#13361,#13330,#13359,.T.) ;
#13367=EDGE_CURVE('',#13354,#13361,#13366,.F.) ;
#13384=EDGE_CURVE('',#11982,#13354,#13383,.T.) ;
#13391=EDGE_CURVE('',#13390,#13361,#13388,.T.) ;
#13396=EDGE_CURVE('',#11982,#13390,#13395,.F.) ;
#13413=EDGE_CURVE('',#12690,#13390,#13412,.T.) ;
#13418=EDGE_CURVE('',#11980,#12690,#13417,.F.) ;
#13435=EDGE_CURVE('',#11989,#12683,#13434,.T.) ;
#13464=EDGE_CURVE('',#13213,#13354,#13463,.T.) ;
#13492=EDGE_CURVE('',#13491,#10629,#13489,.F.) ;
#13497=EDGE_CURVE('',#13491,#13268,#13496,.T.) ;
#13516=EDGE_CURVE('',#13491,#13515,#13513,.T.) ;
#13521=EDGE_CURVE('',#13515,#13299,#13520,.F.) ;
#13540=EDGE_CURVE('',#13539,#13515,#13537,.F.) ;
#13545=EDGE_CURVE('',#13539,#13330,#13544,.T.) ;
#13585=EDGE_CURVE('',#13584,#12752,#13578,.F.) ;
#13611=EDGE_CURVE('',#12752,#11728,#13586,.F.) ;
#13637=EDGE_CURVE('',#13584,#11728,#13612,.F.) ;
#13745=EDGE_CURVE('',#10601,#13584,#13681,.F.) ;
#13762=EDGE_CURVE('',#11721,#10608,#13761,.F.) ;
#13780=EDGE_CURVE('',#12745,#11735,#13779,.F.) ;
#13820=EDGE_CURVE('',#12807,#13819,#13813,.F.) ;
#13846=EDGE_CURVE('',#13819,#11714,#13821,.F.) ;
#13872=EDGE_CURVE('',#12807,#11714,#13847,.F.) ;
#13950=EDGE_CURVE('',#12779,#13819,#13916,.F.) ;
#13969=EDGE_CURVE('',#12779,#13968,#13966,.T.) ;
#13974=EDGE_CURVE('',#13968,#11712,#13973,.F.) ;
#14006=EDGE_CURVE('',#14005,#13491,#14003,.T.) ;
#14011=EDGE_CURVE('',#14005,#10622,#14010,.F.) ;
#14030=EDGE_CURVE('',#14029,#14005,#14027,.T.) ;
#14035=EDGE_CURVE('',#14029,#10615,#14034,.F.) ;
#14052=EDGE_CURVE('',#11721,#14029,#14051,.T.) ;
#14071=EDGE_CURVE('',#14029,#14070,#14068,.T.) ;
#14078=EDGE_CURVE('',#14070,#14077,#14075,.F.) ;
#14083=EDGE_CURVE('',#14005,#14077,#14082,.T.) ;
#14100=EDGE_CURVE('',#11712,#14070,#14099,.T.) ;
#14117=EDGE_CURVE('',#14077,#13515,#14116,.T.) ;
#14136=EDGE_CURVE('',#14135,#13539,#14133,.T.) ;
#14141=EDGE_CURVE('',#14135,#14077,#14140,.F.) ;
#14160=EDGE_CURVE('',#14159,#14135,#14157,.T.) ;
#14165=EDGE_CURVE('',#14159,#14070,#14164,.F.) ;
#14182=EDGE_CURVE('',#13968,#14159,#14181,.T.) ;
#14252=EDGE_CURVE('',#14249,#14251,#14247,.T.) ;
#14259=EDGE_CURVE('',#14249,#14258,#14256,.T.) ;
#14266=EDGE_CURVE('',#14258,#14265,#14263,.T.) ;
#14271=EDGE_CURVE('',#14251,#14265,#14270,.T.) ;
#14283=EDGE_CURVE('',#14258,#14249,#14282,.T.) ;
#14288=EDGE_CURVE('',#14265,#14251,#14287,.T.) ;
#14309=EDGE_CURVE('',#14306,#14308,#14304,.T.) ;
#14314=EDGE_CURVE('',#14308,#14306,#14313,.T.) ;
#14333=EDGE_CURVE('',#14330,#14332,#14328,.F.) ;
#14356=EDGE_CURVE('',#14332,#14330,#14334,.F.) ;
#14377=EDGE_CURVE('',#14308,#14376,#14374,.F.) ;
#14384=EDGE_CURVE('',#14306,#14383,#14381,.F.) ;
#14389=EDGE_CURVE('',#14383,#14376,#14388,.T.) ;
#14406=EDGE_CURVE('',#14376,#14383,#14405,.T.) ;
#14423=EDGE_CURVE('',#14383,#14330,#14422,.T.) ;
#14428=EDGE_CURVE('',#14376,#14332,#14427,.T.) ;
#14461=EDGE_CURVE('',#14458,#14460,#14456,.T.) ;
#14466=EDGE_CURVE('',#14460,#14458,#14465,.T.) ;
#14503=EDGE_CURVE('',#14500,#14502,#14477,.F.) ;
#14508=EDGE_CURVE('',#14502,#14500,#14507,.F.) ;
#14531=EDGE_CURVE('',#14528,#14530,#14526,.T.) ;
#14536=EDGE_CURVE('',#14460,#14528,#14535,.F.) ;
#14541=EDGE_CURVE('',#14458,#14530,#14540,.F.) ;
#14558=EDGE_CURVE('',#14530,#14528,#14557,.T.) ;
#14575=EDGE_CURVE('',#14530,#14500,#14574,.T.) ;
#14580=EDGE_CURVE('',#14528,#14502,#14579,.T.) ;
#85=EDGE_LOOP('',(#86,#87,#88,#89)) ;
#107=EDGE_LOOP('',(#108,#109,#110,#111)) ;
#224=EDGE_LOOP('',(#225,#226,#227,#228,#229,#230,#231,#232,#233,#234,#235,#236,#237,#238,#239)) ;
#241=EDGE_LOOP('',(#242,#243)) ;
#259=EDGE_LOOP('',(#260,#261)) ;
#277=EDGE_LOOP('',(#278,#279)) ;
#295=EDGE_LOOP('',(#296,#297)) ;
#313=EDGE_LOOP('',(#314,#315)) ;
#331=EDGE_LOOP('',(#332,#333)) ;
#360=EDGE_LOOP('',(#361,#362,#363,#364)) ;
#372=EDGE_LOOP('',(#373,#374,#375,#376)) ;
#403=EDGE_LOOP('',(#404,#405,#406,#407)) ;
#420=EDGE_LOOP('',(#421,#422,#423,#424)) ;
#451=EDGE_LOOP('',(#452,#453,#454,#455)) ;
#463=EDGE_LOOP('',(#464,#465,#466,#467)) ;
#494=EDGE_LOOP('',(#495,#496,#497,#498)) ;
#511=EDGE_LOOP('',(#512,#513,#514,#515)) ;
#542=EDGE_LOOP('',(#543,#544,#545,#546)) ;
#554=EDGE_LOOP('',(#555,#556,#557,#558)) ;
#585=EDGE_LOOP('',(#586,#587,#588,#589)) ;
#602=EDGE_LOOP('',(#603,#604,#605,#606)) ;
#633=EDGE_LOOP('',(#634,#635,#636,#637)) ;
#645=EDGE_LOOP('',(#646,#647,#648,#649)) ;
#676=EDGE_LOOP('',(#677,#678,#679,#680)) ;
#693=EDGE_LOOP('',(#694,#695,#696,#697)) ;
#724=EDGE_LOOP('',(#725,#726,#727,#728)) ;
#736=EDGE_LOOP('',(#737,#738,#739,#740)) ;
#767=EDGE_LOOP('',(#768,#769,#770,#771)) ;
#784=EDGE_LOOP('',(#785,#786,#787,#788)) ;
#815=EDGE_LOOP('',(#816,#817,#818,#819)) ;
#827=EDGE_LOOP('',(#828,#829,#830,#831)) ;
#858=EDGE_LOOP('',(#859,#860,#861,#862)) ;
#875=EDGE_LOOP('',(#876,#877,#878,#879)) ;
#906=EDGE_LOOP('',(#907,#908,#909,#910)) ;
#923=EDGE_LOOP('',(#924,#925,#926,#927)) ;
#954=EDGE_LOOP('',(#955,#956,#957,#958)) ;
#971=EDGE_LOOP('',(#972,#973,#974,#975)) ;
#1002=EDGE_LOOP('',(#1003,#1004,#1005,#1006)) ;
#1019=EDGE_LOOP('',(#1020,#1021,#1022,#1023)) ;
#1050=EDGE_LOOP('',(#1051,#1052,#1053,#1054)) ;
#1067=EDGE_LOOP('',(#1068,#1069,#1070,#1071)) ;
#1098=EDGE_LOOP('',(#1099,#1100,#1101,#1102)) ;
#1115=EDGE_LOOP('',(#1116,#1117,#1118,#1119)) ;
#1155=EDGE_LOOP('',(#1156,#1157,#1158,#1159)) ;
#1177=EDGE_LOOP('',(#1178,#1179,#1180,#1181)) ;
#1208=EDGE_LOOP('',(#1209,#1210,#1211,#1212)) ;
#1220=EDGE_LOOP('',(#1221,#1222,#1223,#1224)) ;
#1267=EDGE_LOOP('',(#1268,#1269,#1270,#1271,#1272)) ;
#1274=EDGE_LOOP('',(#1275,#1276)) ;
#1312=EDGE_LOOP('',(#1313,#1314,#1315,#1316)) ;
#1334=EDGE_LOOP('',(#1335,#1336,#1337,#1338)) ;
#1360=EDGE_LOOP('',(#1361,#1362,#1363,#1364)) ;
#1372=EDGE_LOOP('',(#1373,#1374,#1375,#1376)) ;
#1433=EDGE_LOOP('',(#1434,#1435,#1436,#1437,#1438,#1439,#1440)) ;
#1442=EDGE_LOOP('',(#1443,#1444)) ;
#1471=EDGE_LOOP('',(#1472,#1473,#1474,#1475)) ;
#1488=EDGE_LOOP('',(#1489,#1490,#1491,#1492)) ;
#1542=EDGE_LOOP('',(#1543,#1544,#1545,#1546,#1547,#1548)) ;
#1550=EDGE_LOOP('',(#1551,#1552)) ;
#1579=EDGE_LOOP('',(#1580,#1581,#1582,#1583)) ;
#1596=EDGE_LOOP('',(#1597,#1598,#1599,#1600)) ;
#1657=EDGE_LOOP('',(#1658,#1659,#1660,#1661,#1662,#1663,#1664)) ;
#1666=EDGE_LOOP('',(#1667,#1668)) ;
#1693=EDGE_LOOP('',(#1694,#1695,#1696,#1697)) ;
#1710=EDGE_LOOP('',(#1711,#1712,#1713,#1714)) ;
#1734=EDGE_LOOP('',(#1735,#1736,#1737,#1738)) ;
#1758=EDGE_LOOP('',(#1759,#1760,#1761,#1762)) ;
#1782=EDGE_LOOP('',(#1783,#1784,#1785,#1786)) ;
#1806=EDGE_LOOP('',(#1807,#1808,#1809,#1810)) ;
#1830=EDGE_LOOP('',(#1831,#1832,#1833,#1834)) ;
#1861=EDGE_LOOP('',(#1862,#1863,#1864,#1865)) ;
#1892=EDGE_LOOP('',(#1893,#1894,#1895,#1896)) ;
#1921=EDGE_LOOP('',(#1922,#1923,#1924,#1925)) ;
#1945=EDGE_LOOP('',(#1946,#1947,#1948,#1949)) ;
#1969=EDGE_LOOP('',(#1970,#1971,#1972,#1973)) ;
#1993=EDGE_LOOP('',(#1994,#1995,#1996,#1997)) ;
#2017=EDGE_LOOP('',(#2018,#2019,#2020,#2021)) ;
#2039=EDGE_LOOP('',(#2040,#2041,#2042,#2043)) ;
#2056=EDGE_LOOP('',(#2057,#2058,#2059,#2060)) ;
#2080=EDGE_LOOP('',(#2081,#2082,#2083,#2084)) ;
#2097=EDGE_LOOP('',(#2098,#2099,#2100,#2101)) ;
#2114=EDGE_LOOP('',(#2115,#2116,#2117,#2118)) ;
#2131=EDGE_LOOP('',(#2132,#2133,#2134,#2135)) ;
#2143=EDGE_LOOP('',(#2144,#2145,#2146,#2147)) ;
#2167=EDGE_LOOP('',(#2168,#2169,#2170,#2171)) ;
#2191=EDGE_LOOP('',(#2192,#2193,#2194,#2195)) ;
#2222=EDGE_LOOP('',(#2223,#2224,#2225,#2226)) ;
#2234=EDGE_LOOP('',(#2235,#2236,#2237,#2238)) ;
#2258=EDGE_LOOP('',(#2259,#2260,#2261,#2262)) ;
#2286=EDGE_LOOP('',(#2287,#2288,#2289,#2290,#2291)) ;
#2318=EDGE_LOOP('',(#2319,#2320,#2321,#2322)) ;
#2339=EDGE_LOOP('',(#2340,#2341,#2342,#2343,#2344)) ;
#2688=EDGE_LOOP('',(#2689,#2690,#2691)) ;
#2704=EDGE_LOOP('',(#2705,#2706,#2707,#2708)) ;
#2721=EDGE_LOOP('',(#2722,#2723,#2724,#2725)) ;
#2745=EDGE_LOOP('',(#2746,#2747,#2748,#2749)) ;
#2769=EDGE_LOOP('',(#2770,#2771,#2772,#2773)) ;
#2800=EDGE_LOOP('',(#2801,#2802,#2803,#2804)) ;
#2831=EDGE_LOOP('',(#2832,#2833,#2834,#2835)) ;
#2862=EDGE_LOOP('',(#2863,#2864,#2865,#2866)) ;
#2893=EDGE_LOOP('',(#2894,#2895,#2896,#2897)) ;
#2922=EDGE_LOOP('',(#2923,#2924,#2925,#2926)) ;
#2944=EDGE_LOOP('',(#2945,#2946,#2947,#2948)) ;
#2961=EDGE_LOOP('',(#2962,#2963,#2964,#2965)) ;
#2973=EDGE_LOOP('',(#2974,#2975,#2976,#2977)) ;
#2990=EDGE_LOOP('',(#2991,#2992,#2993,#2994)) ;
#2997=EDGE_LOOP('',(#2998,#2999,#3000,#3001,#3002,#3003)) ;
#3023=EDGE_LOOP('',(#3024,#3025,#3026,#3027)) ;
#3047=EDGE_LOOP('',(#3048,#3049,#3050,#3051)) ;
#3071=EDGE_LOOP('',(#3072,#3073,#3074,#3075)) ;
#3163=EDGE_LOOP('',(#3164,#3165,#3166)) ;
#3271=EDGE_LOOP('',(#3272,#3273,#3274,#3275)) ;
#3288=EDGE_LOOP('',(#3289,#3290,#3291,#3292,#3293)) ;
#3306=EDGE_LOOP('',(#3307,#3308,#3309,#3310)) ;
#3398=EDGE_LOOP('',(#3399,#3400,#3401)) ;
#3476=EDGE_LOOP('',(#3477,#3478,#3479,#3480)) ;
#3500=EDGE_LOOP('',(#3501,#3502,#3503,#3504,#3505)) ;
#3513=EDGE_LOOP('',(#3514,#3515,#3516,#3517)) ;
#3537=EDGE_LOOP('',(#3538,#3539,#3540,#3541)) ;
#3561=EDGE_LOOP('',(#3562,#3563,#3564,#3565)) ;
#3578=EDGE_LOOP('',(#3579,#3580,#3581,#3582)) ;
#3609=EDGE_LOOP('',(#3610,#3611,#3612,#3613)) ;
#3626=EDGE_LOOP('',(#3627,#3628,#3629,#3630)) ;
#3643=EDGE_LOOP('',(#3644,#3645,#3646,#3647)) ;
#3667=EDGE_LOOP('',(#3668,#3669,#3670,#3671)) ;
#3691=EDGE_LOOP('',(#3692,#3693,#3694,#3695)) ;
#3708=EDGE_LOOP('',(#3709,#3710,#3711,#3712)) ;
#3811=EDGE_LOOP('',(#3812,#3813,#3814,#3815,#3816,#3817,#3818,#3819,#3820,#3821,#3822,#3823,#3824)) ;
#3854=EDGE_LOOP('',(#3855,#3856,#3857,#3858)) ;
#3890=EDGE_LOOP('',(#3891,#3892,#3893,#3894)) ;
#3915=EDGE_LOOP('',(#3916,#3917,#3918,#3919)) ;
#3941=EDGE_LOOP('',(#3942,#3943,#3944,#3945)) ;
#3966=EDGE_LOOP('',(#3967,#3968,#3969,#3970)) ;
#3992=EDGE_LOOP('',(#3993,#3994,#3995,#3996)) ;
#4031=EDGE_LOOP('',(#4032,#4033,#4034,#4035)) ;
#4056=EDGE_LOOP('',(#4057,#4058,#4059,#4060)) ;
#4081=EDGE_LOOP('',(#4082,#4083,#4084,#4085)) ;
#4120=EDGE_LOOP('',(#4121,#4122,#4123,#4124)) ;
#4145=EDGE_LOOP('',(#4146,#4147,#4148,#4149)) ;
#4170=EDGE_LOOP('',(#4171,#4172,#4173,#4174)) ;
#4187=EDGE_LOOP('',(#4188,#4189,#4190,#4191)) ;
#4230=EDGE_LOOP('',(#4231,#4232,#4233,#4234)) ;
#4263=EDGE_LOOP('',(#4264,#4265,#4266,#4267)) ;
#4295=EDGE_LOOP('',(#4296,#4297,#4298,#4299)) ;
#4328=EDGE_LOOP('',(#4329,#4330,#4331,#4332)) ;
#4360=EDGE_LOOP('',(#4361,#4362,#4363,#4364)) ;
#4393=EDGE_LOOP('',(#4394,#4395,#4396,#4397)) ;
#4426=EDGE_LOOP('',(#4427,#4428,#4429,#4430)) ;
#4458=EDGE_LOOP('',(#4459,#4460,#4461,#4462)) ;
#4491=EDGE_LOOP('',(#4492,#4493,#4494,#4495)) ;
#4524=EDGE_LOOP('',(#4525,#4526,#4527,#4528)) ;
#4556=EDGE_LOOP('',(#4557,#4558,#4559,#4560)) ;
#4589=EDGE_LOOP('',(#4590,#4591,#4592,#4593)) ;
#4611=EDGE_LOOP('',(#4612,#4613,#4614,#4615)) ;
#4618=EDGE_LOOP('',(#4619,#4620,#4621,#4622,#4623,#4624,#4625,#4626,#4627,#4628,#4629,#4630,#4631)) ;
#4710=EDGE_LOOP('',(#4711,#4712,#4713,#4714,#4715,#4716,#4717,#4718,#4719,#4720,#4721)) ;
#4752=EDGE_LOOP('',(#4753,#4754,#4755,#4756)) ;
#4777=EDGE_LOOP('',(#4778,#4779,#4780,#4781)) ;
#4802=EDGE_LOOP('',(#4803,#4804,#4805,#4806)) ;
#4828=EDGE_LOOP('',(#4829,#4830,#4831,#4832)) ;
#4854=EDGE_LOOP('',(#4855,#4856,#4857,#4858)) ;
#4879=EDGE_LOOP('',(#4880,#4881,#4882,#4883)) ;
#4904=EDGE_LOOP('',(#4905,#4906,#4907,#4908)) ;
#4930=EDGE_LOOP('',(#4931,#4932,#4933,#4934)) ;
#4956=EDGE_LOOP('',(#4957,#4958,#4959,#4960)) ;
#4982=EDGE_LOOP('',(#4983,#4984,#4985,#4986)) ;
#4999=EDGE_LOOP('',(#5000,#5001,#5002,#5003)) ;
#5167=EDGE_LOOP('',(#5168,#5169,#5170,#5171,#5172,#5173,#5174,#5175,#5176,#5177,#5178,#5179,#5180,#5181,#5182,#5183,#5184,#5185,#5186,#5187,#5188,#5189,#5190)) ;
#5220=EDGE_LOOP('',(#5221,#5222,#5223,#5224)) ;
#5245=EDGE_LOOP('',(#5246,#5247,#5248,#5249)) ;
#5271=EDGE_LOOP('',(#5272,#5273,#5274,#5275)) ;
#5296=EDGE_LOOP('',(#5297,#5298,#5299,#5300)) ;
#5322=EDGE_LOOP('',(#5323,#5324,#5325,#5326)) ;
#5347=EDGE_LOOP('',(#5348,#5349,#5350,#5351)) ;
#5373=EDGE_LOOP('',(#5374,#5375,#5376,#5377)) ;
#5399=EDGE_LOOP('',(#5400,#5401,#5402,#5403)) ;
#5424=EDGE_LOOP('',(#5425,#5426,#5427,#5428)) ;
#5450=EDGE_LOOP('',(#5451,#5452,#5453,#5454)) ;
#5476=EDGE_LOOP('',(#5477,#5478,#5479,#5480)) ;
#5501=EDGE_LOOP('',(#5502,#5503,#5504,#5505)) ;
#5526=EDGE_LOOP('',(#5527,#5528,#5529,#5530)) ;
#5552=EDGE_LOOP('',(#5553,#5554,#5555,#5556)) ;
#5577=EDGE_LOOP('',(#5578,#5579,#5580,#5581)) ;
#5603=EDGE_LOOP('',(#5604,#5605,#5606,#5607)) ;
#5628=EDGE_LOOP('',(#5629,#5630,#5631,#5632)) ;
#5654=EDGE_LOOP('',(#5655,#5656,#5657,#5658)) ;
#5680=EDGE_LOOP('',(#5681,#5682,#5683,#5684)) ;
#5706=EDGE_LOOP('',(#5707,#5708,#5709,#5710)) ;
#5732=EDGE_LOOP('',(#5733,#5734,#5735,#5736)) ;
#5757=EDGE_LOOP('',(#5758,#5759,#5760,#5761)) ;
#5774=EDGE_LOOP('',(#5775,#5776,#5777,#5778)) ;
#5865=EDGE_LOOP('',(#5866,#5867,#5868,#5869,#5870,#5871,#5872,#5873,#5874,#5875,#5876,#5877)) ;
#5907=EDGE_LOOP('',(#5908,#5909,#5910,#5911)) ;
#5932=EDGE_LOOP('',(#5933,#5934,#5935,#5936)) ;
#5957=EDGE_LOOP('',(#5958,#5959,#5960,#5961)) ;
#5982=EDGE_LOOP('',(#5983,#5984,#5985,#5986)) ;
#6007=EDGE_LOOP('',(#6008,#6009,#6010,#6011)) ;
#6032=EDGE_LOOP('',(#6033,#6034,#6035,#6036)) ;
#6057=EDGE_LOOP('',(#6058,#6059,#6060,#6061)) ;
#6082=EDGE_LOOP('',(#6083,#6084,#6085,#6086)) ;
#6108=EDGE_LOOP('',(#6109,#6110,#6111,#6112)) ;
#6133=EDGE_LOOP('',(#6134,#6135,#6136,#6137)) ;
#6158=EDGE_LOOP('',(#6159,#6160,#6161,#6162)) ;
#6175=EDGE_LOOP('',(#6176,#6177,#6178,#6179)) ;
#6238=EDGE_LOOP('',(#6239,#6240,#6241,#6242,#6243,#6244,#6245,#6246)) ;
#6276=EDGE_LOOP('',(#6277,#6278,#6279,#6280)) ;
#6301=EDGE_LOOP('',(#6302,#6303,#6304,#6305)) ;
#6327=EDGE_LOOP('',(#6328,#6329,#6330,#6331)) ;
#6352=EDGE_LOOP('',(#6353,#6354,#6355,#6356)) ;
#6377=EDGE_LOOP('',(#6378,#6379,#6380,#6381)) ;
#6402=EDGE_LOOP('',(#6403,#6404,#6405,#6406)) ;
#6427=EDGE_LOOP('',(#6428,#6429,#6430,#6431)) ;
#6444=EDGE_LOOP('',(#6445,#6446,#6447,#6448)) ;
#6475=EDGE_LOOP('',(#6476,#6477,#6478,#6479)) ;
#6499=EDGE_LOOP('',(#6500,#6501,#6502,#6503)) ;
#6523=EDGE_LOOP('',(#6524,#6525,#6526,#6527)) ;
#6547=EDGE_LOOP('',(#6548,#6549,#6550,#6551)) ;
#6571=EDGE_LOOP('',(#6572,#6573,#6574,#6575)) ;
#6595=EDGE_LOOP('',(#6596,#6597,#6598,#6599)) ;
#6619=EDGE_LOOP('',(#6620,#6621,#6622,#6623)) ;
#6643=EDGE_LOOP('',(#6644,#6645,#6646,#6647)) ;
#6667=EDGE_LOOP('',(#6668,#6669,#6670,#6671)) ;
#6691=EDGE_LOOP('',(#6692,#6693,#6694,#6695)) ;
#6715=EDGE_LOOP('',(#6716,#6717,#6718,#6719)) ;
#6739=EDGE_LOOP('',(#6740,#6741,#6742,#6743)) ;
#6756=EDGE_LOOP('',(#6757,#6758,#6759,#6760)) ;
#6791=EDGE_LOOP('',(#6792,#6793,#6794,#6795)) ;
#6816=EDGE_LOOP('',(#6817,#6818,#6819,#6820)) ;
#6841=EDGE_LOOP('',(#6842,#6843,#6844,#6845)) ;
#6867=EDGE_LOOP('',(#6868,#6869,#6870,#6871)) ;
#6892=EDGE_LOOP('',(#6893,#6894,#6895,#6896)) ;
#6918=EDGE_LOOP('',(#6919,#6920,#6921,#6922)) ;
#6944=EDGE_LOOP('',(#6945,#6946,#6947,#6948)) ;
#6969=EDGE_LOOP('',(#6970,#6971,#6972,#6973)) ;
#6995=EDGE_LOOP('',(#6996,#6997,#6998,#6999)) ;
#7021=EDGE_LOOP('',(#7022,#7023,#7024,#7025)) ;
#7046=EDGE_LOOP('',(#7047,#7048,#7049,#7050)) ;
#7072=EDGE_LOOP('',(#7073,#7074,#7075,#7076)) ;
#7089=EDGE_LOOP('',(#7090,#7091,#7092,#7093)) ;
#7120=EDGE_LOOP('',(#7121,#7122,#7123,#7124)) ;
#7144=EDGE_LOOP('',(#7145,#7146,#7147,#7148)) ;
#7168=EDGE_LOOP('',(#7169,#7170,#7171,#7172)) ;
#7192=EDGE_LOOP('',(#7193,#7194,#7195,#7196)) ;
#7216=EDGE_LOOP('',(#7217,#7218,#7219,#7220)) ;
#7240=EDGE_LOOP('',(#7241,#7242,#7243,#7244)) ;
#7264=EDGE_LOOP('',(#7265,#7266,#7267,#7268)) ;
#7288=EDGE_LOOP('',(#7289,#7290,#7291,#7292)) ;
#7312=EDGE_LOOP('',(#7313,#7314,#7315,#7316)) ;
#7336=EDGE_LOOP('',(#7337,#7338,#7339,#7340)) ;
#7360=EDGE_LOOP('',(#7361,#7362,#7363,#7364)) ;
#7384=EDGE_LOOP('',(#7385,#7386,#7387,#7388)) ;
#7403=EDGE_LOOP('',(#7404,#7405,#7406,#7407)) ;
#7427=EDGE_LOOP('',(#7428,#7429,#7430,#7431)) ;
#7451=EDGE_LOOP('',(#7452,#7453,#7454,#7455)) ;
#7475=EDGE_LOOP('',(#7476,#7477,#7478,#7479)) ;
#7499=EDGE_LOOP('',(#7500,#7501,#7502,#7503)) ;
#7523=EDGE_LOOP('',(#7524,#7525,#7526,#7527)) ;
#7547=EDGE_LOOP('',(#7548,#7549,#7550,#7551)) ;
#7571=EDGE_LOOP('',(#7572,#7573,#7574,#7575)) ;
#7595=EDGE_LOOP('',(#7596,#7597,#7598,#7599)) ;
#7619=EDGE_LOOP('',(#7620,#7621,#7622,#7623)) ;
#7636=EDGE_LOOP('',(#7637,#7638,#7639,#7640)) ;
#7670=EDGE_LOOP('',(#7671,#7672,#7673,#7674)) ;
#7695=EDGE_LOOP('',(#7696,#7697,#7698,#7699)) ;
#7720=EDGE_LOOP('',(#7721,#7722,#7723,#7724)) ;
#7745=EDGE_LOOP('',(#7746,#7747,#7748,#7749)) ;
#7770=EDGE_LOOP('',(#7771,#7772,#7773,#7774)) ;
#7795=EDGE_LOOP('',(#7796,#7797,#7798,#7799)) ;
#7821=EDGE_LOOP('',(#7822,#7823,#7824,#7825)) ;
#7846=EDGE_LOOP('',(#7847,#7848,#7849,#7850)) ;
#7872=EDGE_LOOP('',(#7873,#7874,#7875,#7876)) ;
#7898=EDGE_LOOP('',(#7899,#7900,#7901,#7902)) ;
#7923=EDGE_LOOP('',(#7924,#7925,#7926,#7927)) ;
#7949=EDGE_LOOP('',(#7950,#7951,#7952,#7953)) ;
#7974=EDGE_LOOP('',(#7975,#7976,#7977,#7978)) ;
#7999=EDGE_LOOP('',(#8000,#8001,#8002,#8003)) ;
#8024=EDGE_LOOP('',(#8025,#8026,#8027,#8028)) ;
#8050=EDGE_LOOP('',(#8051,#8052,#8053,#8054)) ;
#8076=EDGE_LOOP('',(#8077,#8078,#8079,#8080)) ;
#8102=EDGE_LOOP('',(#8103,#8104,#8105,#8106)) ;
#8128=EDGE_LOOP('',(#8129,#8130,#8131,#8132)) ;
#8154=EDGE_LOOP('',(#8155,#8156,#8157,#8158)) ;
#8179=EDGE_LOOP('',(#8180,#8181,#8182,#8183)) ;
#8205=EDGE_LOOP('',(#8206,#8207,#8208,#8209)) ;
#8222=EDGE_LOOP('',(#8223,#8224,#8225,#8226)) ;
#8248=EDGE_LOOP('',(#8249,#8250,#8251,#8252)) ;
#8272=EDGE_LOOP('',(#8273,#8274,#8275,#8276)) ;
#8296=EDGE_LOOP('',(#8297,#8298,#8299,#8300)) ;
#8315=EDGE_LOOP('',(#8316,#8317,#8318,#8319)) ;
#8339=EDGE_LOOP('',(#8340,#8341,#8342,#8343)) ;
#8358=EDGE_LOOP('',(#8359,#8360,#8361,#8362)) ;
#8382=EDGE_LOOP('',(#8383,#8384,#8385,#8386)) ;
#8406=EDGE_LOOP('',(#8407,#8408,#8409,#8410)) ;
#8425=EDGE_LOOP('',(#8426,#8427,#8428,#8429)) ;
#8449=EDGE_LOOP('',(#8450,#8451,#8452,#8453)) ;
#8468=EDGE_LOOP('',(#8469,#8470,#8471,#8472)) ;
#8492=EDGE_LOOP('',(#8493,#8494,#8495,#8496)) ;
#8509=EDGE_LOOP('',(#8510,#8511,#8512,#8513)) ;
#8543=EDGE_LOOP('',(#8544,#8545,#8546,#8547)) ;
#8568=EDGE_LOOP('',(#8569,#8570,#8571,#8572)) ;
#8594=EDGE_LOOP('',(#8595,#8596,#8597,#8598)) ;
#8630=EDGE_LOOP('',(#8631,#8632,#8633,#8634)) ;
#8655=EDGE_LOOP('',(#8656,#8657,#8658,#8659)) ;
#8681=EDGE_LOOP('',(#8682,#8683,#8684,#8685)) ;
#8706=EDGE_LOOP('',(#8707,#8708,#8709,#8710)) ;
#8732=EDGE_LOOP('',(#8733,#8734,#8735,#8736)) ;
#8771=EDGE_LOOP('',(#8772,#8773,#8774,#8775)) ;
#8796=EDGE_LOOP('',(#8797,#8798,#8799,#8800)) ;
#8821=EDGE_LOOP('',(#8822,#8823,#8824,#8825)) ;
#8860=EDGE_LOOP('',(#8861,#8862,#8863,#8864)) ;
#8877=EDGE_LOOP('',(#8878,#8879,#8880,#8881)) ;
#8903=EDGE_LOOP('',(#8904,#8905,#8906,#8907)) ;
#8927=EDGE_LOOP('',(#8928,#8929,#8930,#8931)) ;
#8951=EDGE_LOOP('',(#8952,#8953,#8954,#8955)) ;
#8970=EDGE_LOOP('',(#8971,#8972,#8973,#8974)) ;
#8994=EDGE_LOOP('',(#8995,#8996,#8997,#8998)) ;
#9018=EDGE_LOOP('',(#9019,#9020,#9021,#9022)) ;
#9042=EDGE_LOOP('',(#9043,#9044,#9045,#9046)) ;
#9066=EDGE_LOOP('',(#9067,#9068,#9069,#9070)) ;
#9090=EDGE_LOOP('',(#9091,#9092,#9093,#9094)) ;
#9114=EDGE_LOOP('',(#9115,#9116,#9117,#9118)) ;
#9138=EDGE_LOOP('',(#9139,#9140,#9141,#9142)) ;
#9155=EDGE_LOOP('',(#9156,#9157,#9158,#9159)) ;
#9189=EDGE_LOOP('',(#9190,#9191,#9192,#9193)) ;
#9214=EDGE_LOOP('',(#9215,#9216,#9217,#9218)) ;
#9240=EDGE_LOOP('',(#9241,#9242,#9243,#9244)) ;
#9265=EDGE_LOOP('',(#9266,#9267,#9268,#9269)) ;
#9290=EDGE_LOOP('',(#9291,#9292,#9293,#9294)) ;
#9316=EDGE_LOOP('',(#9317,#9318,#9319,#9320)) ;
#9342=EDGE_LOOP('',(#9343,#9344,#9345,#9346)) ;
#9367=EDGE_LOOP('',(#9368,#9369,#9370,#9371)) ;
#9392=EDGE_LOOP('',(#9393,#9394,#9395,#9396)) ;
#9418=EDGE_LOOP('',(#9419,#9420,#9421,#9422)) ;
#9444=EDGE_LOOP('',(#9445,#9446,#9447,#9448)) ;
#9461=EDGE_LOOP('',(#9462,#9463,#9464,#9465)) ;
#9487=EDGE_LOOP('',(#9488,#9489,#9490,#9491)) ;
#9511=EDGE_LOOP('',(#9512,#9513,#9514,#9515)) ;
#9535=EDGE_LOOP('',(#9536,#9537,#9538,#9539)) ;
#9554=EDGE_LOOP('',(#9555,#9556,#9557,#9558)) ;
#9573=EDGE_LOOP('',(#9574,#9575,#9576,#9577)) ;
#9597=EDGE_LOOP('',(#9598,#9599,#9600,#9601)) ;
#9616=EDGE_LOOP('',(#9617,#9618,#9619,#9620)) ;
#9633=EDGE_LOOP('',(#9634,#9635,#9636,#9637)) ;
#9645=EDGE_LOOP('',(#9646,#9647,#9648,#9649,#9650,#9651,#9652,#9653,#9654,#9655,#9656,#9657,#9658,#9659,#9660)) ;
#9718=EDGE_LOOP('',(#9719,#9720,#9721,#9722,#9723,#9724,#9725,#9726)) ;
#9728=EDGE_LOOP('',(#9729,#9730,#9731,#9732,#9733,#9734,#9735,#9736,#9737,#9738,#9739,#9740)) ;
#9742=EDGE_LOOP('',(#9743,#9744,#9745,#9746,#9747,#9748,#9749,#9750,#9751,#9752,#9753,#9754,#9755)) ;
#9757=EDGE_LOOP('',(#9758,#9759,#9760,#9761,#9762,#9763,#9764,#9765,#9766,#9767,#9768,#9769,#9770,#9771,#9772,#9773,#9774,#9775,#9776,#9777,#9778,#9779,#9780)) ;
#9782=EDGE_LOOP('',(#9783,#9784,#9785,#9786,#9787,#9788,#9789,#9790,#9791,#9792,#9793,#9794,#9795)) ;
#9797=EDGE_LOOP('',(#9798,#9799)) ;
#9801=EDGE_LOOP('',(#9802,#9803)) ;
#9805=EDGE_LOOP('',(#9806,#9807)) ;
#9809=EDGE_LOOP('',(#9810,#9811)) ;
#9813=EDGE_LOOP('',(#9814,#9815)) ;
#9817=EDGE_LOOP('',(#9818,#9819)) ;
#9840=EDGE_LOOP('',(#9841,#9842,#9843,#9844)) ;
#9859=EDGE_LOOP('',(#9860,#9861,#9862,#9863)) ;
#9878=EDGE_LOOP('',(#9879,#9880,#9881,#9882)) ;
#9896=EDGE_LOOP('',(#9897,#9898,#9899,#9900)) ;
#9915=EDGE_LOOP('',(#9916,#9917,#9918,#9919)) ;
#9933=EDGE_LOOP('',(#9934,#9935,#9936,#9937)) ;
#9951=EDGE_LOOP('',(#9952,#9953,#9954,#9955)) ;
#9963=EDGE_LOOP('',(#9964,#9965,#9966,#9967)) ;
#10047=EDGE_LOOP('',(#10048,#10049,#10050,#10051,#10052,#10053,#10054,#10055,#10056,#10057,#10058)) ;
#10085=EDGE_LOOP('',(#10086,#10087,#10088,#10089)) ;
#10104=EDGE_LOOP('',(#10105,#10106,#10107,#10108)) ;
#10128=EDGE_LOOP('',(#10129,#10130,#10131,#10132)) ;
#10152=EDGE_LOOP('',(#10153,#10154,#10155,#10156)) ;
#10176=EDGE_LOOP('',(#10177,#10178,#10179,#10180)) ;
#10200=EDGE_LOOP('',(#10201,#10202,#10203,#10204)) ;
#10224=EDGE_LOOP('',(#10225,#10226,#10227,#10228)) ;
#10248=EDGE_LOOP('',(#10249,#10250,#10251,#10252)) ;
#10272=EDGE_LOOP('',(#10273,#10274,#10275,#10276)) ;
#10296=EDGE_LOOP('',(#10297,#10298,#10299,#10300)) ;
#10313=EDGE_LOOP('',(#10314,#10315,#10316,#10317)) ;
#10337=EDGE_LOOP('',(#10338,#10339,#10340,#10341)) ;
#10355=EDGE_LOOP('',(#10356,#10357,#10358,#10359)) ;
#10373=EDGE_LOOP('',(#10374,#10375,#10376,#10377)) ;
#10392=EDGE_LOOP('',(#10393,#10394,#10395,#10396)) ;
#10410=EDGE_LOOP('',(#10411,#10412,#10413,#10414)) ;
#10429=EDGE_LOOP('',(#10430,#10431,#10432,#10433)) ;
#10448=EDGE_LOOP('',(#10449,#10450,#10451,#10452)) ;
#10467=EDGE_LOOP('',(#10468,#10469,#10470,#10471)) ;
#10486=EDGE_LOOP('',(#10487,#10488,#10489,#10490)) ;
#10504=EDGE_LOOP('',(#10505,#10506,#10507,#10508)) ;
#10516=EDGE_LOOP('',(#10517,#10518,#10519,#10520)) ;
#10560=EDGE_LOOP('',(#10561,#10562,#10563,#10564)) ;
#10582=EDGE_LOOP('',(#10583,#10584,#10585,#10586)) ;
#10699=EDGE_LOOP('',(#10700,#10701,#10702,#10703,#10704,#10705,#10706,#10707,#10708,#10709,#10710,#10711,#10712,#10713,#10714)) ;
#10716=EDGE_LOOP('',(#10717,#10718)) ;
#10734=EDGE_LOOP('',(#10735,#10736)) ;
#10752=EDGE_LOOP('',(#10753,#10754)) ;
#10770=EDGE_LOOP('',(#10771,#10772)) ;
#10788=EDGE_LOOP('',(#10789,#10790)) ;
#10806=EDGE_LOOP('',(#10807,#10808)) ;
#10835=EDGE_LOOP('',(#10836,#10837,#10838,#10839)) ;
#10847=EDGE_LOOP('',(#10848,#10849,#10850,#10851)) ;
#10878=EDGE_LOOP('',(#10879,#10880,#10881,#10882)) ;
#10895=EDGE_LOOP('',(#10896,#10897,#10898,#10899)) ;
#10926=EDGE_LOOP('',(#10927,#10928,#10929,#10930)) ;
#10938=EDGE_LOOP('',(#10939,#10940,#10941,#10942)) ;
#10969=EDGE_LOOP('',(#10970,#10971,#10972,#10973)) ;
#10986=EDGE_LOOP('',(#10987,#10988,#10989,#10990)) ;
#11017=EDGE_LOOP('',(#11018,#11019,#11020,#11021)) ;
#11029=EDGE_LOOP('',(#11030,#11031,#11032,#11033)) ;
#11060=EDGE_LOOP('',(#11061,#11062,#11063,#11064)) ;
#11077=EDGE_LOOP('',(#11078,#11079,#11080,#11081)) ;
#11108=EDGE_LOOP('',(#11109,#11110,#11111,#11112)) ;
#11120=EDGE_LOOP('',(#11121,#11122,#11123,#11124)) ;
#11151=EDGE_LOOP('',(#11152,#11153,#11154,#11155)) ;
#11168=EDGE_LOOP('',(#11169,#11170,#11171,#11172)) ;
#11199=EDGE_LOOP('',(#11200,#11201,#11202,#11203)) ;
#11211=EDGE_LOOP('',(#11212,#11213,#11214,#11215)) ;
#11242=EDGE_LOOP('',(#11243,#11244,#11245,#11246)) ;
#11259=EDGE_LOOP('',(#11260,#11261,#11262,#11263)) ;
#11290=EDGE_LOOP('',(#11291,#11292,#11293,#11294)) ;
#11302=EDGE_LOOP('',(#11303,#11304,#11305,#11306)) ;
#11333=EDGE_LOOP('',(#11334,#11335,#11336,#11337)) ;
#11350=EDGE_LOOP('',(#11351,#11352,#11353,#11354)) ;
#11381=EDGE_LOOP('',(#11382,#11383,#11384,#11385)) ;
#11398=EDGE_LOOP('',(#11399,#11400,#11401,#11402)) ;
#11429=EDGE_LOOP('',(#11430,#11431,#11432,#11433)) ;
#11446=EDGE_LOOP('',(#11447,#11448,#11449,#11450)) ;
#11477=EDGE_LOOP('',(#11478,#11479,#11480,#11481)) ;
#11494=EDGE_LOOP('',(#11495,#11496,#11497,#11498)) ;
#11525=EDGE_LOOP('',(#11526,#11527,#11528,#11529)) ;
#11542=EDGE_LOOP('',(#11543,#11544,#11545,#11546)) ;
#11573=EDGE_LOOP('',(#11574,#11575,#11576,#11577)) ;
#11590=EDGE_LOOP('',(#11591,#11592,#11593,#11594)) ;
#11630=EDGE_LOOP('',(#11631,#11632,#11633,#11634)) ;
#11652=EDGE_LOOP('',(#11653,#11654,#11655,#11656)) ;
#11683=EDGE_LOOP('',(#11684,#11685,#11686,#11687)) ;
#11695=EDGE_LOOP('',(#11696,#11697,#11698,#11699)) ;
#11742=EDGE_LOOP('',(#11743,#11744,#11745,#11746,#11747)) ;
#11749=EDGE_LOOP('',(#11750,#11751)) ;
#11787=EDGE_LOOP('',(#11788,#11789,#11790,#11791)) ;
#11809=EDGE_LOOP('',(#11810,#11811,#11812,#11813)) ;
#11835=EDGE_LOOP('',(#11836,#11837,#11838,#11839)) ;
#11847=EDGE_LOOP('',(#11848,#11849,#11850,#11851)) ;
#11908=EDGE_LOOP('',(#11909,#11910,#11911,#11912,#11913,#11914,#11915)) ;
#11917=EDGE_LOOP('',(#11918,#11919)) ;
#11946=EDGE_LOOP('',(#11947,#11948,#11949,#11950)) ;
#11963=EDGE_LOOP('',(#11964,#11965,#11966,#11967)) ;
#12017=EDGE_LOOP('',(#12018,#12019,#12020,#12021,#12022,#12023)) ;
#12025=EDGE_LOOP('',(#12026,#12027)) ;
#12054=EDGE_LOOP('',(#12055,#12056,#12057,#12058)) ;
#12071=EDGE_LOOP('',(#12072,#12073,#12074,#12075)) ;
#12132=EDGE_LOOP('',(#12133,#12134,#12135,#12136,#12137,#12138,#12139)) ;
#12141=EDGE_LOOP('',(#12142,#12143)) ;
#12168=EDGE_LOOP('',(#12169,#12170,#12171,#12172)) ;
#12185=EDGE_LOOP('',(#12186,#12187,#12188,#12189)) ;
#12209=EDGE_LOOP('',(#12210,#12211,#12212,#12213)) ;
#12233=EDGE_LOOP('',(#12234,#12235,#12236,#12237)) ;
#12257=EDGE_LOOP('',(#12258,#12259,#12260,#12261)) ;
#12281=EDGE_LOOP('',(#12282,#12283,#12284,#12285)) ;
#12305=EDGE_LOOP('',(#12306,#12307,#12308,#12309)) ;
#12336=EDGE_LOOP('',(#12337,#12338,#12339,#12340)) ;
#12367=EDGE_LOOP('',(#12368,#12369,#12370,#12371)) ;
#12396=EDGE_LOOP('',(#12397,#12398,#12399,#12400)) ;
#12420=EDGE_LOOP('',(#12421,#12422,#12423,#12424)) ;
#12444=EDGE_LOOP('',(#12445,#12446,#12447,#12448)) ;
#12468=EDGE_LOOP('',(#12469,#12470,#12471,#12472)) ;
#12492=EDGE_LOOP('',(#12493,#12494,#12495,#12496)) ;
#12514=EDGE_LOOP('',(#12515,#12516,#12517,#12518)) ;
#12531=EDGE_LOOP('',(#12532,#12533,#12534,#12535)) ;
#12555=EDGE_LOOP('',(#12556,#12557,#12558,#12559)) ;
#12572=EDGE_LOOP('',(#12573,#12574,#12575,#12576)) ;
#12589=EDGE_LOOP('',(#12590,#12591,#12592,#12593)) ;
#12606=EDGE_LOOP('',(#12607,#12608,#12609,#12610)) ;
#12618=EDGE_LOOP('',(#12619,#12620,#12621,#12622)) ;
#12642=EDGE_LOOP('',(#12643,#12644,#12645,#12646)) ;
#12666=EDGE_LOOP('',(#12667,#12668,#12669,#12670)) ;
#12697=EDGE_LOOP('',(#12698,#12699,#12700,#12701)) ;
#12709=EDGE_LOOP('',(#12710,#12711,#12712,#12713)) ;
#12733=EDGE_LOOP('',(#12734,#12735,#12736,#12737)) ;
#12761=EDGE_LOOP('',(#12762,#12763,#12764,#12765,#12766)) ;
#12793=EDGE_LOOP('',(#12794,#12795,#12796,#12797)) ;
#12814=EDGE_LOOP('',(#12815,#12816,#12817,#12818,#12819)) ;
#13163=EDGE_LOOP('',(#13164,#13165,#13166)) ;
#13179=EDGE_LOOP('',(#13180,#13181,#13182,#13183)) ;
#13196=EDGE_LOOP('',(#13197,#13198,#13199,#13200)) ;
#13220=EDGE_LOOP('',(#13221,#13222,#13223,#13224)) ;
#13244=EDGE_LOOP('',(#13245,#13246,#13247,#13248)) ;
#13275=EDGE_LOOP('',(#13276,#13277,#13278,#13279)) ;
#13306=EDGE_LOOP('',(#13307,#13308,#13309,#13310)) ;
#13337=EDGE_LOOP('',(#13338,#13339,#13340,#13341)) ;
#13368=EDGE_LOOP('',(#13369,#13370,#13371,#13372)) ;
#13397=EDGE_LOOP('',(#13398,#13399,#13400,#13401)) ;
#13419=EDGE_LOOP('',(#13420,#13421,#13422,#13423)) ;
#13436=EDGE_LOOP('',(#13437,#13438,#13439,#13440)) ;
#13448=EDGE_LOOP('',(#13449,#13450,#13451,#13452)) ;
#13465=EDGE_LOOP('',(#13466,#13467,#13468,#13469)) ;
#13472=EDGE_LOOP('',(#13473,#13474,#13475,#13476,#13477,#13478)) ;
#13498=EDGE_LOOP('',(#13499,#13500,#13501,#13502)) ;
#13522=EDGE_LOOP('',(#13523,#13524,#13525,#13526)) ;
#13546=EDGE_LOOP('',(#13547,#13548,#13549,#13550)) ;
#13638=EDGE_LOOP('',(#13639,#13640,#13641)) ;
#13746=EDGE_LOOP('',(#13747,#13748,#13749,#13750)) ;
#13763=EDGE_LOOP('',(#13764,#13765,#13766,#13767,#13768)) ;
#13781=EDGE_LOOP('',(#13782,#13783,#13784,#13785)) ;
#13873=EDGE_LOOP('',(#13874,#13875,#13876)) ;
#13951=EDGE_LOOP('',(#13952,#13953,#13954,#13955)) ;
#13975=EDGE_LOOP('',(#13976,#13977,#13978,#13979,#13980)) ;
#13988=EDGE_LOOP('',(#13989,#13990,#13991,#13992)) ;
#14012=EDGE_LOOP('',(#14013,#14014,#14015,#14016)) ;
#14036=EDGE_LOOP('',(#14037,#14038,#14039,#14040)) ;
#14053=EDGE_LOOP('',(#14054,#14055,#14056,#14057)) ;
#14084=EDGE_LOOP('',(#14085,#14086,#14087,#14088)) ;
#14101=EDGE_LOOP('',(#14102,#14103,#14104,#14105)) ;
#14118=EDGE_LOOP('',(#14119,#14120,#14121,#14122)) ;
#14142=EDGE_LOOP('',(#14143,#14144,#14145,#14146)) ;
#14166=EDGE_LOOP('',(#14167,#14168,#14169,#14170)) ;
#14183=EDGE_LOOP('',(#14184,#14185,#14186,#14187)) ;
#14195=EDGE_LOOP('',(#14196,#14197,#14198,#14199,#14200,#14201,#14202,#14203,#14204,#14205,#14206,#14207,#14208,#14209,#14210)) ;
#14212=EDGE_LOOP('',(#14213,#14214)) ;
#14216=EDGE_LOOP('',(#14217,#14218)) ;
#14220=EDGE_LOOP('',(#14221,#14222)) ;
#14224=EDGE_LOOP('',(#14225,#14226)) ;
#14228=EDGE_LOOP('',(#14229,#14230)) ;
#14232=EDGE_LOOP('',(#14233,#14234)) ;
#14272=EDGE_LOOP('',(#14273,#14274,#14275,#14276)) ;
#14289=EDGE_LOOP('',(#14290,#14291,#14292,#14293)) ;
#14315=EDGE_LOOP('',(#14316,#14317)) ;
#14357=EDGE_LOOP('',(#14358,#14359)) ;
#14361=EDGE_LOOP('',(#14362,#14363)) ;
#14390=EDGE_LOOP('',(#14391,#14392,#14393,#14394)) ;
#14407=EDGE_LOOP('',(#14408,#14409,#14410,#14411)) ;
#14429=EDGE_LOOP('',(#14430,#14431,#14432,#14433)) ;
#14441=EDGE_LOOP('',(#14442,#14443,#14444,#14445)) ;
#14467=EDGE_LOOP('',(#14468,#14469)) ;
#14509=EDGE_LOOP('',(#14510,#14511)) ;
#14513=EDGE_LOOP('',(#14514,#14515)) ;
#14542=EDGE_LOOP('',(#14543,#14544,#14545,#14546)) ;
#14559=EDGE_LOOP('',(#14560,#14561,#14562,#14563)) ;
#14581=EDGE_LOOP('',(#14582,#14583,#14584,#14585)) ;
#14593=EDGE_LOOP('',(#14594,#14595,#14596,#14597)) ;
#90=FACE_OUTER_BOUND('',#85,.T.) ;
#112=FACE_OUTER_BOUND('',#107,.T.) ;
#240=FACE_OUTER_BOUND('',#224,.T.) ;
#365=FACE_OUTER_BOUND('',#360,.T.) ;
#377=FACE_OUTER_BOUND('',#372,.T.) ;
#408=FACE_OUTER_BOUND('',#403,.T.) ;
#425=FACE_OUTER_BOUND('',#420,.T.) ;
#456=FACE_OUTER_BOUND('',#451,.T.) ;
#468=FACE_OUTER_BOUND('',#463,.T.) ;
#499=FACE_OUTER_BOUND('',#494,.T.) ;
#516=FACE_OUTER_BOUND('',#511,.T.) ;
#547=FACE_OUTER_BOUND('',#542,.T.) ;
#559=FACE_OUTER_BOUND('',#554,.T.) ;
#590=FACE_OUTER_BOUND('',#585,.T.) ;
#607=FACE_OUTER_BOUND('',#602,.T.) ;
#638=FACE_OUTER_BOUND('',#633,.T.) ;
#650=FACE_OUTER_BOUND('',#645,.T.) ;
#681=FACE_OUTER_BOUND('',#676,.T.) ;
#698=FACE_OUTER_BOUND('',#693,.T.) ;
#729=FACE_OUTER_BOUND('',#724,.T.) ;
#741=FACE_OUTER_BOUND('',#736,.T.) ;
#772=FACE_OUTER_BOUND('',#767,.T.) ;
#789=FACE_OUTER_BOUND('',#784,.T.) ;
#820=FACE_OUTER_BOUND('',#815,.T.) ;
#832=FACE_OUTER_BOUND('',#827,.T.) ;
#863=FACE_OUTER_BOUND('',#858,.T.) ;
#880=FACE_OUTER_BOUND('',#875,.T.) ;
#911=FACE_OUTER_BOUND('',#906,.T.) ;
#928=FACE_OUTER_BOUND('',#923,.T.) ;
#959=FACE_OUTER_BOUND('',#954,.T.) ;
#976=FACE_OUTER_BOUND('',#971,.T.) ;
#1007=FACE_OUTER_BOUND('',#1002,.T.) ;
#1024=FACE_OUTER_BOUND('',#1019,.T.) ;
#1055=FACE_OUTER_BOUND('',#1050,.T.) ;
#1072=FACE_OUTER_BOUND('',#1067,.T.) ;
#1103=FACE_OUTER_BOUND('',#1098,.T.) ;
#1120=FACE_OUTER_BOUND('',#1115,.T.) ;
#1160=FACE_OUTER_BOUND('',#1155,.T.) ;
#1182=FACE_OUTER_BOUND('',#1177,.T.) ;
#1213=FACE_OUTER_BOUND('',#1208,.T.) ;
#1225=FACE_OUTER_BOUND('',#1220,.T.) ;
#1273=FACE_OUTER_BOUND('',#1267,.T.) ;
#1317=FACE_OUTER_BOUND('',#1312,.T.) ;
#1339=FACE_OUTER_BOUND('',#1334,.T.) ;
#1365=FACE_OUTER_BOUND('',#1360,.T.) ;
#1377=FACE_OUTER_BOUND('',#1372,.T.) ;
#1441=FACE_OUTER_BOUND('',#1433,.T.) ;
#1476=FACE_OUTER_BOUND('',#1471,.T.) ;
#1493=FACE_OUTER_BOUND('',#1488,.T.) ;
#1549=FACE_OUTER_BOUND('',#1542,.T.) ;
#1584=FACE_OUTER_BOUND('',#1579,.T.) ;
#1601=FACE_OUTER_BOUND('',#1596,.T.) ;
#1665=FACE_OUTER_BOUND('',#1657,.T.) ;
#1698=FACE_OUTER_BOUND('',#1693,.T.) ;
#1715=FACE_OUTER_BOUND('',#1710,.T.) ;
#1739=FACE_OUTER_BOUND('',#1734,.T.) ;
#1763=FACE_OUTER_BOUND('',#1758,.T.) ;
#1787=FACE_OUTER_BOUND('',#1782,.T.) ;
#1811=FACE_OUTER_BOUND('',#1806,.T.) ;
#1835=FACE_OUTER_BOUND('',#1830,.T.) ;
#1866=FACE_OUTER_BOUND('',#1861,.T.) ;
#1897=FACE_OUTER_BOUND('',#1892,.T.) ;
#1926=FACE_OUTER_BOUND('',#1921,.T.) ;
#1950=FACE_OUTER_BOUND('',#1945,.T.) ;
#1974=FACE_OUTER_BOUND('',#1969,.T.) ;
#1998=FACE_OUTER_BOUND('',#1993,.T.) ;
#2022=FACE_OUTER_BOUND('',#2017,.T.) ;
#2044=FACE_OUTER_BOUND('',#2039,.T.) ;
#2061=FACE_OUTER_BOUND('',#2056,.T.) ;
#2085=FACE_OUTER_BOUND('',#2080,.T.) ;
#2102=FACE_OUTER_BOUND('',#2097,.T.) ;
#2119=FACE_OUTER_BOUND('',#2114,.T.) ;
#2136=FACE_OUTER_BOUND('',#2131,.T.) ;
#2148=FACE_OUTER_BOUND('',#2143,.T.) ;
#2172=FACE_OUTER_BOUND('',#2167,.T.) ;
#2196=FACE_OUTER_BOUND('',#2191,.T.) ;
#2227=FACE_OUTER_BOUND('',#2222,.T.) ;
#2239=FACE_OUTER_BOUND('',#2234,.T.) ;
#2263=FACE_OUTER_BOUND('',#2258,.T.) ;
#2292=FACE_OUTER_BOUND('',#2286,.T.) ;
#2323=FACE_OUTER_BOUND('',#2318,.T.) ;
#2345=FACE_OUTER_BOUND('',#2339,.T.) ;
#2692=FACE_OUTER_BOUND('',#2688,.T.) ;
#2709=FACE_OUTER_BOUND('',#2704,.T.) ;
#2726=FACE_OUTER_BOUND('',#2721,.T.) ;
#2750=FACE_OUTER_BOUND('',#2745,.T.) ;
#2774=FACE_OUTER_BOUND('',#2769,.T.) ;
#2805=FACE_OUTER_BOUND('',#2800,.T.) ;
#2836=FACE_OUTER_BOUND('',#2831,.T.) ;
#2867=FACE_OUTER_BOUND('',#2862,.T.) ;
#2898=FACE_OUTER_BOUND('',#2893,.T.) ;
#2927=FACE_OUTER_BOUND('',#2922,.T.) ;
#2949=FACE_OUTER_BOUND('',#2944,.T.) ;
#2966=FACE_OUTER_BOUND('',#2961,.T.) ;
#2978=FACE_OUTER_BOUND('',#2973,.T.) ;
#2995=FACE_OUTER_BOUND('',#2990,.T.) ;
#3004=FACE_OUTER_BOUND('',#2997,.T.) ;
#3028=FACE_OUTER_BOUND('',#3023,.T.) ;
#3052=FACE_OUTER_BOUND('',#3047,.T.) ;
#3076=FACE_OUTER_BOUND('',#3071,.T.) ;
#3167=FACE_OUTER_BOUND('',#3163,.T.) ;
#3276=FACE_OUTER_BOUND('',#3271,.T.) ;
#3294=FACE_OUTER_BOUND('',#3288,.T.) ;
#3311=FACE_OUTER_BOUND('',#3306,.T.) ;
#3402=FACE_OUTER_BOUND('',#3398,.T.) ;
#3481=FACE_OUTER_BOUND('',#3476,.T.) ;
#3506=FACE_OUTER_BOUND('',#3500,.T.) ;
#3518=FACE_OUTER_BOUND('',#3513,.T.) ;
#3542=FACE_OUTER_BOUND('',#3537,.T.) ;
#3566=FACE_OUTER_BOUND('',#3561,.T.) ;
#3583=FACE_OUTER_BOUND('',#3578,.T.) ;
#3614=FACE_OUTER_BOUND('',#3609,.T.) ;
#3631=FACE_OUTER_BOUND('',#3626,.T.) ;
#3648=FACE_OUTER_BOUND('',#3643,.T.) ;
#3672=FACE_OUTER_BOUND('',#3667,.T.) ;
#3696=FACE_OUTER_BOUND('',#3691,.T.) ;
#3713=FACE_OUTER_BOUND('',#3708,.T.) ;
#3825=FACE_OUTER_BOUND('',#3811,.T.) ;
#3859=FACE_OUTER_BOUND('',#3854,.T.) ;
#3895=FACE_OUTER_BOUND('',#3890,.T.) ;
#3920=FACE_OUTER_BOUND('',#3915,.T.) ;
#3946=FACE_OUTER_BOUND('',#3941,.T.) ;
#3971=FACE_OUTER_BOUND('',#3966,.T.) ;
#3997=FACE_OUTER_BOUND('',#3992,.T.) ;
#4036=FACE_OUTER_BOUND('',#4031,.T.) ;
#4061=FACE_OUTER_BOUND('',#4056,.T.) ;
#4086=FACE_OUTER_BOUND('',#4081,.T.) ;
#4125=FACE_OUTER_BOUND('',#4120,.T.) ;
#4150=FACE_OUTER_BOUND('',#4145,.T.) ;
#4175=FACE_OUTER_BOUND('',#4170,.T.) ;
#4192=FACE_OUTER_BOUND('',#4187,.T.) ;
#4235=FACE_OUTER_BOUND('',#4230,.T.) ;
#4268=FACE_OUTER_BOUND('',#4263,.T.) ;
#4300=FACE_OUTER_BOUND('',#4295,.T.) ;
#4333=FACE_OUTER_BOUND('',#4328,.T.) ;
#4365=FACE_OUTER_BOUND('',#4360,.T.) ;
#4398=FACE_OUTER_BOUND('',#4393,.T.) ;
#4431=FACE_OUTER_BOUND('',#4426,.T.) ;
#4463=FACE_OUTER_BOUND('',#4458,.T.) ;
#4496=FACE_OUTER_BOUND('',#4491,.T.) ;
#4529=FACE_OUTER_BOUND('',#4524,.T.) ;
#4561=FACE_OUTER_BOUND('',#4556,.T.) ;
#4594=FACE_OUTER_BOUND('',#4589,.T.) ;
#4616=FACE_OUTER_BOUND('',#4611,.T.) ;
#4632=FACE_OUTER_BOUND('',#4618,.T.) ;
#4757=FACE_OUTER_BOUND('',#4752,.T.) ;
#4782=FACE_OUTER_BOUND('',#4777,.T.) ;
#4807=FACE_OUTER_BOUND('',#4802,.T.) ;
#4833=FACE_OUTER_BOUND('',#4828,.T.) ;
#4859=FACE_OUTER_BOUND('',#4854,.T.) ;
#4884=FACE_OUTER_BOUND('',#4879,.T.) ;
#4909=FACE_OUTER_BOUND('',#4904,.T.) ;
#4935=FACE_OUTER_BOUND('',#4930,.T.) ;
#4961=FACE_OUTER_BOUND('',#4956,.T.) ;
#4987=FACE_OUTER_BOUND('',#4982,.T.) ;
#5004=FACE_OUTER_BOUND('',#4999,.T.) ;
#5191=FACE_OUTER_BOUND('',#5167,.T.) ;
#5225=FACE_OUTER_BOUND('',#5220,.T.) ;
#5250=FACE_OUTER_BOUND('',#5245,.T.) ;
#5276=FACE_OUTER_BOUND('',#5271,.T.) ;
#5301=FACE_OUTER_BOUND('',#5296,.T.) ;
#5327=FACE_OUTER_BOUND('',#5322,.T.) ;
#5352=FACE_OUTER_BOUND('',#5347,.T.) ;
#5378=FACE_OUTER_BOUND('',#5373,.T.) ;
#5404=FACE_OUTER_BOUND('',#5399,.T.) ;
#5429=FACE_OUTER_BOUND('',#5424,.T.) ;
#5455=FACE_OUTER_BOUND('',#5450,.T.) ;
#5481=FACE_OUTER_BOUND('',#5476,.T.) ;
#5506=FACE_OUTER_BOUND('',#5501,.T.) ;
#5531=FACE_OUTER_BOUND('',#5526,.T.) ;
#5557=FACE_OUTER_BOUND('',#5552,.T.) ;
#5582=FACE_OUTER_BOUND('',#5577,.T.) ;
#5608=FACE_OUTER_BOUND('',#5603,.T.) ;
#5633=FACE_OUTER_BOUND('',#5628,.T.) ;
#5659=FACE_OUTER_BOUND('',#5654,.T.) ;
#5685=FACE_OUTER_BOUND('',#5680,.T.) ;
#5711=FACE_OUTER_BOUND('',#5706,.T.) ;
#5737=FACE_OUTER_BOUND('',#5732,.T.) ;
#5762=FACE_OUTER_BOUND('',#5757,.T.) ;
#5779=FACE_OUTER_BOUND('',#5774,.T.) ;
#5878=FACE_OUTER_BOUND('',#5865,.T.) ;
#5912=FACE_OUTER_BOUND('',#5907,.T.) ;
#5937=FACE_OUTER_BOUND('',#5932,.T.) ;
#5962=FACE_OUTER_BOUND('',#5957,.T.) ;
#5987=FACE_OUTER_BOUND('',#5982,.T.) ;
#6012=FACE_OUTER_BOUND('',#6007,.T.) ;
#6037=FACE_OUTER_BOUND('',#6032,.T.) ;
#6062=FACE_OUTER_BOUND('',#6057,.T.) ;
#6087=FACE_OUTER_BOUND('',#6082,.T.) ;
#6113=FACE_OUTER_BOUND('',#6108,.T.) ;
#6138=FACE_OUTER_BOUND('',#6133,.T.) ;
#6163=FACE_OUTER_BOUND('',#6158,.T.) ;
#6180=FACE_OUTER_BOUND('',#6175,.T.) ;
#6247=FACE_OUTER_BOUND('',#6238,.T.) ;
#6281=FACE_OUTER_BOUND('',#6276,.T.) ;
#6306=FACE_OUTER_BOUND('',#6301,.T.) ;
#6332=FACE_OUTER_BOUND('',#6327,.T.) ;
#6357=FACE_OUTER_BOUND('',#6352,.T.) ;
#6382=FACE_OUTER_BOUND('',#6377,.T.) ;
#6407=FACE_OUTER_BOUND('',#6402,.T.) ;
#6432=FACE_OUTER_BOUND('',#6427,.T.) ;
#6449=FACE_OUTER_BOUND('',#6444,.T.) ;
#6480=FACE_OUTER_BOUND('',#6475,.T.) ;
#6504=FACE_OUTER_BOUND('',#6499,.T.) ;
#6528=FACE_OUTER_BOUND('',#6523,.T.) ;
#6552=FACE_OUTER_BOUND('',#6547,.T.) ;
#6576=FACE_OUTER_BOUND('',#6571,.T.) ;
#6600=FACE_OUTER_BOUND('',#6595,.T.) ;
#6624=FACE_OUTER_BOUND('',#6619,.T.) ;
#6648=FACE_OUTER_BOUND('',#6643,.T.) ;
#6672=FACE_OUTER_BOUND('',#6667,.T.) ;
#6696=FACE_OUTER_BOUND('',#6691,.T.) ;
#6720=FACE_OUTER_BOUND('',#6715,.T.) ;
#6744=FACE_OUTER_BOUND('',#6739,.T.) ;
#6761=FACE_OUTER_BOUND('',#6756,.T.) ;
#6796=FACE_OUTER_BOUND('',#6791,.T.) ;
#6821=FACE_OUTER_BOUND('',#6816,.T.) ;
#6846=FACE_OUTER_BOUND('',#6841,.T.) ;
#6872=FACE_OUTER_BOUND('',#6867,.T.) ;
#6897=FACE_OUTER_BOUND('',#6892,.T.) ;
#6923=FACE_OUTER_BOUND('',#6918,.T.) ;
#6949=FACE_OUTER_BOUND('',#6944,.T.) ;
#6974=FACE_OUTER_BOUND('',#6969,.T.) ;
#7000=FACE_OUTER_BOUND('',#6995,.T.) ;
#7026=FACE_OUTER_BOUND('',#7021,.T.) ;
#7051=FACE_OUTER_BOUND('',#7046,.T.) ;
#7077=FACE_OUTER_BOUND('',#7072,.T.) ;
#7094=FACE_OUTER_BOUND('',#7089,.T.) ;
#7125=FACE_OUTER_BOUND('',#7120,.T.) ;
#7149=FACE_OUTER_BOUND('',#7144,.T.) ;
#7173=FACE_OUTER_BOUND('',#7168,.T.) ;
#7197=FACE_OUTER_BOUND('',#7192,.T.) ;
#7221=FACE_OUTER_BOUND('',#7216,.T.) ;
#7245=FACE_OUTER_BOUND('',#7240,.T.) ;
#7269=FACE_OUTER_BOUND('',#7264,.T.) ;
#7293=FACE_OUTER_BOUND('',#7288,.T.) ;
#7317=FACE_OUTER_BOUND('',#7312,.T.) ;
#7341=FACE_OUTER_BOUND('',#7336,.T.) ;
#7365=FACE_OUTER_BOUND('',#7360,.T.) ;
#7389=FACE_OUTER_BOUND('',#7384,.T.) ;
#7408=FACE_OUTER_BOUND('',#7403,.T.) ;
#7432=FACE_OUTER_BOUND('',#7427,.T.) ;
#7456=FACE_OUTER_BOUND('',#7451,.T.) ;
#7480=FACE_OUTER_BOUND('',#7475,.T.) ;
#7504=FACE_OUTER_BOUND('',#7499,.T.) ;
#7528=FACE_OUTER_BOUND('',#7523,.T.) ;
#7552=FACE_OUTER_BOUND('',#7547,.T.) ;
#7576=FACE_OUTER_BOUND('',#7571,.T.) ;
#7600=FACE_OUTER_BOUND('',#7595,.T.) ;
#7624=FACE_OUTER_BOUND('',#7619,.T.) ;
#7641=FACE_OUTER_BOUND('',#7636,.T.) ;
#7675=FACE_OUTER_BOUND('',#7670,.T.) ;
#7700=FACE_OUTER_BOUND('',#7695,.T.) ;
#7725=FACE_OUTER_BOUND('',#7720,.T.) ;
#7750=FACE_OUTER_BOUND('',#7745,.T.) ;
#7775=FACE_OUTER_BOUND('',#7770,.T.) ;
#7800=FACE_OUTER_BOUND('',#7795,.T.) ;
#7826=FACE_OUTER_BOUND('',#7821,.T.) ;
#7851=FACE_OUTER_BOUND('',#7846,.T.) ;
#7877=FACE_OUTER_BOUND('',#7872,.T.) ;
#7903=FACE_OUTER_BOUND('',#7898,.T.) ;
#7928=FACE_OUTER_BOUND('',#7923,.T.) ;
#7954=FACE_OUTER_BOUND('',#7949,.T.) ;
#7979=FACE_OUTER_BOUND('',#7974,.T.) ;
#8004=FACE_OUTER_BOUND('',#7999,.T.) ;
#8029=FACE_OUTER_BOUND('',#8024,.T.) ;
#8055=FACE_OUTER_BOUND('',#8050,.T.) ;
#8081=FACE_OUTER_BOUND('',#8076,.T.) ;
#8107=FACE_OUTER_BOUND('',#8102,.T.) ;
#8133=FACE_OUTER_BOUND('',#8128,.T.) ;
#8159=FACE_OUTER_BOUND('',#8154,.T.) ;
#8184=FACE_OUTER_BOUND('',#8179,.T.) ;
#8210=FACE_OUTER_BOUND('',#8205,.T.) ;
#8227=FACE_OUTER_BOUND('',#8222,.T.) ;
#8253=FACE_OUTER_BOUND('',#8248,.T.) ;
#8277=FACE_OUTER_BOUND('',#8272,.T.) ;
#8301=FACE_OUTER_BOUND('',#8296,.T.) ;
#8320=FACE_OUTER_BOUND('',#8315,.T.) ;
#8344=FACE_OUTER_BOUND('',#8339,.T.) ;
#8363=FACE_OUTER_BOUND('',#8358,.T.) ;
#8387=FACE_OUTER_BOUND('',#8382,.T.) ;
#8411=FACE_OUTER_BOUND('',#8406,.T.) ;
#8430=FACE_OUTER_BOUND('',#8425,.T.) ;
#8454=FACE_OUTER_BOUND('',#8449,.T.) ;
#8473=FACE_OUTER_BOUND('',#8468,.T.) ;
#8497=FACE_OUTER_BOUND('',#8492,.T.) ;
#8514=FACE_OUTER_BOUND('',#8509,.T.) ;
#8548=FACE_OUTER_BOUND('',#8543,.T.) ;
#8573=FACE_OUTER_BOUND('',#8568,.T.) ;
#8599=FACE_OUTER_BOUND('',#8594,.T.) ;
#8635=FACE_OUTER_BOUND('',#8630,.T.) ;
#8660=FACE_OUTER_BOUND('',#8655,.T.) ;
#8686=FACE_OUTER_BOUND('',#8681,.T.) ;
#8711=FACE_OUTER_BOUND('',#8706,.T.) ;
#8737=FACE_OUTER_BOUND('',#8732,.T.) ;
#8776=FACE_OUTER_BOUND('',#8771,.T.) ;
#8801=FACE_OUTER_BOUND('',#8796,.T.) ;
#8826=FACE_OUTER_BOUND('',#8821,.T.) ;
#8865=FACE_OUTER_BOUND('',#8860,.T.) ;
#8882=FACE_OUTER_BOUND('',#8877,.T.) ;
#8908=FACE_OUTER_BOUND('',#8903,.T.) ;
#8932=FACE_OUTER_BOUND('',#8927,.T.) ;
#8956=FACE_OUTER_BOUND('',#8951,.T.) ;
#8975=FACE_OUTER_BOUND('',#8970,.T.) ;
#8999=FACE_OUTER_BOUND('',#8994,.T.) ;
#9023=FACE_OUTER_BOUND('',#9018,.T.) ;
#9047=FACE_OUTER_BOUND('',#9042,.T.) ;
#9071=FACE_OUTER_BOUND('',#9066,.T.) ;
#9095=FACE_OUTER_BOUND('',#9090,.T.) ;
#9119=FACE_OUTER_BOUND('',#9114,.T.) ;
#9143=FACE_OUTER_BOUND('',#9138,.T.) ;
#9160=FACE_OUTER_BOUND('',#9155,.T.) ;
#9194=FACE_OUTER_BOUND('',#9189,.T.) ;
#9219=FACE_OUTER_BOUND('',#9214,.T.) ;
#9245=FACE_OUTER_BOUND('',#9240,.T.) ;
#9270=FACE_OUTER_BOUND('',#9265,.T.) ;
#9295=FACE_OUTER_BOUND('',#9290,.T.) ;
#9321=FACE_OUTER_BOUND('',#9316,.T.) ;
#9347=FACE_OUTER_BOUND('',#9342,.T.) ;
#9372=FACE_OUTER_BOUND('',#9367,.T.) ;
#9397=FACE_OUTER_BOUND('',#9392,.T.) ;
#9423=FACE_OUTER_BOUND('',#9418,.T.) ;
#9449=FACE_OUTER_BOUND('',#9444,.T.) ;
#9466=FACE_OUTER_BOUND('',#9461,.T.) ;
#9492=FACE_OUTER_BOUND('',#9487,.T.) ;
#9516=FACE_OUTER_BOUND('',#9511,.T.) ;
#9540=FACE_OUTER_BOUND('',#9535,.T.) ;
#9559=FACE_OUTER_BOUND('',#9554,.T.) ;
#9578=FACE_OUTER_BOUND('',#9573,.T.) ;
#9602=FACE_OUTER_BOUND('',#9597,.T.) ;
#9621=FACE_OUTER_BOUND('',#9616,.T.) ;
#9638=FACE_OUTER_BOUND('',#9633,.T.) ;
#9661=FACE_OUTER_BOUND('',#9645,.T.) ;
#9845=FACE_OUTER_BOUND('',#9840,.T.) ;
#9864=FACE_OUTER_BOUND('',#9859,.T.) ;
#9883=FACE_OUTER_BOUND('',#9878,.T.) ;
#9901=FACE_OUTER_BOUND('',#9896,.T.) ;
#9920=FACE_OUTER_BOUND('',#9915,.T.) ;
#9938=FACE_OUTER_BOUND('',#9933,.T.) ;
#9956=FACE_OUTER_BOUND('',#9951,.T.) ;
#9968=FACE_OUTER_BOUND('',#9963,.T.) ;
#10059=FACE_OUTER_BOUND('',#10047,.T.) ;
#10090=FACE_OUTER_BOUND('',#10085,.T.) ;
#10109=FACE_OUTER_BOUND('',#10104,.T.) ;
#10133=FACE_OUTER_BOUND('',#10128,.T.) ;
#10157=FACE_OUTER_BOUND('',#10152,.T.) ;
#10181=FACE_OUTER_BOUND('',#10176,.T.) ;
#10205=FACE_OUTER_BOUND('',#10200,.T.) ;
#10229=FACE_OUTER_BOUND('',#10224,.T.) ;
#10253=FACE_OUTER_BOUND('',#10248,.T.) ;
#10277=FACE_OUTER_BOUND('',#10272,.T.) ;
#10301=FACE_OUTER_BOUND('',#10296,.T.) ;
#10318=FACE_OUTER_BOUND('',#10313,.T.) ;
#10342=FACE_OUTER_BOUND('',#10337,.T.) ;
#10360=FACE_OUTER_BOUND('',#10355,.T.) ;
#10378=FACE_OUTER_BOUND('',#10373,.T.) ;
#10397=FACE_OUTER_BOUND('',#10392,.T.) ;
#10415=FACE_OUTER_BOUND('',#10410,.T.) ;
#10434=FACE_OUTER_BOUND('',#10429,.T.) ;
#10453=FACE_OUTER_BOUND('',#10448,.T.) ;
#10472=FACE_OUTER_BOUND('',#10467,.T.) ;
#10491=FACE_OUTER_BOUND('',#10486,.T.) ;
#10509=FACE_OUTER_BOUND('',#10504,.T.) ;
#10521=FACE_OUTER_BOUND('',#10516,.T.) ;
#10565=FACE_OUTER_BOUND('',#10560,.T.) ;
#10587=FACE_OUTER_BOUND('',#10582,.T.) ;
#10715=FACE_OUTER_BOUND('',#10699,.T.) ;
#10840=FACE_OUTER_BOUND('',#10835,.T.) ;
#10852=FACE_OUTER_BOUND('',#10847,.T.) ;
#10883=FACE_OUTER_BOUND('',#10878,.T.) ;
#10900=FACE_OUTER_BOUND('',#10895,.T.) ;
#10931=FACE_OUTER_BOUND('',#10926,.T.) ;
#10943=FACE_OUTER_BOUND('',#10938,.T.) ;
#10974=FACE_OUTER_BOUND('',#10969,.T.) ;
#10991=FACE_OUTER_BOUND('',#10986,.T.) ;
#11022=FACE_OUTER_BOUND('',#11017,.T.) ;
#11034=FACE_OUTER_BOUND('',#11029,.T.) ;
#11065=FACE_OUTER_BOUND('',#11060,.T.) ;
#11082=FACE_OUTER_BOUND('',#11077,.T.) ;
#11113=FACE_OUTER_BOUND('',#11108,.T.) ;
#11125=FACE_OUTER_BOUND('',#11120,.T.) ;
#11156=FACE_OUTER_BOUND('',#11151,.T.) ;
#11173=FACE_OUTER_BOUND('',#11168,.T.) ;
#11204=FACE_OUTER_BOUND('',#11199,.T.) ;
#11216=FACE_OUTER_BOUND('',#11211,.T.) ;
#11247=FACE_OUTER_BOUND('',#11242,.T.) ;
#11264=FACE_OUTER_BOUND('',#11259,.T.) ;
#11295=FACE_OUTER_BOUND('',#11290,.T.) ;
#11307=FACE_OUTER_BOUND('',#11302,.T.) ;
#11338=FACE_OUTER_BOUND('',#11333,.T.) ;
#11355=FACE_OUTER_BOUND('',#11350,.T.) ;
#11386=FACE_OUTER_BOUND('',#11381,.T.) ;
#11403=FACE_OUTER_BOUND('',#11398,.T.) ;
#11434=FACE_OUTER_BOUND('',#11429,.T.) ;
#11451=FACE_OUTER_BOUND('',#11446,.T.) ;
#11482=FACE_OUTER_BOUND('',#11477,.T.) ;
#11499=FACE_OUTER_BOUND('',#11494,.T.) ;
#11530=FACE_OUTER_BOUND('',#11525,.T.) ;
#11547=FACE_OUTER_BOUND('',#11542,.T.) ;
#11578=FACE_OUTER_BOUND('',#11573,.T.) ;
#11595=FACE_OUTER_BOUND('',#11590,.T.) ;
#11635=FACE_OUTER_BOUND('',#11630,.T.) ;
#11657=FACE_OUTER_BOUND('',#11652,.T.) ;
#11688=FACE_OUTER_BOUND('',#11683,.T.) ;
#11700=FACE_OUTER_BOUND('',#11695,.T.) ;
#11748=FACE_OUTER_BOUND('',#11742,.T.) ;
#11792=FACE_OUTER_BOUND('',#11787,.T.) ;
#11814=FACE_OUTER_BOUND('',#11809,.T.) ;
#11840=FACE_OUTER_BOUND('',#11835,.T.) ;
#11852=FACE_OUTER_BOUND('',#11847,.T.) ;
#11916=FACE_OUTER_BOUND('',#11908,.T.) ;
#11951=FACE_OUTER_BOUND('',#11946,.T.) ;
#11968=FACE_OUTER_BOUND('',#11963,.T.) ;
#12024=FACE_OUTER_BOUND('',#12017,.T.) ;
#12059=FACE_OUTER_BOUND('',#12054,.T.) ;
#12076=FACE_OUTER_BOUND('',#12071,.T.) ;
#12140=FACE_OUTER_BOUND('',#12132,.T.) ;
#12173=FACE_OUTER_BOUND('',#12168,.T.) ;
#12190=FACE_OUTER_BOUND('',#12185,.T.) ;
#12214=FACE_OUTER_BOUND('',#12209,.T.) ;
#12238=FACE_OUTER_BOUND('',#12233,.T.) ;
#12262=FACE_OUTER_BOUND('',#12257,.T.) ;
#12286=FACE_OUTER_BOUND('',#12281,.T.) ;
#12310=FACE_OUTER_BOUND('',#12305,.T.) ;
#12341=FACE_OUTER_BOUND('',#12336,.T.) ;
#12372=FACE_OUTER_BOUND('',#12367,.T.) ;
#12401=FACE_OUTER_BOUND('',#12396,.T.) ;
#12425=FACE_OUTER_BOUND('',#12420,.T.) ;
#12449=FACE_OUTER_BOUND('',#12444,.T.) ;
#12473=FACE_OUTER_BOUND('',#12468,.T.) ;
#12497=FACE_OUTER_BOUND('',#12492,.T.) ;
#12519=FACE_OUTER_BOUND('',#12514,.T.) ;
#12536=FACE_OUTER_BOUND('',#12531,.T.) ;
#12560=FACE_OUTER_BOUND('',#12555,.T.) ;
#12577=FACE_OUTER_BOUND('',#12572,.T.) ;
#12594=FACE_OUTER_BOUND('',#12589,.T.) ;
#12611=FACE_OUTER_BOUND('',#12606,.T.) ;
#12623=FACE_OUTER_BOUND('',#12618,.T.) ;
#12647=FACE_OUTER_BOUND('',#12642,.T.) ;
#12671=FACE_OUTER_BOUND('',#12666,.T.) ;
#12702=FACE_OUTER_BOUND('',#12697,.T.) ;
#12714=FACE_OUTER_BOUND('',#12709,.T.) ;
#12738=FACE_OUTER_BOUND('',#12733,.T.) ;
#12767=FACE_OUTER_BOUND('',#12761,.T.) ;
#12798=FACE_OUTER_BOUND('',#12793,.T.) ;
#12820=FACE_OUTER_BOUND('',#12814,.T.) ;
#13167=FACE_OUTER_BOUND('',#13163,.T.) ;
#13184=FACE_OUTER_BOUND('',#13179,.T.) ;
#13201=FACE_OUTER_BOUND('',#13196,.T.) ;
#13225=FACE_OUTER_BOUND('',#13220,.T.) ;
#13249=FACE_OUTER_BOUND('',#13244,.T.) ;
#13280=FACE_OUTER_BOUND('',#13275,.T.) ;
#13311=FACE_OUTER_BOUND('',#13306,.T.) ;
#13342=FACE_OUTER_BOUND('',#13337,.T.) ;
#13373=FACE_OUTER_BOUND('',#13368,.T.) ;
#13402=FACE_OUTER_BOUND('',#13397,.T.) ;
#13424=FACE_OUTER_BOUND('',#13419,.T.) ;
#13441=FACE_OUTER_BOUND('',#13436,.T.) ;
#13453=FACE_OUTER_BOUND('',#13448,.T.) ;
#13470=FACE_OUTER_BOUND('',#13465,.T.) ;
#13479=FACE_OUTER_BOUND('',#13472,.T.) ;
#13503=FACE_OUTER_BOUND('',#13498,.T.) ;
#13527=FACE_OUTER_BOUND('',#13522,.T.) ;
#13551=FACE_OUTER_BOUND('',#13546,.T.) ;
#13642=FACE_OUTER_BOUND('',#13638,.T.) ;
#13751=FACE_OUTER_BOUND('',#13746,.T.) ;
#13769=FACE_OUTER_BOUND('',#13763,.T.) ;
#13786=FACE_OUTER_BOUND('',#13781,.T.) ;
#13877=FACE_OUTER_BOUND('',#13873,.T.) ;
#13956=FACE_OUTER_BOUND('',#13951,.T.) ;
#13981=FACE_OUTER_BOUND('',#13975,.T.) ;
#13993=FACE_OUTER_BOUND('',#13988,.T.) ;
#14017=FACE_OUTER_BOUND('',#14012,.T.) ;
#14041=FACE_OUTER_BOUND('',#14036,.T.) ;
#14058=FACE_OUTER_BOUND('',#14053,.T.) ;
#14089=FACE_OUTER_BOUND('',#14084,.T.) ;
#14106=FACE_OUTER_BOUND('',#14101,.T.) ;
#14123=FACE_OUTER_BOUND('',#14118,.T.) ;
#14147=FACE_OUTER_BOUND('',#14142,.T.) ;
#14171=FACE_OUTER_BOUND('',#14166,.T.) ;
#14188=FACE_OUTER_BOUND('',#14183,.T.) ;
#14211=FACE_OUTER_BOUND('',#14195,.T.) ;
#14277=FACE_OUTER_BOUND('',#14272,.T.) ;
#14294=FACE_OUTER_BOUND('',#14289,.T.) ;
#14318=FACE_OUTER_BOUND('',#14315,.T.) ;
#14360=FACE_OUTER_BOUND('',#14357,.T.) ;
#14395=FACE_OUTER_BOUND('',#14390,.T.) ;
#14412=FACE_OUTER_BOUND('',#14407,.T.) ;
#14434=FACE_OUTER_BOUND('',#14429,.T.) ;
#14446=FACE_OUTER_BOUND('',#14441,.T.) ;
#14470=FACE_OUTER_BOUND('',#14467,.T.) ;
#14512=FACE_OUTER_BOUND('',#14509,.T.) ;
#14547=FACE_OUTER_BOUND('',#14542,.T.) ;
#14564=FACE_OUTER_BOUND('',#14559,.T.) ;
#14586=FACE_OUTER_BOUND('',#14581,.T.) ;
#14598=FACE_OUTER_BOUND('',#14593,.T.) ;
#45=UNCERTAINTY_MEASURE_WITH_UNIT(LENGTH_MEASURE(0.005),#41,'distance_accuracy_value','CONFUSED CURVE UNCERTAINTY') ;
#122=LINE('Line',#119,#121) ;
#138=LINE('Line',#135,#137) ;
#152=LINE('Line',#149,#151) ;
#159=LINE('Line',#156,#158) ;
#166=LINE('Line',#163,#165) ;
#180=LINE('Line',#177,#179) ;
#187=LINE('Line',#184,#186) ;
#201=LINE('Line',#198,#200) ;
#215=LINE('Line',#212,#214) ;
#222=LINE('Line',#219,#221) ;
#344=LINE('Line',#341,#343) ;
#358=LINE('Line',#355,#357) ;
#435=LINE('Line',#432,#434) ;
#449=LINE('Line',#446,#448) ;
#526=LINE('Line',#523,#525) ;
#540=LINE('Line',#537,#539) ;
#617=LINE('Line',#614,#616) ;
#631=LINE('Line',#628,#630) ;
#708=LINE('Line',#705,#707) ;
#722=LINE('Line',#719,#721) ;
#799=LINE('Line',#796,#798) ;
#813=LINE('Line',#810,#812) ;
#1192=LINE('Line',#1189,#1191) ;
#1206=LINE('Line',#1203,#1205) ;
#1251=LINE('Line',#1248,#1250) ;
#1258=LINE('Line',#1255,#1257) ;
#1265=LINE('Line',#1262,#1264) ;
#1344=LINE('Line',#1341,#1343) ;
#1358=LINE('Line',#1355,#1357) ;
#1387=LINE('Line',#1384,#1386) ;
#1396=LINE('Line',#1393,#1395) ;
#1431=LINE('Line',#1428,#1430) ;
#1503=LINE('Line',#1500,#1502) ;
#1512=LINE('Line',#1509,#1511) ;
#1540=LINE('Line',#1537,#1539) ;
#1611=LINE('Line',#1608,#1610) ;
#1620=LINE('Line',#1617,#1619) ;
#1655=LINE('Line',#1652,#1654) ;
#1828=LINE('Line',#1825,#1827) ;
#1885=LINE('Line',#1882,#1884) ;
#1890=LINE('Line',#1887,#1889) ;
#1943=LINE('Line',#1940,#1942) ;
#2095=LINE('Line',#2092,#2094) ;
#2112=LINE('Line',#2109,#2111) ;
#2129=LINE('Line',#2126,#2128) ;
#2158=LINE('Line',#2155,#2157) ;
#2182=LINE('Line',#2179,#2181) ;
#2206=LINE('Line',#2203,#2205) ;
#2220=LINE('Line',#2217,#2219) ;
#2256=LINE('Line',#2253,#2255) ;
#2284=LINE('Line',#2281,#2283) ;
#2302=LINE('Line',#2299,#2301) ;
#2316=LINE('Line',#2313,#2315) ;
#2767=LINE('Line',#2764,#2766) ;
#2824=LINE('Line',#2821,#2823) ;
#2829=LINE('Line',#2826,#2828) ;
#2886=LINE('Line',#2883,#2885) ;
#2891=LINE('Line',#2888,#2890) ;
#2942=LINE('Line',#2939,#2941) ;
#2988=LINE('Line',#2985,#2987) ;
#3014=LINE('Line',#3011,#3013) ;
#3038=LINE('Line',#3035,#3037) ;
#3045=LINE('Line',#3042,#3044) ;
#3062=LINE('Line',#3059,#3061) ;
#3498=LINE('Line',#3495,#3497) ;
#3559=LINE('Line',#3556,#3558) ;
#3593=LINE('Line',#3590,#3592) ;
#3600=LINE('Line',#3597,#3599) ;
#3607=LINE('Line',#3604,#3606) ;
#3689=LINE('Line',#3686,#3688) ;
#3723=LINE('Line',#3720,#3722) ;
#3732=LINE('Line',#3729,#3731) ;
#3739=LINE('Line',#3736,#3738) ;
#3746=LINE('Line',#3743,#3745) ;
#3753=LINE('Line',#3750,#3752) ;
#3760=LINE('Line',#3757,#3759) ;
#3767=LINE('Line',#3764,#3766) ;
#3774=LINE('Line',#3771,#3773) ;
#3781=LINE('Line',#3778,#3780) ;
#3788=LINE('Line',#3785,#3787) ;
#3795=LINE('Line',#3792,#3794) ;
#3802=LINE('Line',#3799,#3801) ;
#3809=LINE('Line',#3806,#3808) ;
#3852=LINE('Line',#3849,#3851) ;
#3888=LINE('Line',#3885,#3887) ;
#3913=LINE('Line',#3910,#3912) ;
#3939=LINE('Line',#3936,#3938) ;
#3964=LINE('Line',#3961,#3963) ;
#3990=LINE('Line',#3987,#3989) ;
#4029=LINE('Line',#4026,#4028) ;
#4054=LINE('Line',#4051,#4053) ;
#4079=LINE('Line',#4076,#4078) ;
#4118=LINE('Line',#4115,#4117) ;
#4143=LINE('Line',#4140,#4142) ;
#4168=LINE('Line',#4165,#4167) ;
#4185=LINE('Line',#4182,#4184) ;
#4213=LINE('Line',#4210,#4212) ;
#4228=LINE('Line',#4225,#4227) ;
#4256=LINE('Line',#4253,#4255) ;
#4261=LINE('Line',#4258,#4260) ;
#4288=LINE('Line',#4285,#4287) ;
#4293=LINE('Line',#4290,#4292) ;
#4321=LINE('Line',#4318,#4320) ;
#4326=LINE('Line',#4323,#4325) ;
#4353=LINE('Line',#4350,#4352) ;
#4358=LINE('Line',#4355,#4357) ;
#4386=LINE('Line',#4383,#4385) ;
#4391=LINE('Line',#4388,#4390) ;
#4419=LINE('Line',#4416,#4418) ;
#4424=LINE('Line',#4421,#4423) ;
#4451=LINE('Line',#4448,#4450) ;
#4456=LINE('Line',#4453,#4455) ;
#4484=LINE('Line',#4481,#4483) ;
#4489=LINE('Line',#4486,#4488) ;
#4517=LINE('Line',#4514,#4516) ;
#4522=LINE('Line',#4519,#4521) ;
#4549=LINE('Line',#4546,#4548) ;
#4554=LINE('Line',#4551,#4553) ;
#4582=LINE('Line',#4579,#4581) ;
#4587=LINE('Line',#4584,#4586) ;
#4604=LINE('Line',#4601,#4603) ;
#4609=LINE('Line',#4606,#4608) ;
#4636=LINE('Line',#4633,#4635) ;
#4645=LINE('Line',#4642,#4644) ;
#4652=LINE('Line',#4649,#4651) ;
#4659=LINE('Line',#4656,#4658) ;
#4666=LINE('Line',#4663,#4665) ;
#4673=LINE('Line',#4670,#4672) ;
#4680=LINE('Line',#4677,#4679) ;
#4687=LINE('Line',#4684,#4686) ;
#4694=LINE('Line',#4691,#4693) ;
#4701=LINE('Line',#4698,#4700) ;
#4708=LINE('Line',#4705,#4707) ;
#4741=LINE('Line',#4738,#4740) ;
#4775=LINE('Line',#4772,#4774) ;
#4800=LINE('Line',#4797,#4799) ;
#4826=LINE('Line',#4823,#4825) ;
#4852=LINE('Line',#4849,#4851) ;
#4877=LINE('Line',#4874,#4876) ;
#4902=LINE('Line',#4899,#4901) ;
#4928=LINE('Line',#4925,#4927) ;
#4954=LINE('Line',#4951,#4953) ;
#4980=LINE('Line',#4977,#4979) ;
#4997=LINE('Line',#4994,#4996) ;
#5009=LINE('Line',#5006,#5008) ;
#5018=LINE('Line',#5015,#5017) ;
#5025=LINE('Line',#5022,#5024) ;
#5032=LINE('Line',#5029,#5031) ;
#5039=LINE('Line',#5036,#5038) ;
#5046=LINE('Line',#5043,#5045) ;
#5053=LINE('Line',#5050,#5052) ;
#5060=LINE('Line',#5057,#5059) ;
#5067=LINE('Line',#5064,#5066) ;
#5074=LINE('Line',#5071,#5073) ;
#5081=LINE('Line',#5078,#5080) ;
#5088=LINE('Line',#5085,#5087) ;
#5095=LINE('Line',#5092,#5094) ;
#5102=LINE('Line',#5099,#5101) ;
#5109=LINE('Line',#5106,#5108) ;
#5116=LINE('Line',#5113,#5115) ;
#5123=LINE('Line',#5120,#5122) ;
#5130=LINE('Line',#5127,#5129) ;
#5137=LINE('Line',#5134,#5136) ;
#5144=LINE('Line',#5141,#5143) ;
#5151=LINE('Line',#5148,#5150) ;
#5158=LINE('Line',#5155,#5157) ;
#5165=LINE('Line',#5162,#5164) ;
#5218=LINE('Line',#5215,#5217) ;
#5243=LINE('Line',#5240,#5242) ;
#5269=LINE('Line',#5266,#5268) ;
#5294=LINE('Line',#5291,#5293) ;
#5320=LINE('Line',#5317,#5319) ;
#5345=LINE('Line',#5342,#5344) ;
#5371=LINE('Line',#5368,#5370) ;
#5397=LINE('Line',#5394,#5396) ;
#5422=LINE('Line',#5419,#5421) ;
#5448=LINE('Line',#5445,#5447) ;
#5474=LINE('Line',#5471,#5473) ;
#5499=LINE('Line',#5496,#5498) ;
#5524=LINE('Line',#5521,#5523) ;
#5550=LINE('Line',#5547,#5549) ;
#5575=LINE('Line',#5572,#5574) ;
#5601=LINE('Line',#5598,#5600) ;
#5626=LINE('Line',#5623,#5625) ;
#5652=LINE('Line',#5649,#5651) ;
#5678=LINE('Line',#5675,#5677) ;
#5704=LINE('Line',#5701,#5703) ;
#5730=LINE('Line',#5727,#5729) ;
#5755=LINE('Line',#5752,#5754) ;
#5772=LINE('Line',#5769,#5771) ;
#5784=LINE('Line',#5781,#5783) ;
#5793=LINE('Line',#5790,#5792) ;
#5800=LINE('Line',#5797,#5799) ;
#5807=LINE('Line',#5804,#5806) ;
#5814=LINE('Line',#5811,#5813) ;
#5821=LINE('Line',#5818,#5820) ;
#5828=LINE('Line',#5825,#5827) ;
#5835=LINE('Line',#5832,#5834) ;
#5842=LINE('Line',#5839,#5841) ;
#5849=LINE('Line',#5846,#5848) ;
#5856=LINE('Line',#5853,#5855) ;
#5863=LINE('Line',#5860,#5862) ;
#5905=LINE('Line',#5902,#5904) ;
#5930=LINE('Line',#5927,#5929) ;
#5955=LINE('Line',#5952,#5954) ;
#5980=LINE('Line',#5977,#5979) ;
#6005=LINE('Line',#6002,#6004) ;
#6030=LINE('Line',#6027,#6029) ;
#6055=LINE('Line',#6052,#6054) ;
#6080=LINE('Line',#6077,#6079) ;
#6106=LINE('Line',#6103,#6105) ;
#6131=LINE('Line',#6128,#6130) ;
#6156=LINE('Line',#6153,#6155) ;
#6173=LINE('Line',#6170,#6172) ;
#6185=LINE('Line',#6182,#6184) ;
#6194=LINE('Line',#6191,#6193) ;
#6201=LINE('Line',#6198,#6200) ;
#6208=LINE('Line',#6205,#6207) ;
#6215=LINE('Line',#6212,#6214) ;
#6222=LINE('Line',#6219,#6221) ;
#6229=LINE('Line',#6226,#6228) ;
#6236=LINE('Line',#6233,#6235) ;
#6274=LINE('Line',#6271,#6273) ;
#6299=LINE('Line',#6296,#6298) ;
#6325=LINE('Line',#6322,#6324) ;
#6350=LINE('Line',#6347,#6349) ;
#6375=LINE('Line',#6372,#6374) ;
#6400=LINE('Line',#6397,#6399) ;
#6425=LINE('Line',#6422,#6424) ;
#6442=LINE('Line',#6439,#6441) ;
#6459=LINE('Line',#6456,#6458) ;
#6466=LINE('Line',#6463,#6465) ;
#6473=LINE('Line',#6470,#6472) ;
#6490=LINE('Line',#6487,#6489) ;
#6497=LINE('Line',#6494,#6496) ;
#6514=LINE('Line',#6511,#6513) ;
#6521=LINE('Line',#6518,#6520) ;
#6538=LINE('Line',#6535,#6537) ;
#6545=LINE('Line',#6542,#6544) ;
#6562=LINE('Line',#6559,#6561) ;
#6569=LINE('Line',#6566,#6568) ;
#6586=LINE('Line',#6583,#6585) ;
#6593=LINE('Line',#6590,#6592) ;
#6610=LINE('Line',#6607,#6609) ;
#6617=LINE('Line',#6614,#6616) ;
#6634=LINE('Line',#6631,#6633) ;
#6641=LINE('Line',#6638,#6640) ;
#6658=LINE('Line',#6655,#6657) ;
#6665=LINE('Line',#6662,#6664) ;
#6682=LINE('Line',#6679,#6681) ;
#6689=LINE('Line',#6686,#6688) ;
#6706=LINE('Line',#6703,#6705) ;
#6713=LINE('Line',#6710,#6712) ;
#6730=LINE('Line',#6727,#6729) ;
#6737=LINE('Line',#6734,#6736) ;
#6754=LINE('Line',#6751,#6753) ;
#6771=LINE('Line',#6768,#6770) ;
#6806=LINE('Line',#6803,#6805) ;
#6831=LINE('Line',#6828,#6830) ;
#6856=LINE('Line',#6853,#6855) ;
#6882=LINE('Line',#6879,#6881) ;
#6907=LINE('Line',#6904,#6906) ;
#6933=LINE('Line',#6930,#6932) ;
#6959=LINE('Line',#6956,#6958) ;
#6984=LINE('Line',#6981,#6983) ;
#7010=LINE('Line',#7007,#7009) ;
#7036=LINE('Line',#7033,#7035) ;
#7061=LINE('Line',#7058,#7060) ;
#7087=LINE('Line',#7084,#7086) ;
#7104=LINE('Line',#7101,#7103) ;
#7111=LINE('Line',#7108,#7110) ;
#7118=LINE('Line',#7115,#7117) ;
#7135=LINE('Line',#7132,#7134) ;
#7142=LINE('Line',#7139,#7141) ;
#7159=LINE('Line',#7156,#7158) ;
#7166=LINE('Line',#7163,#7165) ;
#7183=LINE('Line',#7180,#7182) ;
#7190=LINE('Line',#7187,#7189) ;
#7207=LINE('Line',#7204,#7206) ;
#7214=LINE('Line',#7211,#7213) ;
#7231=LINE('Line',#7228,#7230) ;
#7238=LINE('Line',#7235,#7237) ;
#7255=LINE('Line',#7252,#7254) ;
#7262=LINE('Line',#7259,#7261) ;
#7279=LINE('Line',#7276,#7278) ;
#7286=LINE('Line',#7283,#7285) ;
#7303=LINE('Line',#7300,#7302) ;
#7310=LINE('Line',#7307,#7309) ;
#7327=LINE('Line',#7324,#7326) ;
#7334=LINE('Line',#7331,#7333) ;
#7351=LINE('Line',#7348,#7350) ;
#7358=LINE('Line',#7355,#7357) ;
#7375=LINE('Line',#7372,#7374) ;
#7382=LINE('Line',#7379,#7381) ;
#7394=LINE('Line',#7391,#7393) ;
#7401=LINE('Line',#7398,#7400) ;
#7418=LINE('Line',#7415,#7417) ;
#7425=LINE('Line',#7422,#7424) ;
#7442=LINE('Line',#7439,#7441) ;
#7449=LINE('Line',#7446,#7448) ;
#7466=LINE('Line',#7463,#7465) ;
#7473=LINE('Line',#7470,#7472) ;
#7490=LINE('Line',#7487,#7489) ;
#7497=LINE('Line',#7494,#7496) ;
#7514=LINE('Line',#7511,#7513) ;
#7521=LINE('Line',#7518,#7520) ;
#7538=LINE('Line',#7535,#7537) ;
#7545=LINE('Line',#7542,#7544) ;
#7562=LINE('Line',#7559,#7561) ;
#7569=LINE('Line',#7566,#7568) ;
#7586=LINE('Line',#7583,#7585) ;
#7593=LINE('Line',#7590,#7592) ;
#7610=LINE('Line',#7607,#7609) ;
#7617=LINE('Line',#7614,#7616) ;
#7634=LINE('Line',#7631,#7633) ;
#7651=LINE('Line',#7648,#7650) ;
#7685=LINE('Line',#7682,#7684) ;
#7710=LINE('Line',#7707,#7709) ;
#7735=LINE('Line',#7732,#7734) ;
#7760=LINE('Line',#7757,#7759) ;
#7785=LINE('Line',#7782,#7784) ;
#7810=LINE('Line',#7807,#7809) ;
#7836=LINE('Line',#7833,#7835) ;
#7861=LINE('Line',#7858,#7860) ;
#7887=LINE('Line',#7884,#7886) ;
#7913=LINE('Line',#7910,#7912) ;
#7938=LINE('Line',#7935,#7937) ;
#7964=LINE('Line',#7961,#7963) ;
#7989=LINE('Line',#7986,#7988) ;
#8014=LINE('Line',#8011,#8013) ;
#8039=LINE('Line',#8036,#8038) ;
#8065=LINE('Line',#8062,#8064) ;
#8091=LINE('Line',#8088,#8090) ;
#8117=LINE('Line',#8114,#8116) ;
#8143=LINE('Line',#8140,#8142) ;
#8169=LINE('Line',#8166,#8168) ;
#8194=LINE('Line',#8191,#8193) ;
#8220=LINE('Line',#8217,#8219) ;
#8232=LINE('Line',#8229,#8231) ;
#8239=LINE('Line',#8236,#8238) ;
#8246=LINE('Line',#8243,#8245) ;
#8263=LINE('Line',#8260,#8262) ;
#8270=LINE('Line',#8267,#8269) ;
#8287=LINE('Line',#8284,#8286) ;
#8294=LINE('Line',#8291,#8293) ;
#8306=LINE('Line',#8303,#8305) ;
#8313=LINE('Line',#8310,#8312) ;
#8330=LINE('Line',#8327,#8329) ;
#8337=LINE('Line',#8334,#8336) ;
#8349=LINE('Line',#8346,#8348) ;
#8356=LINE('Line',#8353,#8355) ;
#8373=LINE('Line',#8370,#8372) ;
#8380=LINE('Line',#8377,#8379) ;
#8397=LINE('Line',#8394,#8396) ;
#8404=LINE('Line',#8401,#8403) ;
#8416=LINE('Line',#8413,#8415) ;
#8423=LINE('Line',#8420,#8422) ;
#8440=LINE('Line',#8437,#8439) ;
#8447=LINE('Line',#8444,#8446) ;
#8459=LINE('Line',#8456,#8458) ;
#8466=LINE('Line',#8463,#8465) ;
#8483=LINE('Line',#8480,#8482) ;
#8490=LINE('Line',#8487,#8489) ;
#8507=LINE('Line',#8504,#8506) ;
#8524=LINE('Line',#8521,#8523) ;
#8558=LINE('Line',#8555,#8557) ;
#8583=LINE('Line',#8580,#8582) ;
#8609=LINE('Line',#8606,#8608) ;
#8645=LINE('Line',#8642,#8644) ;
#8670=LINE('Line',#8667,#8669) ;
#8696=LINE('Line',#8693,#8695) ;
#8721=LINE('Line',#8718,#8720) ;
#8747=LINE('Line',#8744,#8746) ;
#8786=LINE('Line',#8783,#8785) ;
#8811=LINE('Line',#8808,#8810) ;
#8836=LINE('Line',#8833,#8835) ;
#8875=LINE('Line',#8872,#8874) ;
#8887=LINE('Line',#8884,#8886) ;
#8894=LINE('Line',#8891,#8893) ;
#8901=LINE('Line',#8898,#8900) ;
#8918=LINE('Line',#8915,#8917) ;
#8925=LINE('Line',#8922,#8924) ;
#8942=LINE('Line',#8939,#8941) ;
#8949=LINE('Line',#8946,#8948) ;
#8961=LINE('Line',#8958,#8960) ;
#8968=LINE('Line',#8965,#8967) ;
#8985=LINE('Line',#8982,#8984) ;
#8992=LINE('Line',#8989,#8991) ;
#9009=LINE('Line',#9006,#9008) ;
#9016=LINE('Line',#9013,#9015) ;
#9033=LINE('Line',#9030,#9032) ;
#9040=LINE('Line',#9037,#9039) ;
#9057=LINE('Line',#9054,#9056) ;
#9064=LINE('Line',#9061,#9063) ;
#9081=LINE('Line',#9078,#9080) ;
#9088=LINE('Line',#9085,#9087) ;
#9105=LINE('Line',#9102,#9104) ;
#9112=LINE('Line',#9109,#9111) ;
#9129=LINE('Line',#9126,#9128) ;
#9136=LINE('Line',#9133,#9135) ;
#9153=LINE('Line',#9150,#9152) ;
#9170=LINE('Line',#9167,#9169) ;
#9204=LINE('Line',#9201,#9203) ;
#9229=LINE('Line',#9226,#9228) ;
#9255=LINE('Line',#9252,#9254) ;
#9280=LINE('Line',#9277,#9279) ;
#9305=LINE('Line',#9302,#9304) ;
#9331=LINE('Line',#9328,#9330) ;
#9357=LINE('Line',#9354,#9356) ;
#9382=LINE('Line',#9379,#9381) ;
#9407=LINE('Line',#9404,#9406) ;
#9433=LINE('Line',#9430,#9432) ;
#9459=LINE('Line',#9456,#9458) ;
#9471=LINE('Line',#9468,#9470) ;
#9478=LINE('Line',#9475,#9477) ;
#9485=LINE('Line',#9482,#9484) ;
#9502=LINE('Line',#9499,#9501) ;
#9509=LINE('Line',#9506,#9508) ;
#9526=LINE('Line',#9523,#9525) ;
#9533=LINE('Line',#9530,#9532) ;
#9545=LINE('Line',#9542,#9544) ;
#9552=LINE('Line',#9549,#9551) ;
#9564=LINE('Line',#9561,#9563) ;
#9571=LINE('Line',#9568,#9570) ;
#9588=LINE('Line',#9585,#9587) ;
#9595=LINE('Line',#9592,#9594) ;
#9607=LINE('Line',#9604,#9606) ;
#9614=LINE('Line',#9611,#9613) ;
#9631=LINE('Line',#9628,#9630) ;
#9665=LINE('Line',#9662,#9664) ;
#9674=LINE('Line',#9671,#9673) ;
#9681=LINE('Line',#9678,#9680) ;
#9688=LINE('Line',#9685,#9687) ;
#9695=LINE('Line',#9692,#9694) ;
#9702=LINE('Line',#9699,#9701) ;
#9709=LINE('Line',#9706,#9708) ;
#9716=LINE('Line',#9713,#9715) ;
#9973=LINE('Line',#9970,#9972) ;
#9982=LINE('Line',#9979,#9981) ;
#9989=LINE('Line',#9986,#9988) ;
#9996=LINE('Line',#9993,#9995) ;
#10003=LINE('Line',#10000,#10002) ;
#10010=LINE('Line',#10007,#10009) ;
#10017=LINE('Line',#10014,#10016) ;
#10024=LINE('Line',#10021,#10023) ;
#10031=LINE('Line',#10028,#10030) ;
#10038=LINE('Line',#10035,#10037) ;
#10045=LINE('Line',#10042,#10044) ;
#10069=LINE('Line',#10066,#10068) ;
#10076=LINE('Line',#10073,#10075) ;
#10083=LINE('Line',#10080,#10082) ;
#10095=LINE('Line',#10092,#10094) ;
#10102=LINE('Line',#10099,#10101) ;
#10119=LINE('Line',#10116,#10118) ;
#10126=LINE('Line',#10123,#10125) ;
#10143=LINE('Line',#10140,#10142) ;
#10150=LINE('Line',#10147,#10149) ;
#10167=LINE('Line',#10164,#10166) ;
#10174=LINE('Line',#10171,#10173) ;
#10191=LINE('Line',#10188,#10190) ;
#10198=LINE('Line',#10195,#10197) ;
#10215=LINE('Line',#10212,#10214) ;
#10222=LINE('Line',#10219,#10221) ;
#10239=LINE('Line',#10236,#10238) ;
#10246=LINE('Line',#10243,#10245) ;
#10263=LINE('Line',#10260,#10262) ;
#10270=LINE('Line',#10267,#10269) ;
#10287=LINE('Line',#10284,#10286) ;
#10294=LINE('Line',#10291,#10293) ;
#10311=LINE('Line',#10308,#10310) ;
#10597=LINE('Line',#10594,#10596) ;
#10606=LINE('Line',#10603,#10605) ;
#10620=LINE('Line',#10617,#10619) ;
#10634=LINE('Line',#10631,#10633) ;
#10641=LINE('Line',#10638,#10640) ;
#10655=LINE('Line',#10652,#10654) ;
#10662=LINE('Line',#10659,#10661) ;
#10669=LINE('Line',#10666,#10668) ;
#10683=LINE('Line',#10680,#10682) ;
#10697=LINE('Line',#10694,#10696) ;
#10819=LINE('Line',#10816,#10818) ;
#10833=LINE('Line',#10830,#10832) ;
#10910=LINE('Line',#10907,#10909) ;
#10924=LINE('Line',#10921,#10923) ;
#11001=LINE('Line',#10998,#11000) ;
#11015=LINE('Line',#11012,#11014) ;
#11092=LINE('Line',#11089,#11091) ;
#11106=LINE('Line',#11103,#11105) ;
#11183=LINE('Line',#11180,#11182) ;
#11197=LINE('Line',#11194,#11196) ;
#11274=LINE('Line',#11271,#11273) ;
#11288=LINE('Line',#11285,#11287) ;
#11667=LINE('Line',#11664,#11666) ;
#11681=LINE('Line',#11678,#11680) ;
#11710=LINE('Line',#11707,#11709) ;
#11719=LINE('Line',#11716,#11718) ;
#11726=LINE('Line',#11723,#11725) ;
#11819=LINE('Line',#11816,#11818) ;
#11833=LINE('Line',#11830,#11832) ;
#11862=LINE('Line',#11859,#11861) ;
#11899=LINE('Line',#11896,#11898) ;
#11906=LINE('Line',#11903,#11905) ;
#11978=LINE('Line',#11975,#11977) ;
#12008=LINE('Line',#12005,#12007) ;
#12015=LINE('Line',#12012,#12014) ;
#12086=LINE('Line',#12083,#12085) ;
#12123=LINE('Line',#12120,#12122) ;
#12130=LINE('Line',#12127,#12129) ;
#12296=LINE('Line',#12293,#12295) ;
#12351=LINE('Line',#12348,#12350) ;
#12358=LINE('Line',#12355,#12357) ;
#12411=LINE('Line',#12408,#12410) ;
#12570=LINE('Line',#12567,#12569) ;
#12587=LINE('Line',#12584,#12586) ;
#12604=LINE('Line',#12601,#12603) ;
#12640=LINE('Line',#12637,#12639) ;
#12664=LINE('Line',#12661,#12663) ;
#12681=LINE('Line',#12678,#12680) ;
#12695=LINE('Line',#12692,#12694) ;
#12724=LINE('Line',#12721,#12723) ;
#12743=LINE('Line',#12740,#12742) ;
#12777=LINE('Line',#12774,#12776) ;
#12791=LINE('Line',#12788,#12790) ;
#13235=LINE('Line',#13232,#13234) ;
#13290=LINE('Line',#13287,#13289) ;
#13297=LINE('Line',#13294,#13296) ;
#13352=LINE('Line',#13349,#13351) ;
#13359=LINE('Line',#13356,#13358) ;
#13412=LINE('Line',#13409,#13411) ;
#13463=LINE('Line',#13460,#13462) ;
#13496=LINE('Line',#13493,#13495) ;
#13513=LINE('Line',#13510,#13512) ;
#13520=LINE('Line',#13517,#13519) ;
#13544=LINE('Line',#13541,#13543) ;
#13966=LINE('Line',#13963,#13965) ;
#14027=LINE('Line',#14024,#14026) ;
#14068=LINE('Line',#14065,#14067) ;
#14075=LINE('Line',#14072,#14074) ;
#14082=LINE('Line',#14079,#14081) ;
#14157=LINE('Line',#14154,#14156) ;
#14247=LINE('Line',#14244,#14246) ;
#14263=LINE('Line',#14260,#14262) ;
#2=MECHANICAL_CONTEXT(' ',#1,'mechanical') ;
#24=PERSONAL_ADDRESS(' ',' ',' ',' ',' ',' ',' ',' ',' ',' ',' ',' ',(#22),' ') ;
#118=PLANE('',#117) ;
#1231=PLANE('',#1230) ;
#1383=PLANE('',#1382) ;
#1499=PLANE('',#1498) ;
#1607=PLANE('',#1606) ;
#2125=PLANE('',#2124) ;
#3034=PLANE('',#3033) ;
#3589=PLANE('',#3588) ;
#3719=PLANE('',#3718) ;
#6455=PLANE('',#6454) ;
#6486=PLANE('',#6485) ;
#6510=PLANE('',#6509) ;
#6534=PLANE('',#6533) ;
#6558=PLANE('',#6557) ;
#6582=PLANE('',#6581) ;
#6606=PLANE('',#6605) ;
#6630=PLANE('',#6629) ;
#6654=PLANE('',#6653) ;
#6678=PLANE('',#6677) ;
#6702=PLANE('',#6701) ;
#6726=PLANE('',#6725) ;
#6750=PLANE('',#6749) ;
#7100=PLANE('',#7099) ;
#7131=PLANE('',#7130) ;
#7155=PLANE('',#7154) ;
#7179=PLANE('',#7178) ;
#7203=PLANE('',#7202) ;
#7227=PLANE('',#7226) ;
#7251=PLANE('',#7250) ;
#7275=PLANE('',#7274) ;
#7299=PLANE('',#7298) ;
#7323=PLANE('',#7322) ;
#7347=PLANE('',#7346) ;
#7371=PLANE('',#7370) ;
#7414=PLANE('',#7413) ;
#7438=PLANE('',#7437) ;
#7462=PLANE('',#7461) ;
#7486=PLANE('',#7485) ;
#7510=PLANE('',#7509) ;
#7534=PLANE('',#7533) ;
#7558=PLANE('',#7557) ;
#7582=PLANE('',#7581) ;
#7606=PLANE('',#7605) ;
#7630=PLANE('',#7629) ;
#8259=PLANE('',#8258) ;
#8283=PLANE('',#8282) ;
#8326=PLANE('',#8325) ;
#8369=PLANE('',#8368) ;
#8393=PLANE('',#8392) ;
#8436=PLANE('',#8435) ;
#8479=PLANE('',#8478) ;
#8503=PLANE('',#8502) ;
#8914=PLANE('',#8913) ;
#8938=PLANE('',#8937) ;
#8981=PLANE('',#8980) ;
#9005=PLANE('',#9004) ;
#9029=PLANE('',#9028) ;
#9053=PLANE('',#9052) ;
#9077=PLANE('',#9076) ;
#9101=PLANE('',#9100) ;
#9125=PLANE('',#9124) ;
#9149=PLANE('',#9148) ;
#9498=PLANE('',#9497) ;
#9522=PLANE('',#9521) ;
#9584=PLANE('',#9583) ;
#9627=PLANE('',#9626) ;
#9644=PLANE('',#9643) ;
#10065=PLANE('',#10064) ;
#10115=PLANE('',#10114) ;
#10139=PLANE('',#10138) ;
#10163=PLANE('',#10162) ;
#10187=PLANE('',#10186) ;
#10211=PLANE('',#10210) ;
#10235=PLANE('',#10234) ;
#10259=PLANE('',#10258) ;
#10283=PLANE('',#10282) ;
#10307=PLANE('',#10306) ;
#10593=PLANE('',#10592) ;
#11706=PLANE('',#11705) ;
#11858=PLANE('',#11857) ;
#11974=PLANE('',#11973) ;
#12082=PLANE('',#12081) ;
#12600=PLANE('',#12599) ;
#13509=PLANE('',#13508) ;
#14064=PLANE('',#14063) ;
#14194=PLANE('',#14193) ;
#14300=PLANE('',#14299) ;
#14324=PLANE('',#14323) ;
#14452=PLANE('',#14451) ;
#14476=PLANE('',#14475) ;
#43=PLANE_ANGLE_MEASURE_WITH_UNIT(PLANE_ANGLE_MEASURE(0.0174532925199),#42) ;
#7=PRODUCT_CATEGORY('part',$) ;
#9=PRODUCT_CATEGORY_RELATIONSHIP(' ',' ',#7,#8) ;
#6=PRODUCT_DEFINITION_FORMATION_WITH_SPECIFIED_SOURCE('',' ',#5,.NOT_KNOWN.) ;
#8=PRODUCT_RELATED_PRODUCT_CATEGORY('detail',$,(#5)) ;
#50=SHAPE_DEFINITION_REPRESENTATION(#40,#49) ;
#62=VERTEX_POINT('',#61) ;
#64=VERTEX_POINT('',#63) ;
#71=VERTEX_POINT('',#70) ;
#78=VERTEX_POINT('',#77) ;
#124=VERTEX_POINT('',#123) ;
#126=VERTEX_POINT('',#125) ;
#133=VERTEX_POINT('',#132) ;
#140=VERTEX_POINT('',#139) ;
#147=VERTEX_POINT('',#146) ;
#154=VERTEX_POINT('',#153) ;
#161=VERTEX_POINT('',#160) ;
#168=VERTEX_POINT('',#167) ;
#175=VERTEX_POINT('',#174) ;
#182=VERTEX_POINT('',#181) ;
#189=VERTEX_POINT('',#188) ;
#196=VERTEX_POINT('',#195) ;
#203=VERTEX_POINT('',#202) ;
#210=VERTEX_POINT('',#209) ;
#217=VERTEX_POINT('',#216) ;
#250=VERTEX_POINT('',#249) ;
#252=VERTEX_POINT('',#251) ;
#268=VERTEX_POINT('',#267) ;
#270=VERTEX_POINT('',#269) ;
#286=VERTEX_POINT('',#285) ;
#288=VERTEX_POINT('',#287) ;
#304=VERTEX_POINT('',#303) ;
#306=VERTEX_POINT('',#305) ;
#322=VERTEX_POINT('',#321) ;
#324=VERTEX_POINT('',#323) ;
#346=VERTEX_POINT('',#345) ;
#353=VERTEX_POINT('',#352) ;
#389=VERTEX_POINT('',#388) ;
#396=VERTEX_POINT('',#395) ;
#437=VERTEX_POINT('',#436) ;
#444=VERTEX_POINT('',#443) ;
#480=VERTEX_POINT('',#479) ;
#487=VERTEX_POINT('',#486) ;
#528=VERTEX_POINT('',#527) ;
#535=VERTEX_POINT('',#534) ;
#571=VERTEX_POINT('',#570) ;
#578=VERTEX_POINT('',#577) ;
#619=VERTEX_POINT('',#618) ;
#626=VERTEX_POINT('',#625) ;
#662=VERTEX_POINT('',#661) ;
#669=VERTEX_POINT('',#668) ;
#710=VERTEX_POINT('',#709) ;
#717=VERTEX_POINT('',#716) ;
#753=VERTEX_POINT('',#752) ;
#760=VERTEX_POINT('',#759) ;
#801=VERTEX_POINT('',#800) ;
#808=VERTEX_POINT('',#807) ;
#844=VERTEX_POINT('',#843) ;
#851=VERTEX_POINT('',#850) ;
#892=VERTEX_POINT('',#891) ;
#899=VERTEX_POINT('',#898) ;
#940=VERTEX_POINT('',#939) ;
#947=VERTEX_POINT('',#946) ;
#988=VERTEX_POINT('',#987) ;
#995=VERTEX_POINT('',#994) ;
#1036=VERTEX_POINT('',#1035) ;
#1043=VERTEX_POINT('',#1042) ;
#1084=VERTEX_POINT('',#1083) ;
#1091=VERTEX_POINT('',#1090) ;
#1132=VERTEX_POINT('',#1131) ;
#1134=VERTEX_POINT('',#1133) ;
#1141=VERTEX_POINT('',#1140) ;
#1148=VERTEX_POINT('',#1147) ;
#1194=VERTEX_POINT('',#1193) ;
#1201=VERTEX_POINT('',#1200) ;
#1237=VERTEX_POINT('',#1236) ;
#1239=VERTEX_POINT('',#1238) ;
#1246=VERTEX_POINT('',#1245) ;
#1253=VERTEX_POINT('',#1252) ;
#1260=VERTEX_POINT('',#1259) ;
#1289=VERTEX_POINT('',#1288) ;
#1291=VERTEX_POINT('',#1290) ;
#1298=VERTEX_POINT('',#1297) ;
#1305=VERTEX_POINT('',#1304) ;
#1346=VERTEX_POINT('',#1345) ;
#1353=VERTEX_POINT('',#1352) ;
#1389=VERTEX_POINT('',#1388) ;
#1391=VERTEX_POINT('',#1390) ;
#1398=VERTEX_POINT('',#1397) ;
#1405=VERTEX_POINT('',#1404) ;
#1412=VERTEX_POINT('',#1411) ;
#1419=VERTEX_POINT('',#1418) ;
#1426=VERTEX_POINT('',#1425) ;
#1457=VERTEX_POINT('',#1456) ;
#1464=VERTEX_POINT('',#1463) ;
#1505=VERTEX_POINT('',#1504) ;
#1507=VERTEX_POINT('',#1506) ;
#1514=VERTEX_POINT('',#1513) ;
#1521=VERTEX_POINT('',#1520) ;
#1528=VERTEX_POINT('',#1527) ;
#1535=VERTEX_POINT('',#1534) ;
#1565=VERTEX_POINT('',#1564) ;
#1572=VERTEX_POINT('',#1571) ;
#1613=VERTEX_POINT('',#1612) ;
#1615=VERTEX_POINT('',#1614) ;
#1622=VERTEX_POINT('',#1621) ;
#1629=VERTEX_POINT('',#1628) ;
#1636=VERTEX_POINT('',#1635) ;
#1643=VERTEX_POINT('',#1642) ;
#1650=VERTEX_POINT('',#1649) ;
#1686=VERTEX_POINT('',#1685) ;
#1727=VERTEX_POINT('',#1726) ;
#1751=VERTEX_POINT('',#1750) ;
#1775=VERTEX_POINT('',#1774) ;
#1799=VERTEX_POINT('',#1798) ;
#1823=VERTEX_POINT('',#1822) ;
#1847=VERTEX_POINT('',#1846) ;
#1849=VERTEX_POINT('',#1848) ;
#1878=VERTEX_POINT('',#1877) ;
#1880=VERTEX_POINT('',#1879) ;
#1909=VERTEX_POINT('',#1908) ;
#1938=VERTEX_POINT('',#1937) ;
#1962=VERTEX_POINT('',#1961) ;
#1986=VERTEX_POINT('',#1985) ;
#2010=VERTEX_POINT('',#2009) ;
#2073=VERTEX_POINT('',#2072) ;
#2160=VERTEX_POINT('',#2159) ;
#2184=VERTEX_POINT('',#2183) ;
#2208=VERTEX_POINT('',#2207) ;
#2215=VERTEX_POINT('',#2214) ;
#2251=VERTEX_POINT('',#2250) ;
#2272=VERTEX_POINT('',#2271) ;
#2279=VERTEX_POINT('',#2278) ;
#2304=VERTEX_POINT('',#2303) ;
#2311=VERTEX_POINT('',#2310) ;
#2330=VERTEX_POINT('',#2329) ;
#2738=VERTEX_POINT('',#2737) ;
#2762=VERTEX_POINT('',#2761) ;
#2786=VERTEX_POINT('',#2785) ;
#2788=VERTEX_POINT('',#2787) ;
#2817=VERTEX_POINT('',#2816) ;
#2819=VERTEX_POINT('',#2818) ;
#2848=VERTEX_POINT('',#2847) ;
#2850=VERTEX_POINT('',#2849) ;
#2879=VERTEX_POINT('',#2878) ;
#2881=VERTEX_POINT('',#2880) ;
#2910=VERTEX_POINT('',#2909) ;
#3016=VERTEX_POINT('',#3015) ;
#3040=VERTEX_POINT('',#3039) ;
#3064=VERTEX_POINT('',#3063) ;
#3129=VERTEX_POINT('',#3128) ;
#3390=VERTEX_POINT('',#3389) ;
#3493=VERTEX_POINT('',#3492) ;
#3530=VERTEX_POINT('',#3529) ;
#3554=VERTEX_POINT('',#3553) ;
#3595=VERTEX_POINT('',#3594) ;
#3602=VERTEX_POINT('',#3601) ;
#3660=VERTEX_POINT('',#3659) ;
#3684=VERTEX_POINT('',#3683) ;
#3725=VERTEX_POINT('',#3724) ;
#3727=VERTEX_POINT('',#3726) ;
#3734=VERTEX_POINT('',#3733) ;
#3741=VERTEX_POINT('',#3740) ;
#3748=VERTEX_POINT('',#3747) ;
#3755=VERTEX_POINT('',#3754) ;
#3762=VERTEX_POINT('',#3761) ;
#3769=VERTEX_POINT('',#3768) ;
#3776=VERTEX_POINT('',#3775) ;
#3783=VERTEX_POINT('',#3782) ;
#3790=VERTEX_POINT('',#3789) ;
#3797=VERTEX_POINT('',#3796) ;
#3804=VERTEX_POINT('',#3803) ;
#3839=VERTEX_POINT('',#3838) ;
#3847=VERTEX_POINT('',#3846) ;
#3883=VERTEX_POINT('',#3882) ;
#3908=VERTEX_POINT('',#3907) ;
#3934=VERTEX_POINT('',#3933) ;
#3959=VERTEX_POINT('',#3958) ;
#3985=VERTEX_POINT('',#3984) ;
#4024=VERTEX_POINT('',#4023) ;
#4049=VERTEX_POINT('',#4048) ;
#4074=VERTEX_POINT('',#4073) ;
#4113=VERTEX_POINT('',#4112) ;
#4138=VERTEX_POINT('',#4137) ;
#4163=VERTEX_POINT('',#4162) ;
#4206=VERTEX_POINT('',#4205) ;
#4208=VERTEX_POINT('',#4207) ;
#4215=VERTEX_POINT('',#4214) ;
#4223=VERTEX_POINT('',#4222) ;
#4249=VERTEX_POINT('',#4248) ;
#4251=VERTEX_POINT('',#4250) ;
#4281=VERTEX_POINT('',#4280) ;
#4283=VERTEX_POINT('',#4282) ;
#4314=VERTEX_POINT('',#4313) ;
#4316=VERTEX_POINT('',#4315) ;
#4346=VERTEX_POINT('',#4345) ;
#4348=VERTEX_POINT('',#4347) ;
#4379=VERTEX_POINT('',#4378) ;
#4381=VERTEX_POINT('',#4380) ;
#4412=VERTEX_POINT('',#4411) ;
#4414=VERTEX_POINT('',#4413) ;
#4444=VERTEX_POINT('',#4443) ;
#4446=VERTEX_POINT('',#4445) ;
#4477=VERTEX_POINT('',#4476) ;
#4479=VERTEX_POINT('',#4478) ;
#4510=VERTEX_POINT('',#4509) ;
#4512=VERTEX_POINT('',#4511) ;
#4542=VERTEX_POINT('',#4541) ;
#4544=VERTEX_POINT('',#4543) ;
#4575=VERTEX_POINT('',#4574) ;
#4577=VERTEX_POINT('',#4576) ;
#4638=VERTEX_POINT('',#4637) ;
#4640=VERTEX_POINT('',#4639) ;
#4647=VERTEX_POINT('',#4646) ;
#4654=VERTEX_POINT('',#4653) ;
#4661=VERTEX_POINT('',#4660) ;
#4668=VERTEX_POINT('',#4667) ;
#4675=VERTEX_POINT('',#4674) ;
#4682=VERTEX_POINT('',#4681) ;
#4689=VERTEX_POINT('',#4688) ;
#4696=VERTEX_POINT('',#4695) ;
#4703=VERTEX_POINT('',#4702) ;
#4736=VERTEX_POINT('',#4735) ;
#4743=VERTEX_POINT('',#4742) ;
#4770=VERTEX_POINT('',#4769) ;
#4795=VERTEX_POINT('',#4794) ;
#4821=VERTEX_POINT('',#4820) ;
#4847=VERTEX_POINT('',#4846) ;
#4872=VERTEX_POINT('',#4871) ;
#4897=VERTEX_POINT('',#4896) ;
#4923=VERTEX_POINT('',#4922) ;
#4949=VERTEX_POINT('',#4948) ;
#4975=VERTEX_POINT('',#4974) ;
#5011=VERTEX_POINT('',#5010) ;
#5013=VERTEX_POINT('',#5012) ;
#5020=VERTEX_POINT('',#5019) ;
#5027=VERTEX_POINT('',#5026) ;
#5034=VERTEX_POINT('',#5033) ;
#5041=VERTEX_POINT('',#5040) ;
#5048=VERTEX_POINT('',#5047) ;
#5055=VERTEX_POINT('',#5054) ;
#5062=VERTEX_POINT('',#5061) ;
#5069=VERTEX_POINT('',#5068) ;
#5076=VERTEX_POINT('',#5075) ;
#5083=VERTEX_POINT('',#5082) ;
#5090=VERTEX_POINT('',#5089) ;
#5097=VERTEX_POINT('',#5096) ;
#5104=VERTEX_POINT('',#5103) ;
#5111=VERTEX_POINT('',#5110) ;
#5118=VERTEX_POINT('',#5117) ;
#5125=VERTEX_POINT('',#5124) ;
#5132=VERTEX_POINT('',#5131) ;
#5139=VERTEX_POINT('',#5138) ;
#5146=VERTEX_POINT('',#5145) ;
#5153=VERTEX_POINT('',#5152) ;
#5160=VERTEX_POINT('',#5159) ;
#5205=VERTEX_POINT('',#5204) ;
#5213=VERTEX_POINT('',#5212) ;
#5238=VERTEX_POINT('',#5237) ;
#5264=VERTEX_POINT('',#5263) ;
#5289=VERTEX_POINT('',#5288) ;
#5315=VERTEX_POINT('',#5314) ;
#5340=VERTEX_POINT('',#5339) ;
#5366=VERTEX_POINT('',#5365) ;
#5392=VERTEX_POINT('',#5391) ;
#5417=VERTEX_POINT('',#5416) ;
#5443=VERTEX_POINT('',#5442) ;
#5469=VERTEX_POINT('',#5468) ;
#5494=VERTEX_POINT('',#5493) ;
#5519=VERTEX_POINT('',#5518) ;
#5545=VERTEX_POINT('',#5544) ;
#5570=VERTEX_POINT('',#5569) ;
#5596=VERTEX_POINT('',#5595) ;
#5621=VERTEX_POINT('',#5620) ;
#5647=VERTEX_POINT('',#5646) ;
#5673=VERTEX_POINT('',#5672) ;
#5699=VERTEX_POINT('',#5698) ;
#5725=VERTEX_POINT('',#5724) ;
#5750=VERTEX_POINT('',#5749) ;
#5786=VERTEX_POINT('',#5785) ;
#5788=VERTEX_POINT('',#5787) ;
#5795=VERTEX_POINT('',#5794) ;
#5802=VERTEX_POINT('',#5801) ;
#5809=VERTEX_POINT('',#5808) ;
#5816=VERTEX_POINT('',#5815) ;
#5823=VERTEX_POINT('',#5822) ;
#5830=VERTEX_POINT('',#5829) ;
#5837=VERTEX_POINT('',#5836) ;
#5844=VERTEX_POINT('',#5843) ;
#5851=VERTEX_POINT('',#5850) ;
#5858=VERTEX_POINT('',#5857) ;
#5892=VERTEX_POINT('',#5891) ;
#5900=VERTEX_POINT('',#5899) ;
#5925=VERTEX_POINT('',#5924) ;
#5950=VERTEX_POINT('',#5949) ;
#5975=VERTEX_POINT('',#5974) ;
#6000=VERTEX_POINT('',#5999) ;
#6025=VERTEX_POINT('',#6024) ;
#6050=VERTEX_POINT('',#6049) ;
#6075=VERTEX_POINT('',#6074) ;
#6101=VERTEX_POINT('',#6100) ;
#6126=VERTEX_POINT('',#6125) ;
#6151=VERTEX_POINT('',#6150) ;
#6187=VERTEX_POINT('',#6186) ;
#6189=VERTEX_POINT('',#6188) ;
#6196=VERTEX_POINT('',#6195) ;
#6203=VERTEX_POINT('',#6202) ;
#6210=VERTEX_POINT('',#6209) ;
#6217=VERTEX_POINT('',#6216) ;
#6224=VERTEX_POINT('',#6223) ;
#6231=VERTEX_POINT('',#6230) ;
#6261=VERTEX_POINT('',#6260) ;
#6269=VERTEX_POINT('',#6268) ;
#6294=VERTEX_POINT('',#6293) ;
#6320=VERTEX_POINT('',#6319) ;
#6345=VERTEX_POINT('',#6344) ;
#6370=VERTEX_POINT('',#6369) ;
#6395=VERTEX_POINT('',#6394) ;
#6420=VERTEX_POINT('',#6419) ;
#6461=VERTEX_POINT('',#6460) ;
#6468=VERTEX_POINT('',#6467) ;
#6492=VERTEX_POINT('',#6491) ;
#6516=VERTEX_POINT('',#6515) ;
#6540=VERTEX_POINT('',#6539) ;
#6564=VERTEX_POINT('',#6563) ;
#6588=VERTEX_POINT('',#6587) ;
#6612=VERTEX_POINT('',#6611) ;
#6636=VERTEX_POINT('',#6635) ;
#6660=VERTEX_POINT('',#6659) ;
#6684=VERTEX_POINT('',#6683) ;
#6708=VERTEX_POINT('',#6707) ;
#6732=VERTEX_POINT('',#6731) ;
#6773=VERTEX_POINT('',#6772) ;
#6775=VERTEX_POINT('',#6774) ;
#6808=VERTEX_POINT('',#6807) ;
#6833=VERTEX_POINT('',#6832) ;
#6858=VERTEX_POINT('',#6857) ;
#6884=VERTEX_POINT('',#6883) ;
#6909=VERTEX_POINT('',#6908) ;
#6935=VERTEX_POINT('',#6934) ;
#6961=VERTEX_POINT('',#6960) ;
#6986=VERTEX_POINT('',#6985) ;
#7012=VERTEX_POINT('',#7011) ;
#7038=VERTEX_POINT('',#7037) ;
#7063=VERTEX_POINT('',#7062) ;
#7106=VERTEX_POINT('',#7105) ;
#7113=VERTEX_POINT('',#7112) ;
#7137=VERTEX_POINT('',#7136) ;
#7161=VERTEX_POINT('',#7160) ;
#7185=VERTEX_POINT('',#7184) ;
#7209=VERTEX_POINT('',#7208) ;
#7233=VERTEX_POINT('',#7232) ;
#7257=VERTEX_POINT('',#7256) ;
#7281=VERTEX_POINT('',#7280) ;
#7305=VERTEX_POINT('',#7304) ;
#7329=VERTEX_POINT('',#7328) ;
#7353=VERTEX_POINT('',#7352) ;
#7377=VERTEX_POINT('',#7376) ;
#7396=VERTEX_POINT('',#7395) ;
#7420=VERTEX_POINT('',#7419) ;
#7444=VERTEX_POINT('',#7443) ;
#7468=VERTEX_POINT('',#7467) ;
#7492=VERTEX_POINT('',#7491) ;
#7516=VERTEX_POINT('',#7515) ;
#7540=VERTEX_POINT('',#7539) ;
#7564=VERTEX_POINT('',#7563) ;
#7588=VERTEX_POINT('',#7587) ;
#7612=VERTEX_POINT('',#7611) ;
#7653=VERTEX_POINT('',#7652) ;
#7655=VERTEX_POINT('',#7654) ;
#7687=VERTEX_POINT('',#7686) ;
#7712=VERTEX_POINT('',#7711) ;
#7737=VERTEX_POINT('',#7736) ;
#7762=VERTEX_POINT('',#7761) ;
#7787=VERTEX_POINT('',#7786) ;
#7812=VERTEX_POINT('',#7811) ;
#7838=VERTEX_POINT('',#7837) ;
#7863=VERTEX_POINT('',#7862) ;
#7889=VERTEX_POINT('',#7888) ;
#7915=VERTEX_POINT('',#7914) ;
#7940=VERTEX_POINT('',#7939) ;
#7966=VERTEX_POINT('',#7965) ;
#7991=VERTEX_POINT('',#7990) ;
#8016=VERTEX_POINT('',#8015) ;
#8041=VERTEX_POINT('',#8040) ;
#8067=VERTEX_POINT('',#8066) ;
#8093=VERTEX_POINT('',#8092) ;
#8119=VERTEX_POINT('',#8118) ;
#8145=VERTEX_POINT('',#8144) ;
#8171=VERTEX_POINT('',#8170) ;
#8196=VERTEX_POINT('',#8195) ;
#8234=VERTEX_POINT('',#8233) ;
#8241=VERTEX_POINT('',#8240) ;
#8265=VERTEX_POINT('',#8264) ;
#8289=VERTEX_POINT('',#8288) ;
#8308=VERTEX_POINT('',#8307) ;
#8332=VERTEX_POINT('',#8331) ;
#8351=VERTEX_POINT('',#8350) ;
#8375=VERTEX_POINT('',#8374) ;
#8399=VERTEX_POINT('',#8398) ;
#8418=VERTEX_POINT('',#8417) ;
#8442=VERTEX_POINT('',#8441) ;
#8461=VERTEX_POINT('',#8460) ;
#8485=VERTEX_POINT('',#8484) ;
#8526=VERTEX_POINT('',#8525) ;
#8528=VERTEX_POINT('',#8527) ;
#8560=VERTEX_POINT('',#8559) ;
#8585=VERTEX_POINT('',#8584) ;
#8611=VERTEX_POINT('',#8610) ;
#8647=VERTEX_POINT('',#8646) ;
#8672=VERTEX_POINT('',#8671) ;
#8698=VERTEX_POINT('',#8697) ;
#8723=VERTEX_POINT('',#8722) ;
#8749=VERTEX_POINT('',#8748) ;
#8788=VERTEX_POINT('',#8787) ;
#8813=VERTEX_POINT('',#8812) ;
#8838=VERTEX_POINT('',#8837) ;
#8889=VERTEX_POINT('',#8888) ;
#8896=VERTEX_POINT('',#8895) ;
#8920=VERTEX_POINT('',#8919) ;
#8944=VERTEX_POINT('',#8943) ;
#8963=VERTEX_POINT('',#8962) ;
#8987=VERTEX_POINT('',#8986) ;
#9011=VERTEX_POINT('',#9010) ;
#9035=VERTEX_POINT('',#9034) ;
#9059=VERTEX_POINT('',#9058) ;
#9083=VERTEX_POINT('',#9082) ;
#9107=VERTEX_POINT('',#9106) ;
#9131=VERTEX_POINT('',#9130) ;
#9172=VERTEX_POINT('',#9171) ;
#9174=VERTEX_POINT('',#9173) ;
#9206=VERTEX_POINT('',#9205) ;
#9231=VERTEX_POINT('',#9230) ;
#9257=VERTEX_POINT('',#9256) ;
#9282=VERTEX_POINT('',#9281) ;
#9307=VERTEX_POINT('',#9306) ;
#9333=VERTEX_POINT('',#9332) ;
#9359=VERTEX_POINT('',#9358) ;
#9384=VERTEX_POINT('',#9383) ;
#9409=VERTEX_POINT('',#9408) ;
#9435=VERTEX_POINT('',#9434) ;
#9473=VERTEX_POINT('',#9472) ;
#9480=VERTEX_POINT('',#9479) ;
#9504=VERTEX_POINT('',#9503) ;
#9528=VERTEX_POINT('',#9527) ;
#9547=VERTEX_POINT('',#9546) ;
#9566=VERTEX_POINT('',#9565) ;
#9590=VERTEX_POINT('',#9589) ;
#9609=VERTEX_POINT('',#9608) ;
#9667=VERTEX_POINT('',#9666) ;
#9669=VERTEX_POINT('',#9668) ;
#9676=VERTEX_POINT('',#9675) ;
#9683=VERTEX_POINT('',#9682) ;
#9690=VERTEX_POINT('',#9689) ;
#9697=VERTEX_POINT('',#9696) ;
#9704=VERTEX_POINT('',#9703) ;
#9711=VERTEX_POINT('',#9710) ;
#9975=VERTEX_POINT('',#9974) ;
#9977=VERTEX_POINT('',#9976) ;
#9984=VERTEX_POINT('',#9983) ;
#9991=VERTEX_POINT('',#9990) ;
#9998=VERTEX_POINT('',#9997) ;
#10005=VERTEX_POINT('',#10004) ;
#10012=VERTEX_POINT('',#10011) ;
#10019=VERTEX_POINT('',#10018) ;
#10026=VERTEX_POINT('',#10025) ;
#10033=VERTEX_POINT('',#10032) ;
#10040=VERTEX_POINT('',#10039) ;
#10071=VERTEX_POINT('',#10070) ;
#10078=VERTEX_POINT('',#10077) ;
#10097=VERTEX_POINT('',#10096) ;
#10121=VERTEX_POINT('',#10120) ;
#10145=VERTEX_POINT('',#10144) ;
#10169=VERTEX_POINT('',#10168) ;
#10193=VERTEX_POINT('',#10192) ;
#10217=VERTEX_POINT('',#10216) ;
#10241=VERTEX_POINT('',#10240) ;
#10265=VERTEX_POINT('',#10264) ;
#10289=VERTEX_POINT('',#10288) ;
#10537=VERTEX_POINT('',#10536) ;
#10539=VERTEX_POINT('',#10538) ;
#10546=VERTEX_POINT('',#10545) ;
#10553=VERTEX_POINT('',#10552) ;
#10599=VERTEX_POINT('',#10598) ;
#10601=VERTEX_POINT('',#10600) ;
#10608=VERTEX_POINT('',#10607) ;
#10615=VERTEX_POINT('',#10614) ;
#10622=VERTEX_POINT('',#10621) ;
#10629=VERTEX_POINT('',#10628) ;
#10636=VERTEX_POINT('',#10635) ;
#10643=VERTEX_POINT('',#10642) ;
#10650=VERTEX_POINT('',#10649) ;
#10657=VERTEX_POINT('',#10656) ;
#10664=VERTEX_POINT('',#10663) ;
#10671=VERTEX_POINT('',#10670) ;
#10678=VERTEX_POINT('',#10677) ;
#10685=VERTEX_POINT('',#10684) ;
#10692=VERTEX_POINT('',#10691) ;
#10725=VERTEX_POINT('',#10724) ;
#10727=VERTEX_POINT('',#10726) ;
#10743=VERTEX_POINT('',#10742) ;
#10745=VERTEX_POINT('',#10744) ;
#10761=VERTEX_POINT('',#10760) ;
#10763=VERTEX_POINT('',#10762) ;
#10779=VERTEX_POINT('',#10778) ;
#10781=VERTEX_POINT('',#10780) ;
#10797=VERTEX_POINT('',#10796) ;
#10799=VERTEX_POINT('',#10798) ;
#10821=VERTEX_POINT('',#10820) ;
#10828=VERTEX_POINT('',#10827) ;
#10864=VERTEX_POINT('',#10863) ;
#10871=VERTEX_POINT('',#10870) ;
#10912=VERTEX_POINT('',#10911) ;
#10919=VERTEX_POINT('',#10918) ;
#10955=VERTEX_POINT('',#10954) ;
#10962=VERTEX_POINT('',#10961) ;
#11003=VERTEX_POINT('',#11002) ;
#11010=VERTEX_POINT('',#11009) ;
#11046=VERTEX_POINT('',#11045) ;
#11053=VERTEX_POINT('',#11052) ;
#11094=VERTEX_POINT('',#11093) ;
#11101=VERTEX_POINT('',#11100) ;
#11137=VERTEX_POINT('',#11136) ;
#11144=VERTEX_POINT('',#11143) ;
#11185=VERTEX_POINT('',#11184) ;
#11192=VERTEX_POINT('',#11191) ;
#11228=VERTEX_POINT('',#11227) ;
#11235=VERTEX_POINT('',#11234) ;
#11276=VERTEX_POINT('',#11275) ;
#11283=VERTEX_POINT('',#11282) ;
#11319=VERTEX_POINT('',#11318) ;
#11326=VERTEX_POINT('',#11325) ;
#11367=VERTEX_POINT('',#11366) ;
#11374=VERTEX_POINT('',#11373) ;
#11415=VERTEX_POINT('',#11414) ;
#11422=VERTEX_POINT('',#11421) ;
#11463=VERTEX_POINT('',#11462) ;
#11470=VERTEX_POINT('',#11469) ;
#11511=VERTEX_POINT('',#11510) ;
#11518=VERTEX_POINT('',#11517) ;
#11559=VERTEX_POINT('',#11558) ;
#11566=VERTEX_POINT('',#11565) ;
#11607=VERTEX_POINT('',#11606) ;
#11609=VERTEX_POINT('',#11608) ;
#11616=VERTEX_POINT('',#11615) ;
#11623=VERTEX_POINT('',#11622) ;
#11669=VERTEX_POINT('',#11668) ;
#11676=VERTEX_POINT('',#11675) ;
#11712=VERTEX_POINT('',#11711) ;
#11714=VERTEX_POINT('',#11713) ;
#11721=VERTEX_POINT('',#11720) ;
#11728=VERTEX_POINT('',#11727) ;
#11735=VERTEX_POINT('',#11734) ;
#11764=VERTEX_POINT('',#11763) ;
#11766=VERTEX_POINT('',#11765) ;
#11773=VERTEX_POINT('',#11772) ;
#11780=VERTEX_POINT('',#11779) ;
#11821=VERTEX_POINT('',#11820) ;
#11828=VERTEX_POINT('',#11827) ;
#11864=VERTEX_POINT('',#11863) ;
#11866=VERTEX_POINT('',#11865) ;
#11873=VERTEX_POINT('',#11872) ;
#11880=VERTEX_POINT('',#11879) ;
#11887=VERTEX_POINT('',#11886) ;
#11894=VERTEX_POINT('',#11893) ;
#11901=VERTEX_POINT('',#11900) ;
#11932=VERTEX_POINT('',#11931) ;
#11939=VERTEX_POINT('',#11938) ;
#11980=VERTEX_POINT('',#11979) ;
#11982=VERTEX_POINT('',#11981) ;
#11989=VERTEX_POINT('',#11988) ;
#11996=VERTEX_POINT('',#11995) ;
#12003=VERTEX_POINT('',#12002) ;
#12010=VERTEX_POINT('',#12009) ;
#12040=VERTEX_POINT('',#12039) ;
#12047=VERTEX_POINT('',#12046) ;
#12088=VERTEX_POINT('',#12087) ;
#12090=VERTEX_POINT('',#12089) ;
#12097=VERTEX_POINT('',#12096) ;
#12104=VERTEX_POINT('',#12103) ;
#12111=VERTEX_POINT('',#12110) ;
#12118=VERTEX_POINT('',#12117) ;
#12125=VERTEX_POINT('',#12124) ;
#12156=VERTEX_POINT('',#12155) ;
#12202=VERTEX_POINT('',#12201) ;
#12226=VERTEX_POINT('',#12225) ;
#12250=VERTEX_POINT('',#12249) ;
#12274=VERTEX_POINT('',#12273) ;
#12298=VERTEX_POINT('',#12297) ;
#12322=VERTEX_POINT('',#12321) ;
#12329=VERTEX_POINT('',#12328) ;
#12353=VERTEX_POINT('',#12352) ;
#12360=VERTEX_POINT('',#12359) ;
#12389=VERTEX_POINT('',#12388) ;
#12413=VERTEX_POINT('',#12412) ;
#12437=VERTEX_POINT('',#12436) ;
#12461=VERTEX_POINT('',#12460) ;
#12485=VERTEX_POINT('',#12484) ;
#12548=VERTEX_POINT('',#12547) ;
#12635=VERTEX_POINT('',#12634) ;
#12659=VERTEX_POINT('',#12658) ;
#12683=VERTEX_POINT('',#12682) ;
#12690=VERTEX_POINT('',#12689) ;
#12726=VERTEX_POINT('',#12725) ;
#12745=VERTEX_POINT('',#12744) ;
#12752=VERTEX_POINT('',#12751) ;
#12779=VERTEX_POINT('',#12778) ;
#12786=VERTEX_POINT('',#12785) ;
#12807=VERTEX_POINT('',#12806) ;
#13213=VERTEX_POINT('',#13212) ;
#13237=VERTEX_POINT('',#13236) ;
#13261=VERTEX_POINT('',#13260) ;
#13268=VERTEX_POINT('',#13267) ;
#13292=VERTEX_POINT('',#13291) ;
#13299=VERTEX_POINT('',#13298) ;
#13323=VERTEX_POINT('',#13322) ;
#13330=VERTEX_POINT('',#13329) ;
#13354=VERTEX_POINT('',#13353) ;
#13361=VERTEX_POINT('',#13360) ;
#13390=VERTEX_POINT('',#13389) ;
#13491=VERTEX_POINT('',#13490) ;
#13515=VERTEX_POINT('',#13514) ;
#13539=VERTEX_POINT('',#13538) ;
#13584=VERTEX_POINT('',#13583) ;
#13819=VERTEX_POINT('',#13818) ;
#13968=VERTEX_POINT('',#13967) ;
#14005=VERTEX_POINT('',#14004) ;
#14029=VERTEX_POINT('',#14028) ;
#14070=VERTEX_POINT('',#14069) ;
#14077=VERTEX_POINT('',#14076) ;
#14135=VERTEX_POINT('',#14134) ;
#14159=VERTEX_POINT('',#14158) ;
#14249=VERTEX_POINT('',#14248) ;
#14251=VERTEX_POINT('',#14250) ;
#14258=VERTEX_POINT('',#14257) ;
#14265=VERTEX_POINT('',#14264) ;
#14306=VERTEX_POINT('',#14305) ;
#14308=VERTEX_POINT('',#14307) ;
#14330=VERTEX_POINT('',#14329) ;
#14332=VERTEX_POINT('',#14331) ;
#14376=VERTEX_POINT('',#14375) ;
#14383=VERTEX_POINT('',#14382) ;
#14458=VERTEX_POINT('',#14457) ;
#14460=VERTEX_POINT('',#14459) ;
#14500=VERTEX_POINT('',#14499) ;
#14502=VERTEX_POINT('',#14501) ;
#14528=VERTEX_POINT('',#14527) ;
#14530=VERTEX_POINT('',#14529) ;
#41=(LENGTH_UNIT()NAMED_UNIT(*)SI_UNIT(.MILLI.,.METRE.)) ;
#42=(NAMED_UNIT(*)PLANE_ANGLE_UNIT()SI_UNIT($,.RADIAN.)) ;
#44=(NAMED_UNIT(*)SI_UNIT($,.STERADIAN.)SOLID_ANGLE_UNIT()) ;
#46=(GEOMETRIC_REPRESENTATION_CONTEXT(3)GLOBAL_UNCERTAINTY_ASSIGNED_CONTEXT((#45))GLOBAL_UNIT_ASSIGNED_CONTEXT((#41,#42,#44))REPRESENTATION_CONTEXT(' ',' ')) ;
ENDSEC;
END-ISO-10303-21;
